appId,title,score,genre,price,free,description,developer,installs,keyword,country,uncleaned_LLM_features,features_processed,consolidated_features,AI_maturity
com.modernizingmedicine.patientportal,APPatient,3.4458203,Medical,0,TRUE,"Welcome to APPatient™, the end-to-end patient engagement app created for Modernizing Medicine® patients and providers.

APPatient™ is a mobile, fully-functional patient engagement app that can help both patients and providers save time. Patients can access telehealth and information, and push notifications can keep them up to date on primary medical concerns.  Practices with Premium Patient Connect can take advantage of 24-hour online check-in, expediting intake paperwork. It can also help providers treat patients on the go.

APPatient Patient Benefits:

- Chat allows you to communicate with your healthcare team.
- Request prescription refills from your phone.
- Access your medical records on the go.

APPatient Provider Benefits:

- Allows patients to access their healthcare records directly.
- Communicate with patients.
- Access patient information stored in EMA® from your phone.
- Lab and test results can be accessed by patients.
- Use your existing Patient Portal username and password to log in. 

For log in assistance, please contact your physician’s office.",ModMed,"1,000,000+",Patient engagement,us,"['chat with healthcare team', 'request prescription refills', 'access medical records', '24-hour online check-in', 'expedited intake paperwork', 'communicate with patients', 'access patient information', 'view lab and test results', 'log in with patient portal credentials']","['chat healthcare team', 'request prescription refill', 'access medical record', '24hour online checkin', 'expedited intake paperwork', 'communicate patient', 'access patient information', 'view lab test result', 'log patient portal credential']","['request prescription refill', 'access medical record', 'communicate patient', '24hour online checkin', 'chat healthcare team', 'log patient portal credential', 'expedited intake paperwork', 'view lab test result']",1
com.internetbrands.patientengage,Patient Engage Mobile,4.6,Medical,0,TRUE,"Patient Engage Mobile lets you easily manage and run your business from anywhere with instant access to your most valuable information: clients, schedule, appointment requests, and two-way text conversations. 
 
The app automatically syncs to your practice management system and Patient Engage portal, giving you all the information and tools you need to seamlessly manage your business right from your smartphone. 
 
The mobile app is free for all Patient Engage customers. All you need is your Patient Engage username and password to get started. 
 
Patient Engage Mobile key features:

1. Set and confirm appointments from anywhere
2. Search for clients and view their personal details, appointment history, communication preferences & more
3. View, accept and/or reschedule appointment requests
4. Send secure messages to clients without leaving the app
5. Text back and forth with clients in the app using your business phone number
6. Target messages to clients with appointments in a specified date range",MH Sub I LLC,"1,000+",Patient engagement,us,"['set and confirm appointments', 'search client details', 'view appointment requests', 'send secure messages', 'text with clients', 'targeted messaging']","['set confirm appointment', 'search client detail', 'view appointment request', 'send secure message', 'text client', 'targeted messaging']","['targeted messaging', 'search client detail', 'send secure message', 'text client', 'view appointment request', 'set confirm appointment']",1
com.mdsol.aquila,Patient Cloud,4.3168316,Health & Fitness,0,TRUE,"Medidata Patient Cloud eCOA provides a single app for ePRO, ClinROs and site mode functionality to better integrate workflows. It changes the information flow and management of patient engagement for patients, clinical researchers, and healthcare professionals. A single app for all users enables clinicians and investigators to assist patients with accessing PRO instruments where appropriate.

Patients: Download Patient Cloud eCOA app for free, receive an invitation from your doctor and you can participate in a clinical trial — it's that easy! Patient Cloud eCOA lets you answer clinical trial questionnaires from the comfort of your own home, or wherever is convenient for you. 

Healthcare professionals: Patient Cloud eCOA allows you to invite patients to your studies and have them provide health data using their mobile devices. Patient Cloud eCOA simplifies the patient reported component of your clinical trials. 

Clinical Researchers: Patient Cloud eCOA is part of the Medidata platform, including Medidata Rave®.  It frees you from reliance on proprietary devices and reduces study setup time and effort.  By leveraging Rave, you can build your own questionnaires and easily make them available for patients. Entered data is accessible to you and your partners immediately. As part of the Medidata platform, the full functionality of the platform is at your fingertips. 

Contact Medidata Solutions today to get started right away!",Medidata Solutions,"100,000+",Patient engagement,us,"['download patient data', 'answer clinical trial questionnaires', 'invite patients to studies', 'provide health data', 'simplify patient reported component', 'build own questionnaires', 'make questionnaires available', 'access entered data', 'reduce study setup time', 'free from proprietary devices']","['download patient data', 'answer clinical trial questionnaire', 'invite patient study', 'provide health data', 'simplify patient reported component', 'build questionnaire', 'make questionnaire available', 'access entered data', 'reduce study setup time', 'free proprietary device']","['provide health data', 'make questionnaire available', 'build questionnaire', 'access patient information', 'answer clinical trial questionnaire', 'free proprietary device', 'simplify patient reported component', 'invite patient study', 'access entered data', 'reduce study setup time']",1
com.qvik.mrpatient,Patient Records & Appointments,2,Medical,0,TRUE,"<b>Mr.Patient (EMR) - Patient Records & Appointments for Doctors</b>

Mr.Patient (EMR) included each and every thing that's required by any clinic/Medical center.

App is a managed patient medical records, patient visit History, patient appointments , billing, and reports. 

<b> 10 Days Free Trial - No required credit Card </b>

Mr.Patient (EMR) will make doctor practice easy and say no to paper works.

Easily search previous medical history of your patients.

Now, Doctor have no worry about expensive software and hardware

<b>Free Trial Features:</b>
◾ Managed patient's appointments
◾ Managed patient's medical records & visit history
◾ Upload Patient Reports
◾ Upload Patient Medical Documents(audio, video & images)
◾ Managed Billing
◾ Reschedule next appointment


<b>Pro Version Features: </b>
◾ Free Trial Features
◾ Backup & Restore Data
◾ Add Multiple Clinic
◾ Print Prescription & Report
◾ Share Prescription & Report
◾ Use Templates for Medication, Patient info & Medical Record Notes
◾ Add new medication Templates
◾ Future enhancements

Using Mr.Patient practice management app, you can manage all your patient records such as personal information, medical reports, medication, visit history, clinical notes, patient history, and other notes.

 Appointments for your patients can be easily handled using the Mr.Patient app.",Qvik Technologies,"10,000+",Patient engagement,us,"['managed patient appointments', 'managed patient medical records', 'upload patient reports', 'upload patient medical documents', 'managed billing', 'reschedule next appointment', 'backup and restore data', 'add multiple clinics', 'print prescription and report', 'share prescription and report', 'use templates for medication', 'add new medication templates', 'future enhancements', 'search previous medical history', 'no paper works']","['managed patient appointment', 'managed patient medical record', 'upload patient report', 'upload patient medical document', 'managed billing', 'reschedule next appointment', 'backup restore data', 'add multiple clinic', 'print prescription report', 'share prescription report', 'use template medication', 'add new medication template', 'future enhancement', 'search previous medical history', 'paper work']","['add multiple clinic', 'future enhancement', 'upload patient report', 'add new medication template', 'use template medication', 'managed billing', 'share prescription report', 'paper work', 'print prescription report', 'search previous medical history', 'managed patient medical record', 'reschedule next appointment', 'backup restore data', 'managed patient appointment', 'upload patient medical document']",1
com.conehealth.android,myConeHealth,3.804878,Medical,0,TRUE,The Patient Engagement Cloud,The Moses H. Cone Memorial Hospital Operating Corp,"10,000+",Patient engagement,us,"['patient engagement platform', 'secure patient data storage', 'personalized patient experiences', 'real-time patient feedback']","['patient engagement platform', 'secure patient data storage', 'personalized patient experience', 'realtime patient feedback']","['personalized patient experience', 'patient engagement platform', 'secure patient data storage', 'realtime patient feedback']",1
ic.mobile.patientportal,Patient Portal,3.4455445,Health & Fitness,0,TRUE,"The Patient Portal app, powered by InteliChart, offers a simple and convenient way to access your medical records, manage appointments, and interact with your health care providers.

With the app, you can:


* Schedule and view upcoming appointments
* View lab results, details and history
* Request medication refills
* Send secure messages to your provider
* Complete forms
* Easily manage your account or dependent accounts
* Receive push notification reminders
* View and pay your medical bills


Important Notes:

Before using this app, you will need to acquire an account PIN number directly from your provider. You will not be able to log-in to the Patient Portal without this PIN number. If you need assistance with your account PIN or the app itself, please contact your healthcare provider directly. InteliChart does not have access to this information.

What you can see and do within the Patient Portal app depends on which features your doctor has enabled. If you have questions about the features that are available to you or you notice certain functionality is missing, please contact your healthcare organization directly.","InteliChart, LLC","50,000+",Patient engagement,us,"['schedule upcoming appointments', 'view lab results', 'request medication refills', 'send secure messages', 'complete forms', 'manage account', 'receive push notifications', 'view and pay medical bills']","['schedule upcoming appointment', 'view lab result', 'request medication refill', 'send secure message', 'complete form', 'manage account', 'receive push notification', 'view pay medical bill']","['manage account', 'view lab test result', 'send secure message', 'schedule upcoming appointment', 'request prescription refill', 'receive push notification', 'view pay medical bill', 'complete form']",1
com.athenahealth.athenapatient,athenaPatient,4.840748,Medical,0,TRUE,"athenaPatient is only available for patients whose healthcare providers have instructed them to download and use the app. 

Access your health information and communicate with your care team anywhere, anytime.* athenaPatient is a convenient, mobile resource that allows you to:  

- Log in quickly – Facial recognition and touch ID make log in easy while keeping your data safe.  

- View test results – Access lab, imaging, and other medical test results as soon as they become available.   

- Message your care team – Contact your care team whenever you have questions through quick, secure direct messages.

- Self-schedule appointments – Book appointments with your care team and view upcoming visits beyond regular office hours. Your provider(s) must support Self-Scheduling to use this feature. 

- Check in before your visit – Easily check in for appointments and save time by completing any necessary documentation before your arrival. (Your provider(s) must support Self Check-In to use this feature)

- Attend virtual visits – Easily initiate and attend telehealth visits with members of your care team. (Your provider(s) must support virtual visits through athenaTelehealth to use this feature.)  

- Get directions to appointments – Driving directions show you how to get to your next medical appointment. 

Please note that you must have an existing athenahealth Patient Portal account to use athenaPatient. 

Once you’ve downloaded and launched athenaPatient, you must log in using the same email address and password you use to access your provider’s athenahealth Patient Portal to begin using the app. It will ask if you want to enable Face ID or Touch ID. Enabling either of these features will save you from having to enter your login information every time you want to use the app. 

If you do not have your Patient Portal account information, your healthcare provider(s) may offer Patient Portal access through their website. 

If you’re having issues finding your healthcare provider’s Patient Portal, you can contact their office for the correct URL, or to request an email invitation to their Patient Portal.  

* The athenaPatient app is only available for download and viewing information in the United States for patients of healthcare providers on the athenahealth network.",athenahealth,"500,000+",Patient engagement,us,"['log in quickly', 'view test results', 'message care team', 'self-schedule appointments', 'check in before visit', 'attend virtual visits', 'get directions to appointments']","['log quickly', 'view test result', 'message care team', 'selfschedule appointment', 'check visit', 'attend virtual visit', 'get direction appointment']","['log quickly', 'attend virtual visit', 'message care team', 'view test result', 'check visit', 'get direction appointment', 'selfschedule appointment']",3
com.aicure.android.ima,Patient Connect,4.1875,Medical,0,TRUE,"Patient Connect is a mobile application designed to support patients and volunteers as they participate in treatment, clinical trials and research activities. Benefits include:

Treatment Management and Support
Patient Connect provides helpful reminders for essential activities such as taking medication, answering questionnaires and upcoming visits. When it is time to take a dose, the app includes instructive guidance to ensure medication is taken as directed. 

Convenient Assessments
The application enables participants to complete surveys and assessments about their health and treatment quickly and easily on their phone, allowing remote evaluation of progress between in-person visits.

Connected to Care
Patient Connect enables stronger, simpler connections between participants and their care team, and helps healthcare providers offer proactive communication and support between visits. Support and assistance is always available at the patient’s fingertips.  

----
AiCure thanks all who have chosen to contribute their data to help the development of safe, effective treatments to diseases and conditions.",AiCure,"1,000+",Patient engagement,us,"['medication reminders', 'instructive guidance', 'convenient assessments', 'remote evaluation', 'proactive communication', 'support at fingertips', 'connected to care']","['medication reminder', 'instructive guidance', 'convenient assessment', 'remote evaluation', 'proactive communication', 'support fingertip', 'connected care']","['proactive communication', 'connected care', 'convenient assessment', 'instructive guidance', 'medication reminder', 'support fingertip', 'remote evaluation']",1
com.needstreet.health.hp,Virtual Practice Healthcare,3,Medical,0,TRUE,"The Virtual Practice is a complete tool for healthcare providers supporting patient engagement and practice management.  This mobile app includes essential on-to-go features of the Virtual Practice enabling you to manage your patients and practice wherever you are. The app is free to download and use. 
 
Manage your time more effectively, improve patient health outcomes with personalized and continuous care and earn more revenue. 

PATIENT ENGAGEMENT

Video Consultations:  Support your patients in scheduling and paying for telemedicine consultations through your Virtual Practice. Ideal for patient follow-ups. 

Remote Patient Monitoring: Improve health outcomes by remotely monitoring your patients on personalized healthcare plans. Ideal for patients needing chronic care management or after hospital stays.

Text-based consultations: A convenient way to answer patient queries and provide second opinions.

PATIENT HEALTH RECORD

View details of their medications, health conditions, health trackers, medical test reports, allergies, surgeries & procedures, vaccinations and goals. Your patients can also access their own records through your Virtual Practice. 

PRACTICE MANAGEMENT

Appointments: Efficiently manage your time by displaying your consultation timings. Confirm, reschedule or cancel appointments using the app. Your patients will receive SMS and email reminders about upcoming visits to prevent no-shows.

Billing: Set up your services, invoice patients and accept patient payments through your Virtual Practice. 

Notes & Prescriptions: Add clinical notes and prescriptions. 

PRESENCE MANAGEMENT

Patient Portal: The Virtual Practice comes with an integrated Patient Portal can be hosted on your own domain address.  Publish information about your team, services and timings. 
Patient Education: The Health Blog in the Virtual Practice allows you to publish health articles and tips to educate your own patients.

Go to https://www.continuouscare.io/vp-signup/ to set up your own Virtual Practice.",NeedStreet,"10,000+",Patient engagement,us,"['video consultations', 'remote patient monitoring', 'text-based consultations', 'patient health record', 'appointment management', 'billing', 'notes and prescriptions', 'patient portal', 'presence management', 'patient education', 'health blog']","['video consultation', 'remote patient monitoring', 'textbased consultation', 'patient health record', 'appointment management', 'billing', 'note prescription', 'patient portal', 'presence management', 'patient education', 'health blog']","['presence management', 'health blog', 'patient education', 'patient health record', 'patient portal', 'billing', 'remote patient monitoring', 'video consultation', 'appointment management', 'textbased consultation', 'note prescription']",1
com.biofourmis.ipmpatient,Biofourmis Care Patient™,4,Health & Fitness,0,TRUE,"Biofourmis Care™ is a software solution designed to enable site agnostic care by leveraging software and data science to aid clinical care teams in monitoring and managing patients in the comfort and convenience of the home. Biofourmis Care™  supports several clinical conditions (e.g., heart failure, hypertension, diabetes) and spans the care continuum across acuity levels.
 
The Biofourmis Care™ patient-facing app is designed to improve patient engagement, display vital signs, and enable communication between patients and the care team. When the patient or clinician has connected the application to connected devices via Bluetooth, the outputs from these connected devices will automatically be displayed in the mobile app.
 
Disclaimer :  To access Biofourmis Care™, you must seek advice and prescription from your clinician and access information. Once the Biofourmis Care™ app is prescribed, the clinician will register and onboard you on the program.
 
The app is not intended to make any diagnosis or recommendation. You should directly seek your clinician’s advice before making any medical decisions.
 
Currently our hardware has a medical device regulatory clearance for US, Singapore, Thailand, Malaysia, Australia, EU, Hong Kong and we make no representations that the App is appropriate or available for use in other locations. Those who access or use the App from other jurisdictions do so at their own violation and are responsible for compliance with local law.
 
Questions about Biofourmis Care? Email mailto:supportteam@biofourmis.com",Biofourmis Developer,"1,000+",Patient engagement,us,"['patient engagement', 'display vital signs', 'enable communication', 'connected device integration', 'automatic data display', 'clinician registration', 'onboarding process', 'medical device clearance', 'multi-country availability', 'email support']","['patient engagement', 'display vital sign', 'enable communication', 'connected device integration', 'automatic data display', 'clinician registration', 'onboarding process', 'medical device clearance', 'multicountry availability', 'email support']","['connected device integration', 'automatic data display', 'enable communication', 'onboarding process', 'access medical record', 'clinician registration', 'communicate patient', 'multicountry availability', 'email support', 'display vital sign']",2
com.yammobots.caremetelemedicine,Careme Patient,4.3333335,Medical,0,TRUE,Careme telemedicine application for patient,"Yammobots Co.,Ltd","10,000+",Patient engagement,us,['telemedicine application for patients'],['telemedicine application patient'],['telemedicine application patient'],1
org.partners.ppgmob,Patient Gateway,4.4341464,Medical,0,TRUE,"With Mass General Brigham Patient Gateway, you can
- Review test results
- Manage your appointments
- Message your doctor
- Renew your prescriptions
- Pay your bill","Mass General Brigham, Inc","100,000+",Patient engagement,us,"['review test results', 'manage appointments', 'message doctor', 'renew prescriptions', 'pay bill']","['review test result', 'manage appointment', 'message doctor', 'renew prescription', 'pay bill']","['renew prescription', 'pay bill', 'appointment management', 'message doctor', 'view test result']",1
com.teladoc.members,Teladoc Health,4.3577533,Medical,0,TRUE,"Teladoc Health connects you with complete care, at your convenience and an affordable cost. You’ll find what you need to get well—like 24/7 care—alongside primary care, therapy and programs proven to keep you well.

EXPERIENCE AND EXCELLENCE
Teladoc Health has been modernizing healthcare since 2002. More than 50 million visits later, we are the leader in telemedicine. With our app, top-quality doctors and data-driven programs are just a tap away.

SEAMLESS CARE FOR ALL OF YOU
Our app brings together doctors, therapists, dietitians, nurses, coaches and self-guided programs that tend to every aspect of your well-being. If you need in-person care, we can refer you to in-network providers and care sites. But don’t underestimate us. The

With a suite of connected devices, in-home lab services and prescription delivery (in some locations), we cover most common health needs. And with insurance, your copay for care could be as low as $0.

PERSONAL AND PERSONALIZED
Teladoc Health providers and coaches will get to know you. Our video and phone visits have no time limit. Instead of 15 minutes, you might spend an hour talking about your health and planning next steps together.

The app integrates with our devices and Apple Health to put data in your hands. Analyze it during appointments with your care team, or on your own on the go. Then apply what you learn about your health and your habits to find the right path to your goals. We’ll send you notifications and nudges to keep you on the right track.

OUR SERVICES INCLUDE:

24/7 CARE
On-demand appointments any time of day with board-certified physicians for:
- Colds and flu
- Pink eye
- Sore throats
- Sinus infections
- Rashes 

PRIMARY CARE
Access within a week to board-certified primary care physicians and nurses who become your dedicated virtual care team for:
- Routine checkups and preventive care
- Goal-setting and a personalized care plan
- Lab orders (bloodwork)
- Checking blood pressure and other vitals
- Managing chronic conditions 

CONDITION MANAGEMENT
Depending on your coverage, you may be eligible for:
- Programs to help manage conditions like diabetes and high blood pressure
- Connected devices like a blood glucose meter or blood pressure monitor
- Expert health coaching
- Health data, trends and actionable insights

MENTAL HEALTH
Licensed therapists, psychiatrists and self-guided content for help with:
- Anxiety and stress
- Depression or not feeling yourself
- Relationship conflicts
- Trauma 

NUTRITION
Registered dietitians who can help with:
- Weight loss
- Diabetes
- High blood pressure
- Digestive issues
- Food allergies 

DERMATOLOGY
Dermatologists who diagnose and treat common skin conditions, such as:
- Acne
- Psoriasis
- Eczema
- Rosacea
- Skin infections

Your coverage might also provide access to:
- Specialists for a second opinion on surgery, a diagnosis or treatment plan
- Therapy and coaching to help with back and joint pain
- Imaging and sexual health testing referrals 


CHECK YOUR COVERAGE
Sign up to see which telemedicine services are covered by your health insurance or employer. Or, you can choose to pay flat fees. 

SECURE AND CONFIDENTIAL
We take your privacy seriously. Your health information is secure, private and compliant with federal and state laws, including the U.S. Health Insurance Portability and Accountability Act of 1996 (HIPAA). 

AWARDS AND RECOGNITION
- Company of the Year—Healthcare Dive, 2020
- World’s Most Innovative Companies—Fast Company, 2021
- Largest Virtual Care Company—Forbes, 2020","Teladoc, Inc.","5,000,000+",Patient engagement,us,"['24/7 care', 'primary care', 'condition management', 'mental health', 'nutrition', 'dermatology', 'specialist referrals', 'therapy and coaching', 'imaging and testing referrals', 'prescription delivery', 'in-home lab services', 'connected devices', 'video and phone visits', 'data analysis', 'personalized care plans', 'goal-setting', 'lab orders', 'vital checks', 'chronic condition management', 'health coaching', 'health data', 'insurance coverage check', 'secure and confidential']","['247 care', 'primary care', 'condition management', 'mental health', 'nutrition', 'dermatology', 'specialist referral', 'therapy coaching', 'imaging testing referral', 'prescription delivery', 'inhome lab service', 'connected device', 'video phone visit', 'data analysis', 'personalized care plan', 'goalsetting', 'lab order', 'vital check', 'chronic condition management', 'health coaching', 'health data', 'insurance coverage check', 'secure confidential']","['imaging testing referral', 'vital check', 'inhome lab service', 'personalized care plan', 'lab order', 'dermatology', 'goalsetting', 'health coaching', 'condition management', 'prescription delivery', 'primary care', 'chronic condition management', 'secure confidential', 'data analysis', 'provide health data', 'insurance coverage check', 'video phone visit', 'specialist referral', 'mental health', 'nutrition', 'therapy coaching', '247 care', 'connected device integration']",2
epic.mychart.android,MyChart,4.566838,Medical,0,TRUE,"MyChart puts your health information in the palm of your hand and helps you conveniently manage care for yourself and your family members. With MyChart you can:

•	Communicate with your care team.
•	Review test results, medications, immunization history, and other health information.
•	Connect your account to Google Fit to pull health-related data from your personal devices right into MyChart.
•	View your After Visit Summary® for past visits and hospital stays, along with any clinical notes your provider has recorded and shared with you.
•	Schedule and manage appointments, including in-person visits and video visits.
•	Get price estimates for the cost of care.
•	View and pay your medical bills.
•	Securely share your medical record from anywhere with anyone who has Internet access.
•	Connect your accounts from other healthcare organizations so you can see all your health information in one place, even if you've been seen at multiple healthcare organizations.
•	Receive push notifications when new information is available in MyChart. You can check whether push notifications are enabled under the Account Settings within the app.

Note that what you can see and do within the MyChart app depends on which features your healthcare organization has enabled and whether they’re using the latest version of Epic software. If you have questions about what’s available, contact your healthcare organization.

To access MyChart, you must create an account with your healthcare organization. To sign up for an account, download the app and search for your healthcare organization or go to your healthcare organization’s MyChart website. After you’ve signed up, turn on fingerprint authentication or set up a four-digit passcode to quickly log in without needing to use your MyChart username and password each time. 
  
For more information about MyChart’s features or to find a healthcare organization that offers MyChart, visit www.mychart.com.

Have feedback about the app? Email us at mychartsupport@epic.com.",Epic Systems Corporation,"10,000,000+",Patient engagement,us,"['communicate with care team', 'review test results', 'connect to google fit', 'view after visit summary', 'schedule appointments', 'get price estimates', 'view and pay bills', 'share medical record', 'connect accounts', 'receive push notifications', 'set up fingerprint authentication', 'set up passcode']","['communicate care team', 'review test result', 'connect google fit', 'view visit summary', 'schedule appointment', 'get price estimate', 'view pay bill', 'share medical record', 'connect account', 'receive push notification', 'set fingerprint authentication', 'set passcode']","['message care team', 'view visit summary', 'access medical record', 'get price estimate', 'schedule upcoming appointment', 'connect account', 'receive push notification', 'pay bill', 'view test result', 'set fingerprint authentication', 'set passcode', 'connect google fit']",2
com.meditab.imscare,IMS Patient App,3.2,Medical,0,TRUE,"IMS PatientApp is a mobile application that empowers patients to take charge of their healthcare process. With this app, patients can access their health records, request appointments, send prescription refill requests, and even pay their bills. 

PatientApp is fully HIPAA compliant, to ensure that your health information is protected and secure.

Key Features enables your patients to:

• Appointments: Request appointments, view past and future appointment details
• Health Records: Access comprehensive health records at the fingertip
• Documents: View shared by the provider
• Forms: View and sign forms conveniently
• Prescriptions: Send refill requests and view your list of active prescriptions.
• Televisit: Request and launch a virtual visit/remote consultation
• Billing: View billing statements, save card details  and pay balance securely
• Messages: Send messages to your provider and other clinical staff, quickly & securely. 
• Barcode: Generate a barcode to use at the Auto Check-In kiosk
• Photo Module: Upload aliment images to keep the provider posted
• Spanish language: Enjoy all the functionality of PatientApp in Spanish language
• Today’s Visit: View the current day appointment details, check in with the QR code or proximity beacons, verify demographics, sign forms, and also pay bills
• ART Calendar: View the ART calendar at one click for fertility patients
• Spanish Interface: Choose the Spanish language interface option
Get started with  IMS PatientApp. Contact your healthcare provider to get your access credentials.",Meditab Software Inc.,"10,000+",Patient engagement,us,"['access health records', 'request appointments', 'send prescription refill requests', 'pay bills', 'view past appointments', 'view future appointments', 'view shared documents', 'view and sign forms', 'send refill requests', 'view active prescriptions', 'request virtual visit', 'view billing statements', 'save card details', 'pay balance securely', 'send messages', 'generate barcode', 'upload photos', 'choose spanish language', 'view current day appointments', 'check in with qr code', 'verify demographics', 'sign forms', 'pay bills', 'view art calendar']","['access health record', 'request appointment', 'send prescription refill request', 'pay bill', 'view past appointment', 'view future appointment', 'view shared document', 'view sign form', 'send refill request', 'view active prescription', 'request virtual visit', 'view billing statement', 'save card detail', 'pay balance securely', 'send message', 'generate barcode', 'upload photo', 'choose spanish language', 'view current day appointment', 'check qr code', 'verify demographic', 'sign form', 'pay bill', 'view art calendar']","['pay bill', 'view art calendar', 'view appointment request', 'send message', 'request prescription refill', 'sign form', 'view shared document', 'pay balance securely', 'send refill request', 'attend virtual visit', 'verify demographic', 'choose spanish language', 'provide health data', 'view future appointment', 'generate barcode', 'view current day appointment', 'view past appointment', 'view billing statement', 'save card detail', 'check qr code', 'upload photo', 'view active prescription']",1
nl.interactivestudios.bpglobalpja,Patient Journey,0,Medical,0,TRUE,"Patient Journey app supports you and your loved ones before, during and after treatment with the right information at the right time. It is used by more than 100 hospitals around the world, for many different treatments.

The app sends you push notifications whenever an important event comes up, or when new information becomes available. You can also use the app to track your personal progress and monitor important outcomes such as your level of activity, function, pain, satisfaction, weight, heart rate and quality of life.

Scientific studies with the app demonstrate a significant effect on for example patient satisfaction and quality of life.

After starting the app, you can select your health care provider and treatment. If your health care provider has provided you with a personal code, follow the provided instructions to get started.

Important: This app should be regarded as an addition to your treatment. Always seek a doctor’s advice before making any medical decisions.",Interactive Studios,"100,000+",Patient engagement,us,"['track personal progress', 'monitor important outcomes', 'send push notifications', 'select healthcare provider', 'start treatment', 'regard as addition to treatment', 'seek doctor's advice']","['track personal progress', 'monitor important outcome', 'send push notification', 'select healthcare provider', 'start treatment', 'regard addition treatment', 'seek doctor advice']","['select healthcare provider', 'regard addition treatment', 'track personal progress', 'receive push notification', 'monitor important outcome', 'seek doctor advice', 'start treatment']",2
com.medacta.pop,Patient Optimized Pathway,0,Medical,0,TRUE,"Patient Optimized Pathway APP is an interactive tool for patients undergoing joint surgery through which the surgeon and his multidisciplinary healthcare team can take care of them throughout the entire care journey.
The application can support patient education, information, preparation with assigned daily activities and monitoring with patient engagement before, during and after the surgery.
This application is not intended to give medical advice or diagnosis and it does not replaces a medical consultation.",Medacta International SA,"1,000+",Patient engagement,us,"['patient education', 'information provision', 'daily activity assignment', 'patient monitoring', 'engagement before surgery', 'engagement during surgery', 'engagement after surgery', 'surgery preparation']","['patient education', 'information provision', 'daily activity assignment', 'patient monitoring', 'engagement surgery', 'engagement surgery', 'engagement surgery', 'surgery preparation']","['information provision', 'engagement surgery', 'communicate patient', 'patient education', 'surgery preparation', 'daily activity assignment']",1
com.jardogs.fmhmobile,FollowMyHealth®,4.7468734,Medical,0,TRUE,"Access and manage your health information on-the-go with the mobile version of your Universal Health Record powered by FollowMyHealth®.
 
View test and lab results, request prescription renewals, communicate securely with your physicians, schedule appointments, and more – for you and your family with 24/7 online access!",Veradigm LLC,"5,000,000+",Patient engagement,us,"['view test and lab results', 'request prescription renewals', 'communicate with physicians', 'schedule appointments', 'access health information']","['view test lab result', 'request prescription renewal', 'communicate physician', 'schedule appointment', 'access health information']","['provide health data', 'schedule upcoming appointment', 'view lab test result', 'renew prescription', 'communicate physician']",1
com.thg.app,Patient Interactive,0,Health & Fitness,0,TRUE,"Patient Interactive delivers instant access to your healthcare benefits, including your ID card, plan details and concierge customer service. Call or chat with our customer service team, make a doctor’s appointment or view your benefits.",Transparent Healthcare,500+,Patient engagement,us,"['instant access to healthcare benefits', 'view benefits', 'make doctor's appointment', 'call customer service', 'chat with customer service', 'concierge customer service']","['instant access healthcare benefit', 'view benefit', 'make doctor appointment', 'call customer service', 'chat customer service', 'concierge customer service']","['instant access healthcare benefit', 'chat customer service', 'view benefit', 'concierge customer service', 'make doctor appointment', 'call customer service']",1
com.health.healtharc,HealthArc - Patient Monitoring,3.409091,Medical,0,TRUE,"It’s an invite-only program offered through your health plan or health care provider. The application supports reading collected from connected Bluetooth and branded Cellular FDA devices, having secure chat and video conferencing capabilities with your Health Provider.

HealthArc LLC is an emerging leader in the world of connected medical devices, chronic care and remote patient monitoring platform for an easy connect between patients and Healthcare Provider.You can speak with your physician from home and keep sharing your health information securely with daily reminders.

PATIENT CARE PLAN
Your care plan will be created by your physician that may include taking different measurements(e.g. take daily Blood Pressure or Glucose),  personalized alerts for your vitals, or other instructions. The app will send notifications at frequency defined by your physician and you would be required to complete those “tasks” on your main app screen.  Once you 
click on the pending task, you will be getting on-screen instructions to take your vital readings. It may take 60 seconds or less.

VITAL RESULTS
The vital info collected in the app will be made available for your Healthcare Provider. You can see your info on the Results tab.

REQUESTING APPOINTMENTS
If you would like to make appointment with your physician(office, phone or video), you can make request within the app. Physician will notify you and initiate the phone or Video call within the app.

MESSAGING YOUR PHYSICIAN OR NURSE
You will be able to exchange secured text with your health provider using your inbox.

CONNECTED DEVICES
Depending upon your provider, you may be asked to connect various health devices (Bluetooth or Cellular) from the reputed medical manufacturers",Healtharc LLC,"1,000+",Patient engagement,us,"['invite-only program', 'secure chat', 'video conferencing', 'connected devices', 'daily reminders', 'patient care plan', 'vital results', 'requesting appointments', 'messaging physician', 'connected devices']","['inviteonly program', 'secure chat', 'video conferencing', 'connected device', 'daily reminder', 'patient care plan', 'vital result', 'requesting appointment', 'messaging physician', 'connected device']","['daily activity assignment', 'access patient information', 'video consultation', 'connected device integration', 'view appointment request', 'inviteonly program', 'messaging physician', 'send secure message', 'monitor important outcome']",2
com.brightree.hme.patientapp,Patient Hub by Brightree,3.11,Medical,0,TRUE,"Stay in touch with your Home Medical Equipment Provider with our simple and easy to use mobile app. Ask your equipment or medical supply provider if they use Patient Hub by Brightree™ and ask them to send you a registration link.
 
· You can send secure messages to your provider and get answers right through the app. No more waiting on the phone. 
· Get appointment reminders, delivery notifications, even shipment tracking numbers as soon as they are assigned. 
· Check your resupply eligibility and create orders from the app*

*Your Medical Equipment Provider must have this feature enabled.",Brightree LLC,"50,000+",Patient engagement,us,"['send secure messages to provider', 'get appointment reminders', 'get delivery notifications', 'get shipment tracking numbers', 'check resupply eligibility', 'create orders']","['send secure message provider', 'get appointment reminder', 'get delivery notification', 'get shipment tracking number', 'check resupply eligibility', 'create order']","['get shipment tracking number', 'check resupply eligibility', 'get delivery notification', 'get appointment reminder', 'create order', 'send secure message']",1
com.ssi.patient,Patient.com,0,Medical,0,TRUE,"Patient.com helps you more easily compile, access, and engage with your health data and medical providers via a user-friendly mobile application. The app provides meaningful and convenient access to the information you need, when and where you need it, helping all people become better healthcare consumers. A single app that helps you manage your health records, doctor’s appointments, medications, allergies, insurance information, medical bills, and more.
 
•        Store and share your health history, allergies, medications, vaccinations, insurance cards, and more with any medical provider you visit, ensuring that everyone involved in your care has the information they need when and where they need it.

•        Keep track of and respond to upcoming appointments and complete pre-registration paperwork within the app.

•        Review cost estimates before you receive care and view your post-care medical bills via the app.

•        Search for a provider and add to favorites
 

What are your rights as a patient regarding your health records? April 5, 2021, was the deadline for regulated actors to comply with the federal rule on MailScanner has detected a possible fraud attempt from ""www.healthit.gov"" claiming to be Interoperability, Information Blocking, mandated by The Office of the National Coordinator for Health Information Technology’s (ONC) 21st Century Cures Act (Cures Act). The Cures Act requires healthcare providers to share electronic health information with patients without delay or charge. Patients have the right to access, exchange, and use their electronic health information (EHI). At Patient.com, we believe the democratization of health data is critical to helping all people become better consumers of healthcare.",Patient.com,100+,Patient engagement,us,"['store and share health history', 'track and respond to appointments', 'review cost estimates', 'view medical bills', 'search for providers', 'add providers to favorites', 'access electronic health information']","['store share health history', 'track respond appointment', 'review cost estimate', 'view medical bill', 'search provider', 'add provider favorite', 'access electronic health information']","['track respond appointment', 'store share health history', 'review cost estimate', 'view medical bill', 'access electronic health information', 'add provider favorite', 'search provider']",2
com.flowhealth.mp_android.patient,Patient Portal,4.23,Medical,0,TRUE,"The Flow Health Patient Portal provides you with secure access to your and your family’s test results, and enables you to receive push notifications when new results are available. The application also contains your personal identifier for COVID-19 testing, which makes the testing process easier and more efficient.",Flow Health Inc.,"50,000+",Patient engagement,us,"['access test results', 'receive push notifications', 'personal covid-19 testing identifier']","['access test result', 'receive push notification', 'personal covid19 testing identifier']","['view test result', 'receive push notification', 'personal covid19 testing identifier']",1
com.mobile.uhc,UnitedHealthcare,4.576864,Medical,0,TRUE,"† Not all UHC plans are currently supported by the app, not all features are available for every plan

Managing health care on the go just got easier with the UnitedHealthcare app! It's designed to save you time by providing easy access to your information. Features available are based on your personal health plan and can include:

Find and Manage Providers
- Find doctors, specialists, or health care facilities with our guided and location-based search.
- Save your favorite doctors or facilities for easy access.

Manage Claims†
- Review your claims by member, provider, status, facility, service or date.
- Review your claims payment breakdown and Explanation of Benefits.

ID Card
- Never lose your insurance card again! View and share your ID card.

View Cost Estimates†
- Know how much you could pay for treatments and specialty services.

Reference Copays, deductibles, and out-of-pocket expenses†
- View your copay, deductible, and out-of-pocket expenses.

View Account Balances†
- Know your health reimbursement, flexible spending, and Optum Bank health savings account balances.

Easily Sign In
- Use HealthSafe ID™ (a new, enhanced login that lets you access nearly all UnitedHealthcare digital tools with one username and password) to securely access your app.
- Never forget your password again with fingerprint login. 

Manage Your Health†
- View personalized recommendations for preventative care.","UNITED HEALTHCARE SERVICES, INC.","5,000,000+",Healthcare community,us,"['find and manage providers', 'manage claims', 'view id card', 'view cost estimates', 'reference copays and expenses', 'view account balances', 'easy sign in', 'manage health']","['find manage provider', 'manage claim', 'view id card', 'view cost estimate', 'reference copays expense', 'view account balance', 'easy sign', 'manage health']","['find manage provider', 'view account balance', 'view id card', 'review cost estimate', 'provide health data', 'manage claim', 'easy sign', 'reference copays expense']",2
com.healtho_max.app.production,HealthOMax- Medical Community,0,Medical,0,TRUE,"Welcome to HealthoMax – The Premier Social Media Platform for Medical Professionals

HealthoMax is designed to be the go-to digital community for doctors, healthcare professionals, and medical experts. Our platform empowers you to connect with peers, share your expertise, and expand your professional network in the medical field.

Key Features:

Connect with Peers: Join a thriving community of doctors, nurses, pharmacists, lab technicians, and other healthcare professionals. Build meaningful connections that enhance your career and broaden your professional circle.

Share Knowledge: Publish and share your case studies, medical journals, articles, and insightful posts. Whether it's groundbreaking research or clinical experiences, HealthoMax provides a platform to contribute to the collective knowledge of the medical community.

Answer Patient Queries: Engage directly with patients by answering their health-related questions. Share your expertise and build trust with potential patients while providing valuable advice and insights.

Create Your Organization Page: Establish your presence on HealthoMax by creating an organization page for your clinic, hospital, or healthcare institution. Promote your services, share updates, and grow your organization’s popularity within the community.

Grow Your Influence: Increase your visibility and professional reputation by gaining followers and growing your connections. HealthoMax helps you build your personal brand in the medical world, positioning you as a thought leader in your specialty.

Stay Informed: Stay up-to-date with the latest medical advancements and trends through our rich library of case studies, journals, and articles shared by experts in the field.

Collaborate on Cases: Collaborate with other medical professionals on complex cases, seek advice, and contribute your expertise to challenging medical scenarios. HealthoMax fosters a collaborative environment where knowledge is shared for the benefit of all.

Why Choose HealthoMax?

HealthoMax is not just another social media app; it is a dedicated platform created by and for medical professionals. We understand the unique needs of healthcare providers and have designed our app to facilitate meaningful professional interactions. Whether you're looking to connect with colleagues, grow your practice, or simply stay informed, HealthoMax provides the tools and resources you need to thrive in the medical community.

Join HealthoMax today and be a part of a professional network that is shaping the future of healthcare.

Keywords: medical community, doctors, healthcare professionals, social media for doctors, case studies, medical journals, healthcare networking, patient engagement, medical articles, medical collaboration, healthcare organizations, professional growth.",HealthOMax AB,"10,000+",Healthcare community,us,"['connect with peers', 'share knowledge', 'answer patient queries', 'create organization page', 'grow influence', 'stay informed', 'collaborate on cases']","['connect peer', 'share knowledge', 'answer patient query', 'create organization page', 'grow influence', 'stay informed', 'collaborate case']","['stay informed', 'answer patient query', 'connect account', 'collaborate case', 'create organization page', 'share knowledge', 'grow influence']",1
com.ecommunity.community,Community Health Network,3.51,Medical,0,TRUE,"With Community Health Network app you can check your medical record, schedule an appointment, pay your bill, or complete a virtual doctor visit on any mobile device. The app even provides directions, visitor information, and makes it easy to find a physician.

The Community Health Network app provides information on 9 hospitals, 12 Walgreens clinics, MedCheck urgent care locations and multiple physician offices and other health-related services.",Community Health Network,"10,000+",Healthcare community,us,"['check medical record', 'schedule appointment', 'pay bill', 'virtual doctor visit', 'get directions', 'find physician', 'access hospital information', 'visit Walgreens clinics', 'access MedCheck urgent care', 'find health-related services']","['check medical record', 'schedule appointment', 'pay bill', 'virtual doctor visit', 'get direction', 'find physician', 'access hospital information', 'visit walgreens clinic', 'access medcheck urgent care', 'find healthrelated service']","['pay bill', 'virtual doctor visit', 'find healthrelated service', 'schedule upcoming appointment', 'access medical record', 'get direction', 'access medcheck urgent care', 'visit walgreens clinic', 'access hospital information', 'communicate physician']",1
com.mysalesforce.mycommunity.C00Df4000004HNWGEA4.A0OT5G000000CadbWAC,myCommunityHealth,2.24,Medical,0,TRUE,"Giving you easy access to your health plan is very important to us at Community Health Choice. That’s why we want you to have a simple, secure way to manage all your plan information using our mobile app.  

The myCommunity mobile app lets you view your benefits anytime, anyplace from your smartphone or mobile device. You can also see your prescriptions, claims history, and ID card, as well as find a provider, doctor or specialist. That and more are all right at your fingertips.

Key features of the app include: 
•	View your coverage plan
•	View or update your primary care physician
•	Find a doctor or provider
•	View your Member ID card
•	View claims activity and details
•	View your authorizations
•	Submit a HIPAA access form
•	View your notifications
•	View your “My Profile” and update your communication preferences",Community Health Choice,"1,000+",Healthcare community,us,"['view coverage plan', 'update primary care physician', 'find doctor or provider', 'view member id card', 'view claims activity', 'view authorizations', 'submit hipaa access form', 'view notifications', 'update profile']","['view coverage plan', 'update primary care physician', 'find doctor provider', 'view member id card', 'view claim activity', 'view authorization', 'submit hipaa access form', 'view notification', 'update profile']","['view authorization', 'submit hipaa access form', 'update primary care physician', 'find doctor provider', 'view coverage plan', 'manage claim', 'update profile', 'view id card']",1
com.caremarket.communitycareexplorer.prod,Sydney Community,4.285714,Medical,0,TRUE,"Sydney Community provides support when you need it most. Our communities feature health-related stories posted by others like you, tips and advice from expert community advocates, and access to trusted health education articles and videos. Communities are safe places where members can learn and support each other as they cope with challenges such as a diagnosis, a new stage of life, or caring for a loved one.  

Current communities include Cancer, Diabetes, Maternity, Parenting, and Weight Management. Joining one can help you feel empowered to push through each day. 

Join a Community  
   
[+] Connect with others who are experiencing similar life events.  
[+] Follow simple prompts to share your story with your community.  
[+] Comment or react to member stories and posts from our expert community advocates.  

[+] Receive notifications about community updates, timely tips, and activity from your peers. 
   
 Gain Knowledge  
   
[+] Browse online libraries with articles, overviews, and videos specific to what you're going through. 

[+] Articles, videos, and other content from trusted health publications and organizations, including Parents, Eating Well, Health, Healthwise, March of Dimes, and more.
 [+] Learn about treatments for a particular health issue.  
   
 Find Local Resources  
   
[+] Engage with free and reduced-cost social care programs in your area.  
[+] Receive recommendations on where to find help for issues such as food, housing, legal advice, and coordination of care.  
[+] Take action quickly with search results that include map and contact information.","Elevance Health, Inc.","5,000+",Healthcare community,us,"['connect with others', 'share your story', 'comment on posts', 'receive notifications', 'browse online libraries', 'gain knowledge', 'find local resources', 'engage with social care programs', 'search for help']","['connect others', 'share story', 'comment post', 'receive notification', 'browse online library', 'gain knowledge', 'find local resource', 'engage social care program', 'search help']","['share knowledge', 'connect others', 'browse online library', 'search help', 'engage social care program', 'comment post', 'find local resource', 'receive notification', 'share story']",1
org.communitymedical.cch,CCH Health,0,Health & Fitness,0,TRUE,"A mobile app for Community Care Health members! This provides access and information to claims, Community Medical Centers patient chart, and more.",CMC Community Medical Centers,500+,Healthcare community,us,"['access claims information', 'view patient chart', 'community medical centers']","['access claim information', 'view patient chart', 'community medical center']","['manage claim', 'access patient information', 'community medical center']",1
com.CHN.quiz,Community Health Nursing,0,Education,0,TRUE,"This app Contain Following Topics
	Vaccination
	Cold Chain
	BCG
	Polio Vaccine
	MMR
	Vitamin A
	Other Miscellaneous Vaccine
	Level of Prevention 
	Health Promotion Including Dimension of Health 
	Mother Child Health (MCH) 
	Health Communication
	Contraceptives
	Demography and Epidemiology
	Mortality and Morbidity
	Indicator of Health
	Epidemiological Terms
	Bio-Medical Waste
	HFA, Health Delivery System and PHC
	Health Planning in India including National, International Health Agencies & Professional Bodies
	National Health Programme
	Environmental Hygiene
	Occupational Health
	Disaster Management 
	Vital Health Statistics
	Home Visit

Communicable Diseases like
	Measles 
	Chickenpox 
	AIDS
	Typhoid
	Diphtheria and Schick Test
	Tuberculosis
	Malaria
	Polio
	Cholera
	Mumps
	Dengue
	Rabies
	Whooping Cough (Pertussis)
	Leprosy
	STD
	Plague
	Kala azar

This app is usefull in Community health officer exam",Nursing Study,"10,000+",Healthcare community,us,"['vaccination information', 'cold chain management', 'bcg vaccine details', 'polio vaccine information', 'mmr vaccine details', 'vitamin a information', 'other vaccine information', 'level of prevention', 'health promotion', 'mother child health', 'health communication', 'contraceptives information', 'demography and epidemiology', 'mortality and morbidity', 'health indicators', 'epidemiological terms', 'bio-medical waste management', 'health delivery system', 'health planning', 'national health programs', 'environmental hygiene', 'occupational health', 'disaster management', 'vital health statistics', 'home visit', 'communicable disease information', 'measles information', 'chickenpox information', 'aids information', 'typhoid information', 'diphtheria information', 'tuberculosis information', 'malaria information', 'polio information', 'cholera information', 'mumps information', 'dengue information', 'rabies information', 'whooping cough information', 'leprosy information', 'std information', 'plague information', 'kala azar information']","['vaccination information', 'cold chain management', 'bcg vaccine detail', 'polio vaccine information', 'mmr vaccine detail', 'vitamin information', 'vaccine information', 'level prevention', 'health promotion', 'mother child health', 'health communication', 'contraceptive information', 'demography epidemiology', 'mortality morbidity', 'health indicator', 'epidemiological term', 'biomedical waste management', 'health delivery system', 'health planning', 'national health program', 'environmental hygiene', 'occupational health', 'disaster management', 'vital health statistic', 'home visit', 'communicable disease information', 'measles information', 'chickenpox information', 'aid information', 'typhoid information', 'diphtheria information', 'tuberculosis information', 'malaria information', 'polio information', 'cholera information', 'mumps information', 'dengue information', 'rabies information', 'whooping cough information', 'leprosy information', 'std information', 'plague information', 'kala azar information']","['provide health data', 'vital health statistic', 'vaccine information', 'home visit', 'typhoid information', 'occupational health', 'disaster management', 'kala azar information', 'demography epidemiology', 'biomedical waste management', 'contraceptive information', 'tuberculosis information', 'vaccination information', 'malaria information', 'std information', 'leprosy information', 'mother child health', 'plague information', 'mumps information', 'mortality morbidity', 'measles information', 'chickenpox information', 'diphtheria information', 'level prevention', 'polio vaccine information', 'rabies information', 'dengue information', 'environmental hygiene', 'mmr vaccine detail', 'communicable disease information', 'cold chain management', 'whooping cough information', 'vitamin information', 'polio information', 'epidemiological term', 'national health program', 'cholera information', 'aid information']",1
org.communitymedical.cmc,MyHealthMate,4.105263,Medical,0,TRUE,"This app provides quick and easy access to your medical record as well as important resources available for you as the patient or family member.

Urgent Medical Matters
This app is not to be used in emergencies or for messages that require immediate attention - for medical emergencies call 911.",CMC Community Medical Centers,"5,000+",Healthcare community,us,"['access medical records', 'important resources available', 'urgent medical matters', 'medical emergencies']","['access medical record', 'important resource available', 'urgent medical matter', 'medical emergency']","['access medical record', 'medical emergency', 'urgent medical matter', 'monitor important outcome']",1
org.intermountainhealthcare.android.connectcare,Connect Care: 24/7 Urgent Care,4.26,Medical,0,TRUE,"24/7 Virtual Care
The Intermountain Health Connect Care app allows you or your child to visit with an Intermountain Health clinician for certain urgent care conditions using your phone or tablet. If you have cold or flu symptoms, sinus pain, sore throat, painful urination, a minor rash or skin issue, upset stomach, or other minor symptoms, use Connect Care 24/7/365 to quickly and conveniently get the care you need from wherever you are – just $79 a visit. Many insurance plans accepted.

Connect Care is a convenient, affordable way to get care from Intermountain Health clinicians. Our highly-trained, board certified nurse practitioners and physician assistants have many years of experience in urgent care, clinics, and hospitals, and are specially trained to provide care using telehealth. Your doctor will also be able to see the results of your visit in your medical record, and can incorporate it into your overall care. When appropriate for your condition, we can prescribe and deliver your prescription to your home or nearest pharmacy.

Connect Care is not appropriate for all conditions. If you are unsure of whether you are having a life-threatening medical emergency, or are experiencing any of the following, please go to your nearest ER:

·       Chest pain or pressure

·       Uncontrolled bleeding

·       Sudden or severe pain

·       Coughing / vomiting blood

·       Difficulty breathing or shortness of breath

·       Sudden dizziness, weakness, change in vision, slurred speech, numbness, or other neurological changes

·       Severe or persistent vomiting or diarrhea

·       Changes in mental status, such as confusion

·       Assault, physical or sexual abuse, or child abuse",Intermountain Healthcare,"100,000+",Healthcare community,us,"['visit with clinician for urgent care conditions', 'get care from anywhere', 'convenient and affordable', 'prescribe and deliver prescriptions', 'see medical records', 'incorporate into overall care', 'not for life-threatening emergencies']","['visit clinician urgent care condition', 'get care anywhere', 'convenient affordable', 'prescribe deliver prescription', 'see medical record', 'incorporate overall care', 'lifethreatening emergency']","['lifethreatening emergency', 'visit clinician urgent care condition', 'incorporate overall care', 'get care anywhere', 'access medical record', 'convenient assessment', 'prescribe deliver prescription']",1
com.ecw.healow,healow,4.578458,Health & Fitness,0,TRUE,"Healow App is a convenient mobile tool that helps patients access health information and communicate with their providers to stay engaged, motivated, and make healthy choices. With the healow app, patients can easily:

 Message the care team – Contact care team through quick, secure direct messages.
View test results – Access labs and other test results as soon as they become available.
Self-schedule appointments – Book appointments with the care team and view upcoming visits beyond regular office hours.
Check in before the visit – Easily check in for appointments and save time by completing any necessary documentation before arrival.
Attend virtual visits –Initiate and attend telehealth visits with members of the care team.
View medications, set medication reminders,  and request for refills without calling the doctor.
View medical history including allergies, immunizations, vitals, visit summary, and other health information.
Monitor vitals and meet health goals using weight management, activity, fitness, and sleeping tracking tools to track readings and watch for trend changes to share with the doctor.
Manage and view multiple family member’s health records under one account.
 

Please note that patients must have an existing healow Patient Portal account with their doctor’s office. Once downloaded and launched, the patient must log in using the username and password used to access the provider’s healow Patient Portal website to begin using the app. It will ask the user to create a pin and enable Face ID or Touch ID. Enabling either of these features will save the user from having to enter their login information every time they want to use the app.",eClinicalWorks LLC,"5,000,000+",Healthcare community,us,"['message care team', 'view test results', 'self-schedule appointments', 'check in before visit', 'attend virtual visits', 'view medications', 'request medication refills', 'view medical history', 'track vitals', 'manage family health records', 'log in with patient portal account']","['message care team', 'view test result', 'selfschedule appointment', 'check visit', 'attend virtual visit', 'view medication', 'request medication refill', 'view medical history', 'track vitals', 'manage family health record', 'log patient portal account']","['view medical history', 'attend virtual visit', 'message care team', 'view test result', 'manage family health record', 'request prescription refill', 'check visit', 'view medication', 'track vitals', 'selfschedule appointment', 'log patient portal credential']",3
com.mycovenant.mycovenanthealth.play,MyCovenantHealth,3.8068182,Medical,0,TRUE,"MyCovenantHealth helps patients stay informed and take a more active role in their health.  Through the MyCovenantHealth mobile app, patients have easy, real-time access to Covenant Health’s online portal, which shows your latest health care information and provides services needed to plan and understand your care. 

Once Covenant Health grants you access to the online portal and creates an account for you, simply sign into the MyCovenantHealth mobile app with your MyCovenantHealth username and password.  If you have access to multiple Covenant Health hospital and medical practice portals, you can view all participating portals through the app.

The MyCovenantHealth app allows you to connect with your care team to:
•	Securely message your provider
•	Schedule and manage upcoming appointments
•	Access medical information, including laboratory results, medications, health issues, allergies, immunizations, and other health records.

If you need assistance accessing your existing account, visit MyCovenantHealth.com for support options. Contact your medical provider directly regarding questions about your health record.  Personal health inquiries or concerns posted as comments in the App Store cannot be addressed.",Covenant Health,"10,000+",Healthcare community,us,"['secure messaging with provider', 'appointment scheduling and management', 'access to medical information', 'view multiple hospital and medical practice portals']","['secure messaging provider', 'appointment scheduling management', 'access medical information', 'view multiple hospital medical practice portal']","['view multiple hospital medical practice portal', 'access medical record', 'appointment management', 'secure messaging provider']",1
com.firstyeargnm.communityhn,GNM - Community Health Nursing,0,Education,0,TRUE,"This App Contain Following Topics
1.Long Question
2.Short Notes are following
Community
Community Health
Community Health Nursing
Determinants of health
Levels of Health Care
Levels of Prevention of Disease
Role of Nurse in Primary Health Care
Health for All
Difference Between Institutional and Community Health Nursing
Antenatal Health Assessment
Uses of Epidemiology
Disease cycle/Course of Disease Cycle
Stages of Communicable Disease Cycle
Modes of Disease Transmission/Factors of Spread of Communicable Disease
Epidemiological Triad
Disinfection
Autoclaving
Immunizing Agents
Immunization
Function of Nurse in Referral System
National Immunization Schedule/Programme
Under Five Clinics
Child Guidance Clinic
Family Welfare Services
Family Health Records
Principles of Home Visiting
Bag Technique
Noise and its Effects
Cumulative Records
Designs of Cards/Records
Minor Ailment
Disinfection of Wells
Refuse Disposal Methods
Sewage Treatment Methods
Arthropods Control Measures
Health Education Opportunities
Epidemic,Endemic and Pandemic Definition
Water Pollution
National Environment Protection Programme/National Environment Policy (NEP)
RCA Latrines
Classification of Food
Protein
Ventilation
Transmission of Infection From Human Excreta
Ideal/Sanitary Well
Protein Deficiency
Malnutrition
Audiovisual Aids and its Importance
WHO
House Fly Life Cycle
Balance Diet
Vitamin D
Milk Pasteurization
Requirements of Good Lighting
Hookworm Infection (prevention and controlling measures)
Water Sources and Uses
Air Borne Transmission/Air Borne Disease
Essential Equipment Required for Home Visit
pulse Polio Immunization (PPIs) Programme
Tuberculosis
Mosquito Control Measures
Rehabilitation
Breast Feeding
Menstrual Hygiene
AIDS
Methods of Prevention and Storage of Food
Principles of Cooking
Malaria and its Control
Vector Borne Disease Transmission
Planned Parenthood
Environmental Hygiene
Small Family Norm
Function and Source of Different types of Vitamins
Rickets
Infection
ORS/Oral Rehydration Salt(solution)/Oral Rehydration Therapy (ORT)
Mental Health
Night Blindness
Merits and Demerits of Home Visit
Mid Day Meal/Nutrition Programme
Disadvantage of Boiling of Milk
3.Fiil in the blanks
4.true and false
5.MCQ (multi choise Questions)
6.Definition
7.Abbreviation
8.Quiz",Nursing Study,"10,000+",Healthcare community,us,"['community health nursing notes', 'disease cycle stages', 'epidemiology uses', 'disinfection methods', 'immunization schedule', 'referral system function', 'home visiting principles', 'health education opportunities', 'water pollution prevention', 'environmental hygiene practices', 'food storage methods', 'cooking principles', 'malaria control measures', 'vector borne disease transmission', 'planned parenthood', 'mental health resources', 'mid day meal nutrition', 'oral rehydration therapy', 'true and false questions', 'mcq questions', 'definition of terms', 'abbreviation guide', 'quiz feature']","['community health nursing note', 'disease cycle stage', 'epidemiology us', 'disinfection method', 'immunization schedule', 'referral system function', 'home visiting principle', 'health education opportunity', 'water pollution prevention', 'environmental hygiene practice', 'food storage method', 'cooking principle', 'malaria control measure', 'vector borne disease transmission', 'planned parenthood', 'mental health resource', 'mid day meal nutrition', 'oral rehydration therapy', 'true false question', 'mcq question', 'definition term', 'abbreviation guide', 'quiz feature']","['cooking principle', 'planned parenthood', 'referral system function', 'disinfection method', 'community health nursing note', 'health coaching', 'food storage method', 'vector borne disease transmission', 'malaria information', 'oral rehydration therapy', 'disease cycle stage', 'water pollution prevention', 'true false question', 'home visit', 'immunization schedule', 'definition term', 'epidemiological term', 'mcq question', 'environmental hygiene', 'abbreviation guide', 'quiz feature', 'mental health', 'mid day meal nutrition']",1
com.thecgc.app,Community Guidance Center,4.714286,Medical,0,TRUE,"Welcome to the Community Guidance Center's Telehealth app, your gateway to accessible and compassionate mental health support from the comfort of your own space. We understand the importance of mental well-being, and we're here to make it easier for you to connect with qualified mental health professionals whenever you need them. 

🌟 Secure and Convenient Telehealth Sessions  

Access confidential and safe video, voice, or chat sessions with our licensed therapists, counselors, and psychiatrists. Receive the support you deserve without leaving your home. 

🧠 Diverse and Expert Mental Health Providers  

Our providers are a diverse group of mental health experts, ensuring you can find the right fit for your unique needs. They specialize in multiple areas, including anxiety, depression, trauma, and relationship issues. 

🧡 Supportive Community  

Learn about our consumer Group sessions and connect with others on a similar journey. Share experiences, gain insights, and encourage one another. 

🔒 Confidential and HIPAA-Compliant  

Rest assured, your data and conversations are protected with the highest level of security and adhere to strict HIPAA guidelines. 

💼 Dedicated Case Management For those seeking long-term support, our case management feature ensures you receive personalized care and support throughout your mental health journey. 

🌐 Accessible from Anywhere  

Our app is available on multiple devices, making easy connections with your mental health provider, even while you are on the go. 

We believe you deserve access to quality mental health care, and our Mental Health Telehealth app design breaks down barriers to mental health care. Take the first step towards better mental health and well-being. Download our app today. 

Remember, you are not alone on this journey, and we are here to support you every step of the way. Your mental health matters, and with our app, you can prioritize it like never before. 

Download now to start your journey towards a healthier, happier you. Together, we can make a difference in your mental well-being.",Community Guidance Center,"1,000+",Healthcare community,us,"['secure and convenient telehealth sessions', 'diverse and expert mental health providers', 'supportive community', 'confidential and hipaa-compliant', 'dedicated case management', 'accessible from anywhere', 'video voice or chat sessions', 'connect with qualified mental health professionals']","['secure convenient telehealth session', 'diverse expert mental health provider', 'supportive community', 'confidential hipaacompliant', 'dedicated case management', 'accessible anywhere', 'video voice chat session', 'connect qualified mental health professional']","['dedicated case management', 'diverse expert mental health provider', 'video voice chat session', 'confidential hipaacompliant', 'connect qualified mental health professional', 'secure convenient telehealth session', 'accessible anywhere', 'supportive community']",1
org.stanfordhealthcare.myhealth,Stanford Health Care MyHealth,4.427966,Medical,0,TRUE,"Accessing your personal health information has never been easier. The MyHealth mobile app from Stanford Health Care puts your personal information at your fingertips to make managing your health care simple, quick, and completely confidential. 

With the Stanford Health Care MyHealth app you can:

1.	Schedule your in-person appointments or video visits, and eCheck-in for appointments
2.	Communicate with your care team
3.	View test results and manage medications
4.	Inside our buildings, follow step by step directions to your appointment location
5.	Review and pay bills
6.	Get up to date health information during a stay at the hospital

and more…",Stanford Health Care,"100,000+",Healthcare community,us,"['schedule appointments', 'communicate with care team', 'view test results', 'manage medications', 'get directions', 'review bills', 'pay bills', 'get health information']","['schedule appointment', 'communicate care team', 'view test result', 'manage medication', 'get direction', 'review bill', 'pay bill', 'get health information']","['view medication', 'message care team', 'pay bill', 'view test result', 'review bill', 'provide health data', 'schedule upcoming appointment', 'get direction']",1
com.chronicinsights,Chronic Insights symptom diary,4.71,Health & Fitness,0,TRUE,"The privacy-first, ad-free, premium symptom diary that people with chronic health conditions deserve, made by a disabled entrepreneur who lives with a painful autoimmune condition called axial spondyloarthritis.

Free features include:

- track unlimited symptoms and customise them to your needs
- bring in heart rate, activity and sleep data from Fitbit, Samsung Health, Google Fit and more via Health Connect
- track unlimited vital measurements (eg blood pressure, blood glucose, menstrual flow and many more)
- track unlimited medications
- track unlimited factors (things which might trigger or help your symptoms)
- view everything as beautiful, informative and customisable charts
- track mood
- track body measurements
- track your condition with health impact questionnaires such as the BASDAI and BASFI for axial spondyloarthritis
- record blood test results and urine test results
- configure items as line charts or bar charts to fit your needs
- tag, sort, filter and archive items
- create your own custom analysis charts to compare items and spot trends
- export to PDF
- mindfulness breathing exercises
- backup to your own private Dropbox, Google Drive or OneDrive account
- no ads, no personally identifiable data collected or sold

Support my work by subscribing to these optional premium features:

- make your pain visible by ""painting"" the location of your chronic pain onto interactive 3D models which you can rotate and zoom
- paint onto joints and bone to record rheumatic pain
- view your pain as a 3D ""heatmap"" and animated timeline
- quick-record symptoms using the Chronic Insights Wear OS watch app and complication (Wear OS app does not function standalone and requires a linked phone or tablet running the Chronic Insights mobile app)
- view up to 1 year of weather data including temperature, pressure, humidity and precipitation to see if they affect your symptoms
- get a 3 day weather and air quality forecast
- export all data to a spreadsheet",Chronic Insights Ltd,"10,000+",Chronic disease management,us,"['track unlimited symptoms', 'bring in health data', 'track vital measurements', 'track medications', 'track factors', 'view charts', 'track mood', 'track body measurements', 'track condition', 'record test results', 'configure charts', 'tag and filter items', 'create custom analysis charts', 'export to pdf', 'backup data', 'mindfulness exercises', 'no ads or data collection', 'optional premium features', 'paint chronic pain', 'view pain heatmap', 'quick-record symptoms', 'view weather data', 'get forecast', 'export all data']","['track unlimited symptom', 'bring health data', 'track vital measurement', 'track medication', 'track factor', 'view chart', 'track mood', 'track body measurement', 'track condition', 'record test result', 'configure chart', 'tag filter item', 'create custom analysis chart', 'export pdf', 'backup data', 'mindfulness exercise', 'ad data collection', 'optional premium feature', 'paint chronic pain', 'view pain heatmap', 'quickrecord symptom', 'view weather data', 'get forecast', 'export data']","['paint chronic pain', 'track vital measurement', 'view pain heatmap', 'track medication', 'view weather data', 'backup restore data', 'ad data collection', 'optional premium feature', 'configure chart', 'quickrecord symptom', 'get forecast', 'record test result', 'track unlimited symptom', 'track condition', 'provide health data', 'track mood', 'view chart', 'mindfulness exercise', 'export pdf', 'create custom analysis chart', 'track body measurement', 'export data', 'tag filter item']",3
com.bearable,Symptom & Mood Tracker,4.6101694,Health & Fitness,0,TRUE,"✅ <b>Reclaim control over your Symptoms & Mood</b>

Bearable helps people reclaim control of their well-being by making mood and symptom tracking simple, convenient, and accessible. Making entries into our symptom & mood tracker is effortless, so you can focus on feeling better. 

✅ <b>Gain Symptom & Mood insights with just a few clicks a day</b>

Discover trends and correlations in your habits, symptoms, mood, and more. With just a few clicks each day our health tracker can help you gain insights into what’s helping or triggering changes in Mood, Fatigue, and symptoms of chronic illnesses such as PMDD, Lupus, Bipolar, Anxiety, Headache, Migraine, Fibromyalgia, Depression and more.

✅ <b>All your health tracking in one place</b>

Tired of using multiple apps to track your mood, symptoms, sleep, and medication? We think this should be kept in one app so that you and your doctors can get a complete picture of your health.


Bearable helps you to:

✔️ <b>Discover what improves & worsens your symptoms</b> Track your medication, self-care, habits, & activities and discover how they correlate with changes in your symptoms, mood, mental health, and more.


✔️ <b>Communicate with your Doctor or Therapist</b> Easily share reports + timelines showing changes in mood and symptoms of chronic illnesses such as chronic pain, PMDD, Lupus, Bipolar, Anxiety, Headache, Migraine, Fibromyalgia, Depression and more.


✔️ <b>Spot patterns & warning signs</b> Get a headstart on managing your symptoms, mood, and energy levels. Our graphs & weekly reports help you to spot when things take a turn for the worse so you can act fast.


✔️ <b>Monitor changes in symptoms over time</b> Keep an eye on changes in existing symptoms, new symptoms, and how symptoms respond to new medication and treatment. 


✔️ <b>Stay accountable for self-care habits</b> Find the things that help you to manage your symptoms, mood, and mental health and use optional reminders and goals to stick to your self-care plan and adhere to your meds schedule.


✔️ <b>Feel in control of your health again</b> Over 75% of the Bearable community - comprised of people living with chronic illnesses including Chronic Pain, pmdd, Lupus, Bipolar, Anxiety, Headache, Migraine, Fibromyalgia, Depression (and more) - tell us that Bearable helps gives them a sense of control over their health and well-being.

And there’s much more…

➕ <b>Set Reminders.</b>  For healthy medication, mental health check-ins, and self-care.

➕ <b>Share and Export.</b>  

➕ <b>Sync health data automatically.</b>  

➕ <b>Dark mode.</b> 

➕ <b>Restore data across devices.</b> 


💡 <b>Just some of the ways people use Bearable</b>

Symptom tracker
Mood tracker & journal
Mental health tracker
Anxiety tracker
Pain tracker
Medication tracker
Health tracker
Headache tracker
Lupus tracker
Pmdd tracker


🔐 <u>PRIVATE & SECURE</u>

Rest easy knowing your data is encrypted securely on our servers. You have full control over your data and can delete it from within the app at any time.  It’s important to emphasise that we will never under any circumstances sell any personal data to anyone.


💟 <u>Made by people who understand & care</u>

Created by people living with chronic health issues and with feedback from thousands of people with mental and physical health conditions, including Anxiety, Depression, Chronic Fatigue (me / cfs), Multiple Sclerosis (ms), Fibromyalgia, Endometriosis, Bipolar, bpd, ptsd, Migraines, Headaches, Vertigo, Cancer, Arthritis, Crohn's, Diabetes, ibs and ibd, pcos, pmdd, Ehlers-Danlos (eds), Dysautonomia, mcas, and many more.

We aim to make our symptom tracker simple and accessible to everyone, even people suffering from fatigue and brain fog that often accompanies many conditions. We’ve created a sense of community and will continue to listen closely to those who need it most. We’re committed to improving this app to help as many people as possible. We’d love to hear from you (james@bearable.app).",Bearable,"500,000+",Chronic disease management,us,"['symptom tracking', 'mood tracking', 'health tracking', 'medication tracking', 'self-care tracking', 'habit tracking', 'activity tracking', 'report sharing', 'doctor communication', 'pattern spotting', 'warning sign detection', 'symptom monitoring', 'self-care accountability', 'reminder setting', 'data export', 'data syncing', 'dark mode', 'data restoration', 'private and secure data storage']","['symptom tracking', 'mood tracking', 'health tracking', 'medication tracking', 'selfcare tracking', 'habit tracking', 'activity tracking', 'report sharing', 'doctor communication', 'pattern spotting', 'warning sign detection', 'symptom monitoring', 'selfcare accountability', 'reminder setting', 'data export', 'data syncing', 'dark mode', 'data restoration', 'private secure data storage']","['private secure data storage', 'warning sign detection', 'habit tracking', 'provide health data', 'export data', 'data syncing', 'view medication', 'data restoration', 'mood tracking', 'report sharing', 'symptom tracking', 'dark mode', 'reminder setting', 'symptom monitoring', 'selfcare tracking', 'doctor communication', 'activity tracking', 'pattern spotting', 'selfcare accountability']",3
health.human.app,Human Health Tracker,4.53,Medical,0,TRUE,"💗 Human Health: Symptom Tracker, Medication Reminder & Digital Health Record

The ultimate app to track symptoms, medications & treatments, turning your daily experience into actionable data.

With Human Health, you can create a secure digital health record to monitor how your symptoms or overall health are changing over time. Designed with input from patients, parents & medical experts from top US hospitals & universities, Human Health helps manage symptoms & treatments for chronic conditions, mental health, neurological disorders, pain, autoimmune diseases & more.

Key Features:
🤒 SYMPTOM TRACKER & HEALTH JOURNAL
- Track over 1700+ symptoms daily, including chronic symptoms, mental health symptoms, neurological symptoms, pain symptoms, autoimmune symptoms, and gastrointestinal symptoms.
- Get personalized insights into how symptoms change over time.
- Add photos and notes to symptoms for more in-depth information.
- Create a mood journal to monitor mental health symptoms like stress, anxiety, depression, and emotional well-being.

💊 MEDICATION REMINDER, TREATMENTS LOG & PILL TRACKER
- Log medications, treatments, and supplements with custom reminders.
- Track 100,000+ treatments, including therapies, assistive devices, and lifestyle changes.
- Create a flexible medication & treatment plan: choose medication frequency that works for you.
- Track medication & treatment adherence & compare it to your symptom data

🧠 MENTAL HEALTH TRACKER & MOOD JOURNAL
- Log mental health symptoms like anxiety, depression, & mood swings.
- Track mental health patterns & understand mood fluctuations.
- See how medications & lifestyle changes impact mental health.
- Journal to better manage your mental health.

👩‍⚕️ DOCTOR READY HEALTH REPORTS
- Generate a free 3-month health summary (symptom & medications) for doctor visits.
- Customizable reports for greater flexibility to highlight relevant symptoms & medication changes e.g. only include mental health symptoms and mental health medications for therapists. 
- Store & access lab results, scans, & medical records for easy access.

🤝 FAMILY SYMPTOM & MEDICATION TRACKING
- Create multiple profiles for your family in Human Health.
- Use Human Health as your own symptom tracker & medication reminder
- Use Human Health as a symptom tracker & medication reminder for your family. 

🔒 YOUR PRIVACY, OUR PRIORITY
-Encrypted and protected data, with control over who views your information.
-Your personal data will never be sold, and you can delete it anytime.
-Always accessible data—download, export, or delete files when needed.

For more information, visit: https://humanhealth.zendesk.com/hc/en-us
Privacy Policy: https://humanhealth.zendesk.com/hc/en-us/articles/17643897206681-Our-Privacy-Policy
For support, email: support@human.health

Insights provided by Human Health do not constitute medical advice. Always consult your doctor before making any medical decisions.",Human Operations Pty Ltd,"100,000+",Chronic disease management,us,"['symptom tracker', 'medication reminder', 'digital health record', 'secure data storage', 'personalized insights', 'mood journal', 'medication adherence tracking', 'treatment log', 'pill tracker', 'mental health tracker', 'doctor ready health reports', 'family symptom tracking', 'family medication tracking', 'encrypted data', 'data export', 'data deletion']","['symptom tracker', 'medication reminder', 'digital health record', 'secure data storage', 'personalized insight', 'mood journal', 'medication adherence tracking', 'treatment log', 'pill tracker', 'mental health tracker', 'doctor ready health report', 'family symptom tracking', 'family medication tracking', 'encrypted data', 'data export', 'data deletion']","['mental health tracker', 'export data', 'digital health record', 'family medication tracking', 'secure data storage', 'treatment log', 'pill tracker', 'symptom tracking', 'mood journal', 'medication adherence tracking', 'personalized insight', 'medication reminder', 'encrypted data', 'doctor ready health report', 'family symptom tracking', 'data deletion']",3
com.dischargeiq.feedbackiq,ChronicCareIQ,4.6831684,Medical,0,TRUE,"Your doctor or hospital may have asked you to download ""ChronicCareIQ"" to assist in the on-going management of your care or as you transition home from the hospital. This app is exclusively for patients of participating health care providers and systems. After downloading it, follow the instructions on the information sheet you were given at the office or hospital. To learn more, please visit ChronicCareIQ.com or call the number on your information sheet.","Discharge IQ, Inc.","10,000+",Chronic disease management,us,"['download and follow instructions', 'exclusive for participating healthcare providers', 'visit website for more information', 'call for support']","['download follow instruction', 'exclusive participating healthcare provider', 'visit website information', 'call support']","['call support', 'download follow instruction', 'visit website information', 'exclusive participating healthcare provider']",1
com.careclinicsoftware.careclinic,Symptom & Mood Tracker,2.81,Health & Fitness,0,TRUE,"<strong>✅  Take Control of Your Health. Track symptoms, medications & mood all from one App.</strong>

We are a <strong>clinically studied</strong> health tracker app that simplifies managing your chronic, mental, and overall health. Easily track your treatments to better understand how your or a loved one’s health is changing over time.

👩‍⚕️Designed with input from patients, parents, & medical experts from top US universities. Discover and monitor trends and easily share it all with your doctor and caregivers.

⭐ 1000’S of 5-STAR REVIEWS
""I love this health app! It lets me gain insights into how I am doing overall with just a few taps a day. I love that I can track all aspects of my treatment in one place."" -Nat

<strong>Why Use the CareClinic App?</strong>
- Your health data is encrypted, private and never shared without consent 🔐
- Our AI helps manage your health in just 5 minutes a day
- Unlock insights about your health with just a few check-ins
- Integrates well with wearables, Google Fit & works across devices

CareClinic is <u>more</u> than health <strong>symptom tracker</strong> app.

<strong>We Help You Simplify Your Health Journey</strong> - Build healthy habits and remain accountable
- Share data with your doctor, insurance, or employer
- See what works and get a correct diagnosis quicker

📲 <strong>Over 15 Trackers included</strong> (Toggle only the ones you need!)

🤒 <strong>Symptom Tracker</strong>
💊 <strong>Medication Tracker</strong> - For prescriptions, birth control, vitamins & supplements. Indicates interactions & synergies
❤️ <strong>Measurements</strong> - For vitals, blood pressure, blood sugar, weight, temperature/fever, pulse, or add a custom metric
📝 <strong>Health Journal</strong> - Freeform or guided with prompts
😀 <strong>Mood Tracker</strong> - Comes with a medical-grade assessment scale
🥗 <strong>Nutrition Tracker</strong> - Track micros, macros, calories or just log meals with a built-in database
☕️ <strong>Fluids</strong>
🚶‍♀️‍➡️ <strong>Activities </strong> - Track physical activities like walking, steps and exercises
⚠️ <strong>Factors</strong> - Environmental factors, social factors, more
🛌 <strong>Sleep Tracker</strong> - Try sleep sounds
🚽 <strong>Stool Tracker</strong> - Use the Bristol Stool Scale & Urine
📋 <strong>Assessments</strong> - Complete standardized medical questionnaires like the PHQ9, GAD7
⭕️ <strong>Cycle Tracker</strong> - Track your menstrual cycle, period, and ovulation and get predictions
🧘🏻 <strong>Therapies</strong>
☀️ <strong>Weather</strong> - Tracks automatically, helpful for those with migraines & mood

📲 <strong>And many Modules!</strong>

👪 <strong>Care Teams</strong>: Add your dependents and caregivers, share, nudge & view their data remotely
⏰ <strong>Reminders: </strong>Easily set reminders for pills, symptom check-ins, activity & more

➕ Store health Goals, Conditions (comorbidities), Allergies, Test Results, Immunizations (vaccines), surgeries
➕ Educational content, soundscapes, quotes, built-in care plans, exercise & medication library
➕ Monitor progress in charts, logs & AI based trends
➕ Trusted by doctors

<strong>CUSTOMIZABLE</strong>
- Very little manual entry required, use AI + built-in suggestions
- Export PDF reports

<strong>👉🏻  Your Complete Health Planner</strong>

Essential for chronic illness and mental health, used for ADHD, Anxiety, Bipolar Disorder, Depression, Panic Attacks, PTSD, PMDD, Chronic Pain, Fibromyalgia, IBD, IBS, Diabetes, Rheumatoid Arthritis (RA), Multiple Sclerosis (MS), Chronic Fatigue (ME/CFS), POTS, Epilepsy, Vertigo, Cancer, Lupus, Psoriasis, IPF, Endometriosis, PCOS, Ehlers-Danlos Syndrome (EDS), MCAS, Dysautonomia, flu, food allergies, gut health, pregnancy symptoms, and other disorders.

Free to use forever or $5.99/m, $39.99/yr for power users. More bearable than using multiple apps. We're here to support as many people as possible with our symptom tracker. If you have concerns, email us.",CareClinic Tracker & Reminder,"100,000+",Chronic disease management,us,"['track symptoms', 'track medications', 'track mood', 'clinically studied health tracker', 'design with patient input', '1000s of 5-star reviews', 'encrypted health data', 'ai-powered health management', 'unlock health insights', 'integrates with wearables', 'customizable health tracking', 'symptom tracker', 'medication tracker', 'measurements tracker', 'health journal', 'mood tracker', 'nutrition tracker', 'fluids tracker', 'activities tracker', 'factors tracker', 'sleep tracker', 'stool tracker', 'assessments tracker', 'cycle tracker', 'therapies tracker', 'weather tracker', 'care teams', 'reminders', 'store health goals', 'educational content', 'export pdf reports', 'build healthy habits', 'share data with doctor', 'see what works', 'get correct diagnosis', 'over 15 trackers included']","['track symptom', 'track medication', 'track mood', 'clinically studied health tracker', 'design patient input', '1000 5star review', 'encrypted health data', 'aipowered health management', 'unlock health insight', 'integrates wearable', 'customizable health tracking', 'symptom tracker', 'medication tracker', 'measurement tracker', 'health journal', 'mood tracker', 'nutrition tracker', 'fluid tracker', 'activity tracker', 'factor tracker', 'sleep tracker', 'stool tracker', 'assessment tracker', 'cycle tracker', 'therapy tracker', 'weather tracker', 'care team', 'reminder', 'store health goal', 'educational content', 'export pdf report', 'build healthy habit', 'share data doctor', 'see work', 'get correct diagnosis', '15 tracker included']","['assessment tracker', 'stool tracker', 'customizable health tracking', '15 tracker included', 'store health goal', 'track symptom', 'track medication', 'educational content', 'activity tracking', 'medication adherence tracking', 'health journal', 'build healthy habit', 'export pdf', '1000 5star review', 'nutrition', 'encrypted health data', 'care team', 'get correct diagnosis', 'integrates wearable', 'clinically studied health tracker', 'aipowered health management', 'design patient input', 'unlock health insight', 'factor tracker', 'fluid tracker', 'track mood', 'sleep tracker', 'mood tracking', 'reminder setting', 'see work', 'view weather data', 'cycle tracker', 'therapy tracker', 'symptom tracking', 'share data doctor']",3
com.my_apps_studio.all_diseases_treatment,All Diseases Treatments,4.366667,Health & Fitness,0,TRUE,"This is complete solution to read all diseases treatments through this app. It's completely free and offline. It is very useful for pharmacists, medical students, hospital workers, nursing professionals, health professionals, doctors, laboratory technicians, patients, common people, etc.
This is a Medical Dictionary hand book can act as a clinical advisor for self diagnosis and can also be used to look up symptoms, diseases and treatment. Medical dictionary free download is like a free Doctor at home for common diseases and treatment codes.
All major categories relevant to diseases including common diseases, health and care, viruses, mental health, ear, nose and throat relevant diseases, cancer, infection and poisoning, injuries, pregnancy relevant complications, eyes relevant and almost every part of body relevant diseases are added. All common diseases including allergies, cold and flu, diarrhea, headaches, hepatitis, and their types are included.
KEY FEATURES:
Works completely offline without internet
Detailed description of all major diseases and medical disorders
Information regarding treatment of every disease and each medical disorder
Complete healthcare guide and medical dictionary
Medical Disorder & Diseases Treatment Dictionary
Diseases Dictionary
DISCLAIMER:
App content provided for reference, educational purposes only. It is not to use for medical diagnosis, medical advice or treatment. Consult a doctor before the actual usage of any information in this app.",My_Apps_Studio,"500,000+",Chronic disease management,us,"['disease treatment information', 'offline access', 'medical dictionary', 'disease description', 'treatment information', 'healthcare guide', 'medical disorder dictionary', 'disease dictionary']","['disease treatment information', 'offline access', 'medical dictionary', 'disease description', 'treatment information', 'healthcare guide', 'medical disorder dictionary', 'disease dictionary']","['healthcare guide', 'medical disorder dictionary', 'communicable disease information', 'medical dictionary', 'offline access', 'disease description', 'disease dictionary', 'treatment information']",1
com.soft_solutions.alldieasesandtreatment,All Diseases Treatments 2025,0,Medical,0,TRUE,"All Disease Treatment contains all the information about the types of disease, symptoms, and treatment. The disease and treatment app is a helpful tool for doctors, medical students, nurses, doctor assistants, health professionals, medical laboratory technicians, health care skill workers, and patients.

All Disease Treatment App provides information about main diseases, Diabetes, High Blood Pressure, Hearing Disease, Cancer, Influenza (Flu), Asthma, Hepatitis, HIV/AIDS, Tuberculosis, Alzheimer's Disease, Liver Disease, Inflammatory Bowel Disease, kidney disease, Rheumatism, Malaria, Parkinson's, Dengue Fever, Rabies, Typhoid, Disease Types and Symptoms, Treatment Guide.

Important features of the treatment of the disease:
Protect your health with preventive care tips.
Symptoms, causes, risks, tests, and treatment options are clearly explained.
Explore your treatment options and understand potential side effects.
A comprehensive overview of all diseases, diagnostic tests, and treatments.
Take control of your health with trusted medical information.

All disease and treatment apps provide complete details on all common diseases, including symptoms and treatment. All Disease treatment offers a complete guide to understanding and managing diseases, making it easy to find all the information you need in one place.

With the help of a Disease Treatment guide, Choose your disease symptoms, learn about possible illnesses or issues, and find disease treatment and care options. Discover medical information about conditions you're interested in, including their causes, treatments, and related symptoms.

Common symptoms in all disease treatments include:
Fever
Loss of appetite
Headache
Bellyache
Sickness
Tiredness
Vomit
Dizziness
Cough
Cold
The Flu
Anxiety and depression
Viral Gastroenteritis
Acute Bronchitis
Acute Pharyngitis
Indigestion: Vomiting, Diarrhea
Respiratory diseases

The All Disease Treatment app covers all topics related to your physical health. Each disease is explained in detail, including its various types. For each disease, you'll find a clear description answering questions like: What is this disease? What are its symptoms? What tests are necessary to diagnose it? The disease and treatment app provides the names of all diagnostic tests and explains what each test evaluates. You'll also learn how the disease can be treated and what steps can be taken to prevent it. Specific prevention methods are provided for each disease, including which items can help in avoiding it.

It is also important to have a medical diagnosis and treatment app for everyone so that the patient can know why he has the disease. How it can be avoided، All diseases are explained in very simple terms.

DISCLAIMER:
The content in the disease and treatment app is for reference and educational purposes only. All disease treatment apps are not for medical diagnosis, advice, or treatment. Always consult a doctor before using any information from the All Disease Treatment app.

Download our All Disease Treatment app to gain knowledge about your physical health. Learn about different types of diseases, their symptoms, and treatment options.",Soft.Solutions,"10,000+",Chronic disease management,us,"['disease information database', 'symptom checker', 'treatment guide', 'preventive care tips', 'comprehensive disease overview', 'diagnostic test explanations', 'treatment options', 'side effect information', 'medical information', 'disease management guide', 'symptom tracking', 'disease prevention methods', 'medical diagnosis support']","['disease information database', 'symptom checker', 'treatment guide', 'preventive care tip', 'comprehensive disease overview', 'diagnostic test explanation', 'treatment option', 'side effect information', 'medical information', 'disease management guide', 'symptom tracking', 'disease prevention method', 'medical diagnosis support']","['treatment information', 'diagnostic test explanation', 'access medical record', 'comprehensive disease overview', 'symptom checker', 'disease description', 'disease prevention method', 'treatment option', 'symptom tracking', 'side effect information', 'preventive care tip', 'communicable disease information']",1
health.mydiabetes,MyDiabetes: Health management,4.1287127,Health & Fitness,0,TRUE,"Navigating through the intricacies of diabetes? Whether you're diagnosed with diabetes or confronting prediabetes, the MyDiabetes app is designed to lead your journey with accuracy. It assists in tracking your glucose and HbA1c (hemoglobin A1c) levels while also providing meal suggestions tailored to your palate.

Conveniently manage and monitor your weight, glucose metrics, and overall health trajectory. MyDiabetes, created for individuals coping with elevated blood sugar, weight issues, and other challenges linked to diabetes, extends unparalleled advice.

Experience MyDiabetes for FREE and commence your health journey. Utilize our trackers for monitoring blood sugar, A1c levels, water consumption, medications, carbs, and more.

But that's not all... Upgrading to Premium unlocks exclusive MyDiabetes features, encompassing personalized diabetic meal planning, simplified grocery lists for your weekly shop, equipment-free workouts, and a lot more.

Presented by experts and nutritionists, MyDiabetes specializes in diabetes management strategies and delectable recipes. This guarantees a pathway to improved health, weight management, and diligent tracking of your diabetic health.

We hold the conviction that everyone should live their best life. Hence, our Premium plan offers a personalized meal regime, allowing you to relish a diabetes-compatible diet without compromising on foods you love to eat.

Our mission is to foster your transformation towards a healthier lifestyle and provide unwavering 24/7 assistance. Give it a shot today and anticipate transformative, positive outcomes!

MyDiabetes FREE Features:

📉 Complete Health Tracker:
Monitor glucose, A1c, medication, and carb intake with ease. Crucial for medical reviews and ensure your health plan aligns perfectly. Seamlessly integrates with the Apple Health app.

📅 Activity Digest:
Stay informed about your app-related activities. Log meals, exercises, and hydration, and maintain a regular diabetes record with ease.

MyDiabetes Premium Perks:

🍏 Customized Diabetic Meal Advisor:
Meal plans crafted to meet your calorie, carb, sugar, and cholesterol needs, complemented by an array of healthy diabetic recipes and a carb tracker tool.

🛒 Smart Shopping Aides:
Efficiently assemble ingredients through our weekly grocery lists.

🏋️ At-Home Workouts:
Indulge in curated, equipment-free workouts. Improve your health and weight with specialized diabetic guidance.

📉 Comprehensive Health Tracker:
Track glucose, A1c, medication, and carbs seamlessly. Perfect for medical evaluations and aligning with your health goals. Also syncs with the Apple Health app.

📅 Activity Snapshot:
Remain updated with all app engagements. Note down daily meals, workouts, and hydration levels, and uphold a diabetes diary that syncs with Apple Health.

SUBSCRIPTION INFO

MyDiabetes offers both free and premium plans to access its essential features. Prices may vary based on geography, converting to local currencies. Auto-renewals are the default unless terminated beforehand.

Subscription costs might differ by region, and your local currency will reflect the charges depending on residency. The plan auto-renews unless halted beforehand.

Download MyDiabetes and embark on a tailored diabetes management expedition. Discover nutritious recipes suitable for diabetes and structure your eating habits with our meal planner and carb counter tool. Initiate your journey to tackle diabetes and weight issues today!

---

Disclaimer: Before making medical decisions, check with your doctor.

Terms and Conditions: https://mydiabetes.health/general-conditions/
Privacy Policy: https://mydiabetes.health/data-protection-policy/",Diabetes Solutions,"100,000+",Health management,us,"['track glucose levels', 'track hba1c levels', 'meal suggestions', 'weight tracking', 'health trajectory monitoring', 'blood sugar tracking', 'a1c level tracking', 'water consumption tracking', 'medication tracking', 'carb tracking', 'personalized diabetic meal planning', 'simplified grocery lists', 'equipment-free workouts', 'comprehensive health tracker', 'activity snapshot', 'sync with apple health']","['track glucose level', 'track hba1c level', 'meal suggestion', 'weight tracking', 'health trajectory monitoring', 'blood sugar tracking', 'a1c level tracking', 'water consumption tracking', 'medication tracking', 'carb tracking', 'personalized diabetic meal planning', 'simplified grocery list', 'equipmentfree workout', 'comprehensive health tracker', 'activity snapshot', 'sync apple health']","['track glucose level', 'water consumption tracking', 'personalized diabetic meal planning', 'carb tracking', 'equipmentfree workout', 'weight tracking', 'view medication', 'meal suggestion', 'comprehensive health tracker', 'blood sugar tracking', 'sync apple health', 'simplified grocery list', 'activity tracking', 'provide health data', 'a1c level tracking', 'track hba1c level']",3
com.medm.app.health,Health Diary by MedM,4.34,Medical,0,TRUE,"The world’s only holistic health monitoring diary that can collect 25+ measurement types from 900+ Bluetooth-enabled sensors. MedM Health is more than a vital sign log book for blood pressure and glucose, body weight and temperature, heart rate and oxygen saturation, it is a comprehensive health diary app that supports users in taking control: reaching their wellness goals, managing a chronic condition, improving their quality of life. 

MedM health is a single entry point for tracking, journaling, analyzing, and sharing (with family or caregivers) of 30+ types of recorded physiological & wellness parameters:
1. A1C
2. Activity
3. Alcohol Content
4. Auscultation
5. Blood Cholesterol
6. Blood Coagulation
7. Blood Glucose
8. Blood Ketone
9. Blood Lactate
10. Blood Pressure
11. Blood Uric Acid
12. ECG
13. Exercise
14. Fetal Doppler
15. Heart Rate
16. Heart Rate Variability
17. Hematocrit
18. Hemogolbin
19. Medication Intake
20. Mole Scan
21. Note
22. Oxygen Saturation
23. Respiration Rate
24. Sleep
25. Spirometry
26. Stress level
27. Temperature
28. Total Serum Protein
29. Triglycerides
30. Urine Test
31. Weight

Data can be collected automatically from connected fitness and health monitors or entered manually via the Smart Entry interface. MedM Health does not require registration, but with it - offers synchronization and backups with a cloud service. Unregistered users can keep their health diaries in offline mode (data stored only on their smartphone). Please note that some features require a subscription that is available only for registered users.

Basic Features:
- Automatic data collection from an unlimited number of connected health meters
- Manual data entry
- App use with or without registration
- Online data backups for registered users
- Reminders for taking medications & making measurements
- Configurable dashboard
- Measurements history, trends, and graphs
- Data export in CSV format
- A two-week free MedM Health Premium trial

Premium Features:
- Multiple health profiles for family (including pets)
- Data sync with connected health ecosystems (Apple, Garmin, Google, Fitbit, etc.)
- Health profiles sharing
- Remote health monitoring (via the app or MedM Health Portal)
- Notifications for threshold, reminders, and goals
- Data export in PDF and XLSX formats
- Special offers from MedM partners and more

Data safety: MedM employs all applicable data protection best practices - cloud synchronization via HTTPS, data is stored encrypted on securely hosted servers. Users exercise full control over their records and can export or request to delete them at any time. User health data is never sold or shared with unauthorized parties.

MedM is the absolute world leader in smart medical device connectivity - we support Bluetooth, NFC, and ANT+ meters by the following vendors: A&D Medical, AndesFit, Andon Health, AOJ Medical, Berry, BETACHEK, Borsam, Beurer, ChoiceMMed, CMI Health, Conmo, Contec, CORE, Cosinuss, D-Heart, EZFAST, FindAir, Finicare, Fleming Medical, Fora Care Inc., iChoice, Indie Health, iProven, i-SENS, Jerry Medical, J-Style, Jumper Medical, Kinetik Wellbeing, Masimo, MicroLife, Mio, MIR, Nonin, Omron, Oxiline, PIC, Roche, Rossmax, Sinocare, SmartLAB, TaiDoc, Tanita, TECH-MED, Transtek, Tyson Bio, Viatom, Vitalograph, Yonker, Zewa Inc. and more.

NOTE! Device compatibility can be checked here: https://medm.com/sensors

Disclaimer: MedM Health is intended for non-medical, general fitness and wellness purposes only. Always consult a doctor before making any medical decisions",MedM Inc,"100,000+",Health management,us,"['automatic data collection', 'manual data entry', 'unlimited health meter connection', 'online data backups', 'medication reminders', 'configurable dashboard', 'measurement history', 'data export', 'premium trial', 'multiple health profiles', 'data syncing', 'health profile sharing', 'remote health monitoring', 'threshold notifications', 'data export formats', 'special offers', 'data safety', 'device compatibility check', 'doctor consultation']","['automatic data collection', 'manual data entry', 'unlimited health meter connection', 'online data backup', 'medication reminder', 'configurable dashboard', 'measurement history', 'data export', 'premium trial', 'multiple health profile', 'data syncing', 'health profile sharing', 'remote health monitoring', 'threshold notification', 'data export format', 'special offer', 'data safety', 'device compatibility check', 'doctor consultation']","['unlimited health meter connection', 'threshold notification', 'premium trial', 'automatic data display', 'provide health data', 'manual data entry', 'export data', 'measurement history', 'data syncing', 'special offer', 'data safety', 'remote health monitoring', 'device compatibility check', 'seek doctor advice', 'configurable dashboard', 'multiple health profile', 'medication reminder', 'online data backup']",4
com.kithandkin.kinkeeper,KinKeeper - Health Organizer,4.05,Health & Fitness,0,TRUE,"KinKeeper is the health organizer that’s helped 5,000+ people care for those they care about with a secure place for medical info. Share health info like medication lists, appointment notes, and important documents with family, friends, and other caregivers.

MEDICATION LIST
Manage your medication list by adding prescriptions, supplements, and more. Get refill reminders and share lists with anyone in case of emergency.

APPOINTMENT NOTES
Store and organize appointment notes and questions for your doctor. Keep family informed about updates from provider visits.

PERSONAL HEALTH RECORD
Keep health records up-to-date and organized with easy-to-add ALLERGIES, CONDITIONS, ID CARDS, PRACTITIONERS, PROCEDURES, HOSPITALIZATION, VACCINATIONS, and more!

IMPORTANT DOCUMENTS & PHOTOS
Store health and life documents like discharge paperwork, medical bills, insurance cards, living wills, lab reports, and tests results. Snap photos and label them for quick access later!

ORGANIZE AND SHARE WITH ANYONE
- Create custom topics so you can organize anything you add
- Give others access to edit or just view information
- Share view-only time-limited access to anyone like babysitters or caregivers
- View recent updates for each profile
- To-Do List for each profile helps keep track of upcoming appointments, medications, and more
- Organize health records for anyone you care for with unlimited profiles (including pets!)

KinKeeper is the caregiving app that empowers you to have all the important medical info with you at any time! It’s independent of any health system so you can manage your own personal health record across all providers, for anyone you care for.

Voted “Best Patient Managed Health Record” by the College of Healthcare Information Management Executives and Scale Health. 

PRIVATE & SECURE
Your privacy is protected. KinKeeper is HIPAA Verified and compliant with FTC requirements for personal health records. We DO NOT SHARE YOUR DATA with anyone!

CAREGIVING MADE EASIER
KinKeeper is a caregiver app to help any family to stay informed and up-to-date in caring for elderly parents, managing chronic conditions, or sharing emergency health info.

HEALTH TRACKER
Use notes to keep track of symptoms and health progress. Easily share anything from KinKeeper with others via text or email.

GET PREMIUM FEATURES FOR FREE FOR A LIMITED TIME!
As a thank you for downloading KinKeeper in the first weeks of our App Store launch, you’ll get PREMIUM ACCESS FOR FREE until April 1, 2024! Premium features include:
Advanced info types like Hospitalizations, Procedures, and more
Ability to store documents, photos, and files
Custom Reminders and Tasks (coming soon!","Kith and Kin, LLC","10,000+",Health management,us,"['medication list management', 'appointment note storage', 'personal health record keeping', 'document and photo storage', 'custom topic organization', 'access control', 'view-only sharing', 'to-do list', 'unlimited profiles', 'health record organization', 'private and secure', 'symptom tracking', 'premium features', 'advanced info types', 'custom reminders', 'task management']","['medication list management', 'appointment note storage', 'personal health record keeping', 'document photo storage', 'custom topic organization', 'access control', 'viewonly sharing', 'todo list', 'unlimited profile', 'health record organization', 'private secure', 'symptom tracking', 'premium feature', 'advanced info type', 'custom reminder', 'task management']","['unlimited profile', 'custom topic organization', 'access control', 'todo list', 'health journal', 'task management', 'premium feature', 'report sharing', 'appointment note storage', 'custom reminder', 'personal health record keeping', 'symptom tracking', 'document photo storage', 'medication list management', 'private secure', 'advanced info type']",1
com.guavahealth.app,Guava: Health Tracker,4.7623763,Health & Fitness,0,TRUE,"Guava empowers everyone to manage their overall health and chronic illnesses. Whether trying to find a diagnosis, or dealing with a complex condition like POTS, EDS, MCAS, ME/CFS, Long COVID, or a mix of multiple conditions, Guava can simplify your life with comprehensive tools and insights.

✔️ ALL YOUR HEALTH RECORDS IN ONE PLACE: Guava connects to over 50,000 providers in the US through patient portals like MyChart and Cerner to give you up-to-date medical records, lab tests, doctor’s notes, and more. Connect the dots from seeing so many different specialists.

Guava supports uploading CCDA documents, X-rays & MRIs (DICOM), and helps you digitize your paper records too. Upload PDFs or images of your paper records and see Guava automatically extract information with AI record-reading technology, and transform your documents into a fully searchable, easy-to-understand format.

• TRACK YOUR SYMPTOMS: Easily log your symptoms or pain, including body location, and see trends over time. Compare symptoms to treatments or lifestyle habits to discover triggers, see if a treatment is working, and find habits that improve your symptoms.

• MANAGE MEDICATIONS: Never forget to take your meds again. Set medication reminders, track pill supply, and get refill notifications. Easily keep track of your med schedule, and get insights to see what effect your medication has on your health. 

• LOG YOUR DAILY HABITS & BODY MEASUREMENTS: Record habits and activities to see trends and correlations. Track food intake, menstrual cycle, caffeine consumption, exercise, weight, blood pressure, glucose, custom factors, and more. Set health goals to optimize treatment or preventive action.

• GET PERSONALIZED INSIGHTS: Guava finds correlations between your symptoms, meds, lifestyle, and more. For example, discover if new medications affect your mood or if certain foods or even the weather triggers flare-ups, migraines, etc.

• TRACK YOUR PERIOD & PREGNANCY: Log your cycle and receive period and ovulation predictions. Get reminders for when your period is coming, if it’s late, when you’re ovulating, and your fertility window. Enable Baby Mode to track pregnancy milestones, symptoms, and health data. Discover trends and correlations between your cycle, symptoms, medication, mood, and pregnancy progress.

• PREPARE FOR DOCTOR’S VISITS: Pull in logging and medical information to create a customized summary for your provider of your overall health, symptoms, meds, and conditions. Add requests, questions, and assessments you may have leading up to your appointment so you remember it all.

• SYNC FITNESS AND MEDICAL DATA: Guava connects to popular fitness and medical apps and devices to sync everyday health data like steps, heart rate, and glucose to your Guava.

• BE PREPARED FOR EMERGENCIES: The Guava Emergency Card expedites care by alerting first responders to your conditions, allergies, and medications that impact care.

YOUR SECURITY AND PRIVACY: Guava is HIPAA compliant. We take your security and privacy seriously. We do not sell your data and we follow all applicable law. Read more here: https://guavahealth.com/privacy-and-security

No ads, ever.

Ways Guava can help you manage health conditions:
• Summarize doctor notes or get help with Guava Assistant AI
• Compare and try new treatment plans
• Track your symptoms and mood
• Manage your medication
• Create searchable and organized records
• Empower yourself with data to bring to your next appointment
• Monitor your mental health
• See how your health changes over time
• Discover insights
• Coordinate your care with care teams

Supported apps include:
• Fitbit
• Garmin
• Apple Health
• Google Fit
• Health Connect
• Dexcom
• Freestyle Libre
• Omron
• Withings
• Oura
• Whoop
• Strava

Patient portals:
• Medicare.gov
• Veterans Affairs / VA.gov
• Epic MyChart
• Healow / eClinicalWorks
• NextGen / NextMD
• Quest Diagnostics
• LabCorp
• Cerner
• AthenaHealth
• And more","Guava Health, Inc.","10,000+",Health management,us,"['all health records in one place', 'track symptoms', 'manage medications', 'log daily habits and body measurements', 'get personalized insights', 'track period and pregnancy', 'prepare for doctor\'s visits', 'sync fitness and medical data', 'be prepared for emergencies', 'secure and private']","['health record one place', 'track symptom', 'manage medication', 'log daily habit body measurement', 'get personalized insight', 'track period pregnancy', 'prepare doctor visit', 'sync fitness medical data', 'prepared emergency', 'secure private']","['view medication', 'log daily habit body measurement', 'private secure', 'make doctor appointment', 'sync fitness medical data', 'health record one place', 'track period pregnancy', 'prepared emergency', 'track symptom', 'personalized insight']",4
com.google.android.apps.healthdata,Health Connect,2.7879517,Health & Fitness,0,TRUE,"Health Connect by Android gives you a simple way to share data between your health, fitness, and wellbeing apps without compromising on privacy.

Once you've downloaded Health Connect, you can access it through your settings by going to Settings > Apps > Health Connect, or from your Quick Settings menu.

<b>Get more from your favorite apps.</b> Whether you're focused on activity or sleep, nutrition or vitals, sharing data between your apps can help you better understand your health. Health Connect gives you simple controls, so you only share the data you want to.

<b>Keep your health and fitness data in one place.</b> Health Connect stores the health and fitness data from your apps in one place, offline and on your device, so you can easily manage the data from your different apps.

<b>Update privacy settings in a few taps.</b> Before a new app can access your data, you can review and choose what you want to share. If you change your mind, or want to see which apps recently accessed your data, find it all in Health Connect.",Google LLC,"500,000,000+",Health management,us,"['share data between health and fitness apps', 'access data from settings', 'quick access to health data', 'control data sharing', 'store health data offline', 'manage multiple app data', 'update privacy settings', 'review app data access']","['share data health fitness apps', 'access data setting', 'quick access health data', 'control data sharing', 'store health data offline', 'manage multiple app data', 'update privacy setting', 'review app data access']","['store health data offline', 'update privacy setting', 'share data health fitness apps', 'information provision', 'control data sharing', 'quick access health data', 'manage multiple app data', 'review app data access']",2
com.cliniconline,Medical Records,4.12,Medical,0,TRUE,"You can use this Android Medical Records App to easily save anamnesis,  patient records, patient history, health information. Through your mobile or your pc

<b>Features:</b>
* According to your needs, choose to store your medical data  either in your device memory or on a secure cloud storage where data sync is enabled. 

* Supports multiple screens; phones, small and large size tablets
* Works on Chromebook system 
* Backup your data  
* Manages appointments 
* Username and password authentication 
*  Export medical data to Excel Sheet, pdf and graphs 
* Attach medical documents of any type (pdf, word ...etc) or capture it using camera or video recording. 
* Most of the data are stored using the auto-complete technique. 
* Stores patient’s address: latitude, longitude using  maps 
* The availability to launch Google Maps navigation to drive to the (patient & doctor & hospital)  stored address starting from your current location 
* Medical history reports 
* Multiple Search Techniques: 
    * by name  or phone number 
    * By visit date  
    * By appointment date 
* Records video or image capture for medical activities, with or instead of writing text. 
* Full screen image slider to browse reports which captured by the user 
* Full screen video viewer to display Videos taken. 
* Pick up medical document stored as Picture or video from Image gallery 
* Capability of adding patient information via the device contact list; if the patient info is on the device contacts list 
* Physicians can use the app in their clinics for private practice management as a clinic information system, clinic management system, Doctor Patient Medical Record, Healthcare management mobile application, Patient Medical Records to track Patient history, Electronic medical Records (EMR), Electronic Health Records (EHR). 
*  It could be considered as medical management, family healthcare, medical records tracker app as normal persons can use the app to store their private medical information and their family health history, thus makes it easy for your doctor to track your medical info history

<b>Main Medical modules</b>
* Medical visit module 
* Family history module 
* Allergy list module 
* Vaccines list module 
* Blood pressure module 
    * Recording ​systolic, diastolic, pulse 
    * Export blood pressure reports to either PDF or Graphs 
    *  Send blood pressure reports to your doctor, patient 
* Blood glucose (sugar) module 
    *  Saving blood sugar value 
    *  Export blood glucose reports to either PDF or Graphs 
    * Send blood sugar reports to your doctor 
* Physical examination form to record symptoms and diagnoses..etc 
* Lab Tests module 
* Prescription (drugs) module to save medicine info 
* Radiology module 
* Pathology report module 
* Surgeries data module 
* Notes module to record any notes and to attach any document. 
* Appointment module to track patient appointments

We are working to keep updating the app so as to be one of the top medical practice management software  .",MedClin,"100,000+",Health management,us,"['store medical data locally or on cloud', 'supports multiple screens', 'works on chromebook', 'backup data', 'manage appointments', 'username and password authentication', 'export medical data', 'attach medical documents', 'auto-complete technique', 'store patient address', 'launch google maps', 'medical history reports', 'multiple search techniques', 'record video or image', 'full screen image slider', 'full screen video viewer', 'pick up medical document', 'add patient information', 'private practice management', 'clinic information system', 'electronic medical records', 'electronic health records', 'medical management', 'family healthcare', 'medical records tracker', 'medical visit module', 'family history module', 'allergy list module', 'vaccines list module', 'blood pressure module', 'blood glucose module', 'physical examination form', 'lab tests module', 'prescription module', 'radiology module', 'pathology report module', 'surgeries data module', 'notes module', 'appointment module']","['store medical data locally cloud', 'support multiple screen', 'work chromebook', 'backup data', 'manage appointment', 'username password authentication', 'export medical data', 'attach medical document', 'autocomplete technique', 'store patient address', 'launch google map', 'medical history report', 'multiple search technique', 'record video image', 'full screen image slider', 'full screen video viewer', 'pick medical document', 'add patient information', 'private practice management', 'clinic information system', 'electronic medical record', 'electronic health record', 'medical management', 'family healthcare', 'medical record tracker', 'medical visit module', 'family history module', 'allergy list module', 'vaccine list module', 'blood pressure module', 'blood glucose module', 'physical examination form', 'lab test module', 'prescription module', 'radiology module', 'pathology report module', 'surgery data module', 'note module', 'appointment module']","['access electronic health information', 'store patient address', 'store medical data locally cloud', 'work chromebook', 'medical management', 'surgery preparation', 'family healthcare', 'access medical record', 'pick medical document', 'backup restore data', 'electronic medical record', 'appointment management', 'launch google map', 'note prescription', 'multiple search technique', 'note module', 'username password authentication', 'radiology module', 'access patient information', 'clinic information system', 'lab test module', 'full screen video viewer', 'private practice management', 'export medical data', 'autocomplete technique', 'family history module', 'record video image', 'view medical history', 'allergy list module', 'blood pressure module', 'blood glucose module', 'pathology report module', 'support multiple screen', 'physical examination form', 'vaccine information']",1
com.cerner.iris.play,HealtheLife,2.881356,Medical,0,TRUE,"HealtheLife helps individuals and families stay informed, educated and take a more active role in their health.

Through the HealtheLife app, you have real-time and easy access to your health care organization's online portal. This portal shows your latest health care information and provides services needed to plan, understand and engage in your care.
 
You must first be granted access by your health care organization to use their online portal. Once you have an account, simply sign into the HealtheLife app with your Cerner Health username and password.  If you have access to portals from multiple health care organizations, you can view all participating portals through the app.
 
Each participating organization's portal is unique but most portals allow you to connect with your care team by:
• Securely messaging your provider
• Scheduling and managing upcoming appointments
• Accessing medical information including allergies, laboratory results, health issues, immunizations, medications and other health documents
 
If you need assistance accessing your existing account, visit your health care organization's website for support options. Contact your provider directly regarding questions about your health record. Personal health inquiries or concerns posted as comments in the Play Store cannot be addressed.",Cerner Corporation,"1,000,000+",Health management,us,"['access health care information', 'secure messaging with provider', 'schedule and manage appointments', 'view medical information', 'connect with care team', 'view health records', 'access multiple portals']","['access health care information', 'secure messaging provider', 'schedule manage appointment', 'view medical information', 'connect care team', 'view health record', 'access multiple portal']","['connect care team', 'provide health data', 'secure messaging provider', 'access multiple portal', 'access medical record', 'schedule manage appointment']",1
health.doctor.pill.my_medicine,My Medicine - Health Log,0,Medical,0,TRUE,"Are you finding it difficult to keep track of all your medication details? Simplify your life with My Medicine - Health Log app; your all-in-one solution for managing your health and wellness needs. Our app is designed to ensure you never miss a dose, an appointment, or an important health update again.

💊 Simple Medicine Management

With My Medicine - Health Log, you can store all your medication information in one place. Easily log details such as medication photos, symptoms, dosage, intake instructions, and doctor referrals. This helps ensure you take all your doses and always have your information at hand.


📲 Key Features:

Medications - Keep a detailed record of all your medications, including photos, dosage, intake instructions, and more.

Insurance - Store all your insurance details such as policy numbers, premium amounts, due dates, insurance company names, and plan details. Having this information handy can save you time and stress.

Medical History - Maintain a comprehensive record of your medical history, including past illnesses, surgeries, and treatments. This is invaluable for doctor visits and emergency situations.

Emergency Numbers - Save important emergency contact numbers to ensure these can be easily accessed.

Blood Pressure - Track your blood pressure readings over time to monitor your cardiovascular health.

Blood Sugar - Keep a log of your blood sugar levels to manage diabetes effectively.

Seizures -  Track seizures, logging details to help manage and monitor your condition.

Menstruation/Periods (for ladies) - Track your menstrual cycle to stay informed about your reproductive health.

Notes - Journal any additional health-related information or reminders.

Additional features - Our app is continuously evolving, with more features coming soon to enhance your medical management. 

 


⚙️ User-Friendly Options

Share Information - Easily share your medication and insurance details via WhatsApp, email, and other platforms. This is particularly useful for sharing information with healthcare providers or family members.

Photo Upload - Take a photo or upload an existing image to store in the app. This feature allows you to visually document your medications and important health documents.

Multiple Themes and Display Views - Customize the app's appearance with multiple themes and display views to suit your preferences and support accessibility.

Backup and Restore - Ensure your data is safe with backup options. Save backups to Google Drive, your phone, or email. This feature gives you peace of mind knowing your information is secure and easily recoverable.

Why Choose My Medicine - Health Log for Health Tracking?

✅ Easy to Use - The app is designed with simplicity in mind, making it easy for anyone to use, regardless of their technical proficiency.

✅ Comprehensive Health Management - More than just medication management, the app helps you manage various aspects of your health, providing a holistic approach to health management.

✅ Secure and Reliable - Your health information is sensitive, and the app ensures it is stored securely, with options for backup and recovery to prevent data loss.


Take control of your health and medication management with Health Log - Medicine Manager. Download now and experience the convenience of having all your health information organized and easily accessible. Whether you need to remember medication details, track your blood pressure, or keep your insurance information handy, our app is here to support you. Empower yourself to live a healthier, more organized life.

➡️ Download My Medicine and Health Log Today!

Don't let managing your health become a hassle. With My Medicine Health Log, your medical needs are right at your fingertips. Download the app today and start your journey towards better health management.",made easy,"10,000+",Health management,us,"['medication management', 'insurance management', 'medical history tracking', 'emergency contact saving', 'blood pressure tracking', 'blood sugar tracking', 'seizure tracking', 'menstrual cycle tracking', 'note journaling', 'photo upload', 'theme customization', 'backup and restore', 'share information', 'easy to use', 'comprehensive health management', 'secure data storage']","['medication management', 'insurance management', 'medical history tracking', 'emergency contact saving', 'blood pressure tracking', 'blood sugar tracking', 'seizure tracking', 'menstrual cycle tracking', 'note journaling', 'photo upload', 'theme customization', 'backup restore', 'share information', 'easy use', 'comprehensive health management', 'secure data storage']","['theme customization', 'easy sign', 'insurance management', 'comprehensive health tracker', 'share knowledge', 'blood sugar tracking', 'note journaling', 'backup restore data', 'menstrual cycle tracking', 'upload photo', 'view medical history', 'seizure tracking', 'secure data storage', 'emergency contact saving', 'view medication', 'blood pressure module']",1
com.lifemd.care,LifeMD,4.876923,Medical,0,TRUE,"Nationwide access to the best online medical providers and prescriptions. No insurance needed. 


Access a new kind of healthcare with LifeMD. It's transparent healthcare that you can trust, without co-pays, surprise medical bills, or unnecessary specialist visits and diagnostics. LifeMD offers the best virtual healthcare, at the best price, from the best medical providers. 


Our medical providers aren't influenced by insurance companies or motivated by referrals.  Their care and focus is only on providing their patients with the highest quality virtual care. Our providers can treat over 3,500 medical conditions online and are committed to providing exceptional care and a healthier you! 

LifeMD's medical providers are highly rated, well educated, and committed to your long term health. While many telehealth platforms assign you a random provider for each visit, LifeMD gives you a medical provider that gets to know you and your health, works with you over time to optimize your health, helps you to manage chronic conditions, and delivers personalized care for better outcomes and a healthier life. 

Your virtual visit with a LifeMD provider may be one of the most thorough medical visits you've ever had. Your provider will ask about your medical history, current symptoms, lifestyle, and the medications and supplements you currently take. Your provider will then provide a personalized treatment plan for you, and if appropriate, a prescription. 

What does LifeMD treat?

Primary care for: 
•	Acne 
•	Allergies
•	Anxiety 
•	Asthma
•	Back pain 
•	Constipation
•	Depression 
•	Diabetes
•	Erectile Dysfunction 
•	Hair Loss 
•	High Blood Pressure
•	High cholesterol/triglycerides
•	Insomnia/Sleep
•	Nail fungus
•	Osteoarthritis
•	Reflux [GERD]
•	Thyroid conditions
•	Weight-Loss 



Urgent Care for:
•	Allergies 
•	Bronchitis 
•	Colds 
•	Dental infections
•	Diarrhea
•	Ear pain 
•	Flu
•	Headache/migraines
•	Nausea 
•	PrEP
•	Pink eye
•	Pneumonia 
•	Rash
•	Sinus infection
•	Strep throat 
•	Mild to moderate sunburn
•	Tonsillitis 
•	UTIs 
•	Vaginitis 
•	Yeast Infections
•	And many more...



Common prescriptions our medical providers write:

•	Anti-inflammatories
•	Antibiotics 
•	Antiviral Medications
•	Antidepressants 
•	Antipsychotics 
•	Asthma control
•	Birth Control 
•	Cholesterol medications
•	Diabetic medications
•	Diuretics 
•	High blood pressure medication
•	PrEP
•	And many more...



Access a new kind of healthcare with LifeMD. It's transparent healthcare that you can trust, without co-pays, surprise medical bills, or unnecessary specialist visits and diagnostics. LifeMD offers the best virtual healthcare, at the best price, from the best medical providers. 

Please also review our privacy policy.

Notice of Collection: https://lifemd.com/ccpa",LifeMD,"50,000+",Health management,us,"['virtual healthcare access', 'no insurance needed', 'transparent healthcare', 'co-pay free', 'surprise bill free', 'specialist visits optional', 'diagnostic tests optional', 'online medical consultations', 'prescription writing', 'primary care for various conditions', 'urgent care for various conditions', 'common prescription writing', 'anti-inflammatory medication', 'antibiotic medication', 'antiviral medication', 'antidepressant medication', 'antipsychotic medication', 'asthma control medication', 'birth control medication', 'cholesterol medication', 'diabetic medication', 'diuretic medication', 'high blood pressure medication', 'prEP medication']","['virtual healthcare access', 'insurance needed', 'transparent healthcare', 'copay free', 'surprise bill free', 'specialist visit optional', 'diagnostic test optional', 'online medical consultation', 'prescription writing', 'primary care various condition', 'urgent care various condition', 'common prescription writing', 'antiinflammatory medication', 'antibiotic medication', 'antiviral medication', 'antidepressant medication', 'antipsychotic medication', 'asthma control medication', 'birth control medication', 'cholesterol medication', 'diabetic medication', 'diuretic medication', 'high blood pressure medication', 'prep medication']","['copay free', 'cholesterol medication', 'diuretic medication', 'virtual healthcare access', 'diagnostic test optional', 'antiinflammatory medication', 'surprise bill free', 'asthma control medication', 'note prescription', 'high blood pressure medication', 'antibiotic medication', 'online medical consultation', 'urgent care various condition', 'common prescription writing', 'specialist visit optional', 'antipsychotic medication', 'birth control medication', 'transparent healthcare', 'primary care', 'insurance needed', 'prep medication', 'diabetic medication']",1
com.myhealthplanner.mobile,My Health Planner,4.19,Health & Fitness,0,TRUE,"My Health Planner, developed by Wellframe, helps connect you with your care team right on your android device. You can send a private message at any time to your care team — it's as easy as texting, but more secure. Your care team can help you feel in control of your health and ensure you understand what you need to do to feel your best.

Keep in touch with our care management team — in between appointments. Set reminders to help remember your medications, and track your steps and progress over time. We take your privacy and security seriously and My Health Planner is fully HIPAA compliant.

My Health Planner is free for eligible members as part of your benefits — just sign up with the access code you received from your care team. You will need your insurance card as well.If you have questions or need help signing up, please call the number on the back of your member ID card.

Who can use this app:

If you are a member of BlueCross BlueShield of South Carolina, BlueChoice Health Plan or the Blue Cross and Blue Shield Service Benefit Plan, also known as the Federal Employee Program (FEP ® )) this app is for you.

If you are a member of a different BlueCross plan, this app may be included. Just check the back of your insurance card to see if “My Health Toolkit” is part of your health plan’s website.

This app supports all medical and dental benefit plans administered by BlueCross BlueShield of South Carolina and BlueChoice Health Plan. This app also supports some large employer plans administered on behalf of Blue Cross and Blue Shield of Florida, CareFirst BlueCross BlueShield, Blue Cross and Blue Shield of Kansas, Blue Cross and Blue Shield of Kansas City, Excellus BlueCross BlueShield, BlueCross BlueShield of Western New York, Blue Cross and Blue Shield of Louisiana, Blue Cross and Blue Shield of North Carolina, BlueCross & BlueShield of Rhode Island, Blue Cross and Blue Shield of Vermont, Capital Blue Cross and BlueCross BlueShield of Tennessee. Each of these Blue Plans is an independent licensee of the Blue Cross and Blue Shield Association.

The app supports most of our members, but will not work for: Medicaid members

Wellframe is an independent company supporting BlueCross BlueShield of South Carolina by providing 'My Health Planner' mobile app.","My Health Toolkit, LLC","10,000+",Health management,us,"['send private messages to care team', 'set reminders for medications', 'track progress over time', 'keep in touch with care team', 'HIPAA compliant', 'free for eligible members', 'sign up with access code', 'check insurance card']","['send private message care team', 'set reminder medication', 'track progress time', 'keep touch care team', 'hipaa compliant', 'free eligible member', 'sign access code', 'check insurance card']","['medication reminder', 'sign access code', 'hipaa compliant', 'track progress time', 'keep touch care team', 'send private message care team', 'free eligible member', 'insurance coverage check']",1
com.arkaagp.medirecords,My Health Records,3.5789473,Medical,0,TRUE,"Take Control of Your Health Records – Anytime, Anywhere!

My Health Records is your secure personal health record manager, designed to help individuals and families store, track, and organize their medical history, prescriptions, and important healthcare data in one place.

This app does not provide medical advice, diagnosis, or treatment. It is intended for personal record-keeping purposes only.

🔹 Key Features:
✔ Organized Medical History – Store doctor visits, lab test results, diagnoses, surgeries, and prescriptions securely.
✔ Track Health Metrics – Manually log heart rate, blood pressure, blood glucose levels, oxygen saturation (SpO2), and body temperature.
✔ Medication & Treatment Tracking – Keep a list of medications, dosages, and prescriptions for easy reference.
✔ Family Health Management – Manage multiple profiles for loved ones, ensuring all records are in one place.
✔ Secure Document Storage – Upload lab reports, prescriptions, vaccination records, and doctor notes for easy access.
✔ Advanced Search & Filtering – Quickly find records by date, type, or keywords.
✔ Privacy & Security – Choose between local storage or encrypted cloud backup to keep your data safe.
✔ Cross-Device Access – Sync your records across smartphones, tablets, and Chromebooks for seamless access.
✔ Export & Backup – Securely export your medical records for sharing with healthcare providers.

🔹 Why Use My Health Records?
Never Lose a Medical Record Again – Keep your health history organized and easily accessible.
Perfect for Caregivers & Families – Ideal for parents, caregivers, and individuals managing the health of loved ones.
Manual Health Tracking – Log health measurements like heart rate, blood pressure, and glucose levels (note: this app does not sync with wearables).
Offline Access – View and update your records even without internet access.
No Medical Advice – This app does not provide medical guidance but helps you stay informed about your health.
📌 Download My Health Records today and take charge of your health data!

For support or feedback, contact us at: support@mohselite.com.",Mohselite,"10,000+",Health management,us,"['organize medical history', 'track health metrics', 'medication tracking', 'family health management', 'secure document storage', 'advanced search', 'private storage options', 'cross-device access', 'export and backup', 'manual health tracking', 'offline access']","['organize medical history', 'track health metric', 'medication tracking', 'family health management', 'secure document storage', 'advanced search', 'private storage option', 'crossdevice access', 'export backup', 'manual health tracking', 'offline access']","['crossdevice access', 'manage family health record', 'advanced search', 'view medical history', 'view medication', 'secure data storage', 'export backup', 'offline access', 'track health metric', 'private storage option', 'manual health tracking']",1
com.meditech.PatientPhm,MEDITECH MHealth,3.316092,Medical,0,TRUE,"MHealth is the mobile version of MEDITECH’s Patient and Consumer Health Portal, which offers secure and convenient access to your health information at your fingertips, on your mobile device or tablet. MHealth offers a wide range of results and features that allow you to better manage your and your family’s care. Use your existing Patient Portal logon ID and password to get started with MHealth.

With MHealth, you can:

• Communicate securely with your care team
• Request new appointments and see details for upcoming visits
• Pre-register for upcoming appointments
• Review laboratory results and radiology reports
• Track immunizations, allergies, and conditions
• Manage home medications and request prescription renewals
• Reference visit history information and forms, including discharge instructions.

If you already have a Patient Portal account through your healthcare provider, and your provider has enabled access through MHealth, you are ready to begin. If you do not already have a Portal account with a MEDITECH affiliate, visit your healthcare provider’s web page to learn how to get started.","Medical Information Technology, Inc.","500,000+",Health management,us,"['communicate with care team', 'request new appointments', 'pre-register for appointments', 'review lab results', 'review radiology reports', 'track immunizations', 'track allergies', 'track conditions', 'manage home medications', 'request prescription renewals', 'reference visit history', 'reference forms']","['communicate care team', 'request new appointment', 'preregister appointment', 'review lab result', 'review radiology report', 'track immunization', 'track allergy', 'track condition', 'manage home medication', 'request prescription renewal', 'reference visit history', 'reference form']","['review radiology report', 'message care team', 'request new appointment', 'review lab result', 'definition term', 'preregister appointment', 'reference visit history', 'track condition', 'track immunization', 'track allergy', 'renew prescription', 'manage home medication']",1
com.virginpulse.virginpulse,Personify Health,4.10985,Health & Fitness,0,TRUE,"Virgin Pulse is now Personify Health. 

The first and only personalized health platform company that brings holistic health and wellbeing, comprehensive navigation and advocacy, and flexible health plan administration, all in one place. 

Seamlessly sync your daily activities with our built-in activity tracker, monitoring steps taken and sleep patterns. Stay connected on the go with Max Buzz integration, displaying incoming calls and text messages directly on your device. Elevate your wellbeing journey with personalized insights and convenient notifications - your all-in-one solution for a healthier, connected lifestyle.","Personify Health, Inc.","1,000,000+",Health management,us,"['sync daily activities with activity tracker', 'monitor steps taken', 'track sleep patterns', 'display incoming calls', 'display text messages', 'personalized wellbeing insights', 'convenient notifications']","['sync daily activity activity tracker', 'monitor step taken', 'track sleep pattern', 'display incoming call', 'display text message', 'personalized wellbeing insight', 'convenient notification']","['convenient assessment', 'display incoming call', 'sleep tracker', 'personalized wellbeing insight', 'monitor step taken', 'sync daily activity activity tracker', 'display text message']",2
com.sec.android.app.shealth,Samsung Health,3.6243832,Health & Fitness,0,TRUE,"Start healthy habits for yourself with Samsung Health.

Samsung Health has various features to help you manage your health. As the app allows you to automatically record many activities, creating a healthy lifestyle is easier and simpler than ever.

Check various health records on the home screen. Easily add and edit the items that you want to manage such as daily steps and activity time.

Record and manage your fitness activities, such as running, cycling, swimming, etc. Also, Galaxy Watch wearables user can now exercise more effectively through Life Fitness, Technogym and Corehealth.

Create healthy eating habits by recording your daily meals and snacks with Samsung Health.

Work hard and always maintain your best condition with Samsung Health. Set goals that work for your own level, and keep track of your daily condition including your activity amount, workout intensity, heart rate, stress, oxygen level in the blood, etc.

Monitor your sleep patterns in more detail with Galaxy Watch. Make your mornings more refreshing by improving the quality of your sleep through sleep levels and sleep scores.

Challenge yourself against your friends and family to become healthier in a more fun and interactive way with Samsung Health Together.

Samsung Health has prepared videos of expert coaches who will teach you new fitness programs including stretching, weight loss, and more.

Discover meditation tools on Mindfulness that will help you relieve stress throughout your day. (Some contents are only available through an optional paid subscription. Content is available in English, German, Spanish, French, Portuguese and Korean.)

Cycle tracking offers helpful support in menstrual cycle tracking, related symptom management and personalized insights and contents through your partner, Natural Cycles.

Samsung Health protects your private health data securely. All Samsung Galaxy models released after August 2016, Knox enabled Samsung Health service will be available. Please note that Knox enabled Samsung Health service will not be available from rooted mobile.

Tablets and some mobile devices are not supported, and detailed features may vary depending on the user’s country of residence, region, network carrier, model of the device, etc.

Requires Android 10.0 or later. Supports over 70 languages, including English, French, and Chinese. An English language version is available for the rest of the world.

Please note that Samsung Health is intended for fitness and wellness purposes only and is not intended for use in the diagnosis of disease or other conditions, or in the cure, mitigation, treatment, or prevention of disease.

The following permissions are required for the app service. For optional permissions, the default functionality of the service is turned on, but not allowed.

Required permissions
- Phone : Used to confirm your phone number for Together.

Optional permissions
- Location : Used to collect your location data using the trackers(exercises & steps), Used to display a route map for exercise, and to display the weather during exercise
- Body Sensors : Used to measure heart rate, oxygen saturation, and stress (HR&Stress : Galaxy S5~Galaxy S10 / SpO2 : Galaxy Note4~Galaxy S10)
- Photos and videos(storage) : You can import/export your exercise data, save exercise photos, save/load food photos
- Contacts : Used to check if you are logged into your Samsung account, and to create a friend list for Together
- Camera : Used to scan QR codes when you add friends using the Together, and to take photos of foods, and to recognize numbers on a blood glucose meter&blood pressure monitor(Available in some countries only)
- Physical activity : Used to count your steps and to detect workouts
- Microphone : Used to record audio for snore detection
- Nearby devices : Used to scan for and connect to nearby devices, including Galaxy Watches and other accessories
- Notifications : Used to provide you with timely information","Samsung Electronics Co.,  Ltd.","1,000,000,000+",Health management,us,"['track daily steps', 'record fitness activities', 'create healthy eating habits', 'set fitness goals', 'monitor sleep patterns', 'challenge friends', 'access expert fitness programs', 'relieve stress with mindfulness', 'track menstrual cycles', 'protect private health data', 'import/export exercise data', 'save food photos', 'create friend list', 'scan qr codes', 'take photos of foods', 'recognize blood glucose and blood pressure', 'record audio for snore detection', 'connect to nearby devices', 'provide timely notifications']","['track daily step', 'record fitness activity', 'create healthy eating habit', 'set fitness goal', 'monitor sleep pattern', 'challenge friend', 'access expert fitness program', 'relieve stress mindfulness', 'track menstrual cycle', 'protect private health data', 'importexport exercise data', 'save food photo', 'create friend list', 'scan qr code', 'take photo food', 'recognize blood glucose blood pressure', 'record audio snore detection', 'connect nearby device', 'provide timely notification']","['create healthy eating habit', 'create friend list', 'track daily step', 'take photo food', 'record fitness activity', 'check qr code', 'save food photo', 'relieve stress mindfulness', 'record audio snore detection', 'connect nearby device', 'access expert fitness program', 'recognize blood glucose blood pressure', 'monitor sleep pattern', 'importexport exercise data', 'protect private health data', 'menstrual cycle tracking', 'set fitness goal', 'provide timely notification', 'challenge friend']",3
es.medcontrol,MedControl: My Medical Control,3.6666667,Health & Fitness,0,TRUE,"Do you want to keep your health under control?

Use MedControl and enjoy the following advantages:

• Create reminders for your usual medication, pills or scheduled check-ups. Reminders generate notifications at the established time. You can determine the medication dosage, availability, frequency, type of medication, add notes and more. Useful for medication and treatment management. If you press the medication notifications, the app will open and you will be able to confirm taking a medication, and it will be deducted from the stock. You will also be able to create a history of medication taking records. All of this allows you to keep track of your medication and create a valuable medical history.

• Monitor your vital signs simply and safely in the following categories: blood glucose, blood pressure, temperature, heart rate, weight and height (Weight management), and oxygen saturation. For each category you can export the data to share with your family doctor or as you deem appropriate. You also have at your disposal a series of graphs, analyzes and reports that are very useful to follow your evolution, as well as you will be able to see the different records reflected in the calendar.

• Save your analytics and get information about the different parameters. You will be able to visualize the evolution of the parameters through graphs, configure the maximum and minimum ranges or create new personalized parameters from scratch. You can export the saved data in PDF or Excel format. Keep your laboratory analysis information in one place.

• Save your symptoms. You will be able to record the symptoms that you consider necessary and specify their frequency, intensity and record a note that can help interpret the record. The symptoms can be consulted in the calendar.

• Save your files, documents and reports in the File Library. You can label files by degree of importance and color, to keep them organized and not lose sight of them.

• Create notes about important observations or data you want to save. You can label them by degree of importance, color and date.

• Use the app's calendar to consult all the records created in the different categories, making it easier for you to know your medical history and share it with your doctor.

• Manage Multiple Profiles with MedControl Premium. Upgrade to MedControl Premium and easily create and manage profiles for yourself and family members. Keep track of everyone's health information in one convenient place.


Read carefully:

MedControl is a tool and should not be used as a substitute for professional medical advice. The data and graphs presented in the application should be interpreted by a doctor or trained health professional. The application does not guarantee the accuracy or completeness of the information it contains.

The user is solely responsible for using the information in the application responsibly and safely. If you have any questions, YOU SHOULD CONSULT a DOCTOR or corresponding professional.

The developer of the application will not be liable for any loss or damage resulting from the use of the application. By using this application, you agree to the terms of this disclaimer.",MedControl Team,"100,000+",Health management,us,"['create reminders for medication and scheduled check-ups', 'monitor vital signs', 'save analytics and graphs', 'save symptoms', 'save files and documents', 'create notes', 'use calendar to consult records', 'manage multiple profiles']","['create reminder medication scheduled checkup', 'monitor vital sign', 'save analytics graph', 'save symptom', 'save file document', 'create note', 'use calendar consult record', 'manage multiple profile']","['save file document', 'manage multiple profile', 'save symptom', 'monitor vital sign', 'use calendar consult record', 'create reminder medication scheduled checkup', 'create note', 'save analytics graph']",2
ai.kanghealth,K Health | 24/7 Virtual Care,4.6442266,Medical,0,TRUE,"24/7 ACCESS TO HIGH-QUALITY MEDICAL CARE FROM YOUR PHONE. NO INSURANCE REQUIRED.

Get the treatment you need from licensed medical providers without setting foot in a doctor’s office. Providers on the K Health platform can treat hundreds of medical conditions, from anxiety to UTIs, and prescribe medication to get you feeling better faster.

At K Health, we use advanced AI to provide better, more personalized medical care. Try it out for free by checking your symptoms: We’ll compare your case to millions of real patient records and tell you how people like you were diagnosed and treated.*

Then, you can chat with a provider to get the care you need. Pay just $49/month** for unlimited visits, $73 for a one-time virtual visit, or $449 for an entire year of unlimited visits (for a savings of $139).

With the K Health app, you can:

-Get free, clinically-proven information about your symptoms from the same AI your provider uses to make smarter medical decisions

-Chat with a medical provider about urgent medical needs 24/7 by text and video

-Make virtual appointments with a provider who can help you manage (and prevent) chronic conditions like high blood pressure, diabetes, high cholesterol, and more

-Get generic prescription medication shipped directly to your door, saving you time and money

-Stay on top of lab orders, medication management, and specialist referrals

WHAT WE TREAT 

Urgent care:
-Cold and flu
-Indigestion and abdominal pain
-UTIs 
-Headaches and migraines
-Dental pain
-Rashes

Chronic care:
-Weight management
-Anxiety and depression
-High blood pressure
-High cholesterol
-Diabetes (type 2)
-Acid reflux

... and hundreds more


*The results from the Symptom Checker are not medical advice or a diagnosis, but you can connect with a medical provider practicing on the K Health platform for diagnosis and treatment.
**Billed quarterly after the first month",K Health,"1,000,000+",Health management,us,"['get treatment from licensed medical providers', 'prescribe medication', 'chat with medical provider', 'make virtual appointments', 'get generic prescription medication', 'stay on top of lab orders', 'manage chronic conditions', 'get free symptom information', 'connect with medical provider', 'get diagnosis and treatment', 'pay for unlimited visits', 'pay for one-time virtual visit', 'pay for entire year of unlimited visits']","['get treatment licensed medical provider', 'prescribe medication', 'chat medical provider', 'make virtual appointment', 'get generic prescription medication', 'stay top lab order', 'manage chronic condition', 'get free symptom information', 'connect medical provider', 'get diagnosis treatment', 'pay unlimited visit', 'pay onetime virtual visit', 'pay entire year unlimited visit']","['get diagnosis treatment', 'view medication', 'stay top lab order', 'get free symptom information', 'pay entire year unlimited visit', 'chat healthcare team', 'pay unlimited visit', 'get treatment licensed medical provider', 'pay onetime virtual visit', 'get generic prescription medication', 'make virtual appointment', 'connect medical provider', 'chronic condition management']",4
com.ada.app,Ada – check your health,4.601345,Medical,0,TRUE,"Get a health check for yourself and your relatives. You can check your symptoms online 24/7 and find out possible causes. Whatever's bothering you, from pain, headache, or anxiety to allergy or food intolerance, the free Ada app (symptom checker) could help you find answers from the comfort of your home.

Doctors have trained Ada for years so that you can get an assessment within minutes.

<b>How do free symptom checks work?</b>

You answer simple questions about your health and symptoms.
The AI of the Ada app assesses your answers against its medical dictionary of thousands of disorders and medical conditions.
You receive a personalized assessment report that tells you what may be wrong and what you could do next.

<b>What can you expect from our app?</b>

- Data privacy and security – we apply the strictest data regulations to protect and keep your information private.
- Smart results – our core system connects medical knowledge with intelligent technology.
- Personalized health information – your guidance is personal to your unique health profile.
- Health assessment report – share relevant information with your doctor by exporting your report as a PDF.
- Symptom tracking – track your symptoms and their severity in the app.
- 24/7 access – you can use the free symptom checker anytime, anywhere.
- Health articles – read exclusive articles written by our experienced doctors.
- BMI calculator – check your body mass index (BMI) and find out if you’re a healthy weight.
- Assessments in 7 languages – choose your language and change it from the settings at any point: English, German, French, Swahili, Portuguese, Spanish, or Romanian.

<b>What can you tell Ada?</b>

The Ada app can help you if you have common or less common symptoms. Here are some of the most common searches:

Symptoms:
- Fever
- Allergic rhinitis
- Loss of appetite
- Headache
- Abdominal pain and tenderness
- Nausea
- Fatigue
- Vomiting
- Dizziness


Medical conditions:
- Common cold
- Influenza infection (flu)
- COVID-19
- Acute bronchitis
- Viral sinusitis
- Endometriosis
- Diabetes
- Tension headache
- Migraine
- Chronic pain
- Fibromyalgia
- Arthritis
- Allergy
- Irritable bowel syndrome (IBS)
- Anxiety disorder
- Depression


Categories:
- Skin conditions such as rashes, acne, insect bites
- Women health and pregnancy
- Children’s health
- Sleeping problems
- Indigestion issues, such as vomiting, diarrhea
- Eye infections


<b>Disclaimer</b>
Disclaimer: The Ada app is a certified Class IIa medical device in the European Union.  

CAUTION: The Ada app cannot give you a medical diagnosis. Contact urgent care immediately in an emergency. The Ada app does not replace your healthcare professional's advice or an appointment with your doctor.

We want to hear from you. If you have any feedback or just want to get in touch, reach us at hello@ada.com. Your feedback will be processed in accordance with our Privacy Policy [https://ada.com/privacy-policy/].",Ada Health,"10,000,000+",Health management,us,"['symptom checker', 'health assessment report', 'symptom tracking', '24/7 access', 'health articles', 'bmi calculator', 'multi-language support', 'data privacy', 'smart results', 'personalized health information', 'exportable report', 'medical dictionary', 'trained doctors', 'simple question answering']","['symptom checker', 'health assessment report', 'symptom tracking', '247 access', 'health article', 'bmi calculator', 'multilanguage support', 'data privacy', 'smart result', 'personalized health information', 'exportable report', 'medical dictionary', 'trained doctor', 'simple question answering']","['multilanguage support', 'symptom checker', 'bmi calculator', 'convenient assessment', 'trained doctor', 'medical dictionary', 'data safety', 'personalized health information', '247 access', 'symptom tracking', 'provide health data', 'exportable report', 'health journal', 'simple question answering']",3
com.healthpartners.android.myhp,HealthPartners,2.87,Health & Fitness,0,TRUE,"Manage your health care or health insurance from anywhere, at any time, with the HealthPartners app, formerly myHP. From finding a doctor to checking deductibles, it’s all in the palm of your hands. 

• With the HealthPartners app, you can take your care or plan on the go: 
• Find doctors, clinics and hospitals nearby 
• View wait times at nearby urgent care clinics 
• Always have your member ID card in your pocket  
• See what’s covered by your plan and get cost estimates 
• Check your benefits and claims 
• Quickly refill prescriptions via mail or compare pharmacy prices 
• Review test results and health records 
• Check your deductible; spending; and FSA, HRA or HSA balances 
• Pay a clinic bill 
• Talk with HealthPartners experts no matter where you are 
• Build better habits with Living Well from fitness goals and to help make changes in your mental health and diet. 

Simply sign in with your HealthPartners online account username and password. If you’re a patient or member and don’t have an account yet, create one at healthpartners.com/signupnow. 

At HealthPartners, we’re committed to helping you live a healthier life with health care and insurance options that are simple and affordable, whether you have our insurance, see our doctors or both. 

We're the largest consumer governed nonprofit health care organization in the nation serving more than 1.8 million medical and dental health plan members - primarily in Minnesota, Wisconsin, Illinois, and Iowa. Our care system includes a multi-specialty group practice of more than 1,800 physicians that serves more than 1.2 million patients.",HealthPartners Inc.,"100,000+",Health management,us,"['find nearby doctors', 'view wait times', 'access member id card', 'check plan coverage', 'check benefits and claims', 'refill prescriptions', 'view test results', 'check deductible', 'pay clinic bills', 'talk to healthpartners experts', 'build healthy habits', 'sign in with online account']","['find nearby doctor', 'view wait time', 'access member id card', 'check plan coverage', 'check benefit claim', 'refill prescription', 'view test result', 'check deductible', 'pay clinic bill', 'talk healthpartners expert', 'build healthy habit', 'sign online account']","['check deductible', 'request prescription refill', 'view test result', 'access member id card', 'talk healthpartners expert', 'view coverage plan', 'check benefit claim', 'find nearby doctor', 'pay clinic bill', 'build healthy habit', 'sign online account', 'view wait time']",2
com.anthem.sydney,Sydney Health,4.698271,Medical,0,TRUE,"Use the Sydney<sub>SM</sub> Health app to find care, share your digital ID card, and check your claims. You can understand your benefits, improve your health, and save money. Easily manage your benefits at your fingertips whenever you need them with your personalized health and wellness information all in one place. 

• Digital ID card – Your digital ID works like a paper ID, enabling you to always have access to your current ID and easily share it with your care team in person or by email. 
• Chat – Use our 24/7 chat to find what you are looking for, or find more in-depth answers by chatting with a Member Services representative. 
• Plan details – Understand your share of the costs, including your deductible and copay. Find out what’s covered and check your claims. 
• Find care – Search for care when and where you need it. Locate doctors, labs, hospitals, and other healthcare professionals in your plan’s network. See your estimated costs before you receive care. 
• View claims – Easily track your claims including the status and your costs. 
• Virtual care – Routine care, prescription refills, and urgent care right from your app, whenever it works for you. 
• Refill your prescriptions – You can set up automatic refills and reminders for your medications. 

Download Sydney Health to your device today.

In addition to using a telehealth service, you can receive in-person or virtual care from your own doctor or another healthcare professional in your plan’s network. If you receive care from a doctor or healthcare professional not in your plan’s network, your share of the costs may be higher. You may also receive a bill for any charges not covered by your health plan. Sydney Health is not a medical device and is not intended to diagnose, treat, or cure any medical condition. Sydney Health is Sydney Health is offered through an arrangement with Carelon Digital Platforms, Inc., a separate company offering mobile application services on behalf of your health plan. Other virtual care services are offered through an arrangement with LiveHealth Online. Sydney Health is a service mark of Carelon Digital Platforms, Inc., © 2025. Sydney Health options are based on each member’s plan, so some features may not be available to all members.","Elevance Health, Inc.","1,000,000+",Health management,us,"['digital id card', '24/7 chat', 'plan details', 'find care', 'view claims', 'virtual care', 'refill prescriptions', 'automatic refills', 'reminders', 'search for care', 'estimated costs', 'track claims', 'routine care', 'prescription refills', 'urgent care']","['digital id card', '247 chat', 'plan detail', 'find care', 'view claim', 'virtual care', 'refill prescription', 'automatic refill', 'reminder', 'search care', 'estimated cost', 'track claim', 'routine care', 'prescription refill', 'urgent care']","['estimated cost', 'automatic refill', 'reminder setting', 'virtual care', 'request prescription refill', 'search help', 'plan detail', 'urgent care various condition', 'digital id card', 'find care', 'routine care', 'track claim', 'manage claim', '247 access']",1
com.lcs.mmp.lite,Manage My Pain,4.575221,Medical,0,TRUE,"Don't let chronic pain stop you from living your life and doing the things you love. Manage My Pain has helped over 100,000 re-take control over their conditions like back pain, neck pain, fibromyalgia, headaches, and arthritis.

Created in partnership with global experts in pain management, Manage My Pain has been clinically-validated to improve outcomes in peer-reviewed research studies.

Manage My Pain will help you:
• Track your pain & activity: Reflect on your day in less than 60 seconds to see patterns and trends
• Analyze your pain: Graphs and charts make it easy to figure out what makes your pain better or worse
• Share your pain: Our reports, created by doctors for doctors, will help you tell your story
• Learn from pain experts: Explore content about how pain works and strategies to manage it (for subscribers only)

Your data is safe with us! We take privacy and security seriously and never sell or disclose your Personal Health Information without explicit consent.

Our app is free to use with absolutely no ads. Insights in the app and in the reports that are generated by our app are limited to 30 days and can be unlocked with an in-app purchase or through credits. A monthly subscription is also available to gain access to our Pain Guide - a set of educational content developed by pain experts that can teach you about pain and coping strategies to manage it.

Use this pain management app to replace your hand-written: 
• pain diary 
• pain journal 
• pain log 
• pain tracker","ManagingLife, Inc.","100,000+",Health management,us,"['track pain and activity', 'analyze pain patterns', 'share pain reports', 'learn from pain experts', 'view pain insights', 'unlock premium content', 'manage pain diary', 'pain log tracking']","['track pain activity', 'analyze pain pattern', 'share pain report', 'learn pain expert', 'view pain insight', 'unlock premium content', 'manage pain diary', 'pain log tracking']","['share pain report', 'track pain activity', 'pain log tracking', 'unlock premium content', 'analyze pain pattern', 'manage pain diary', 'learn pain expert']",2
com.extrawest.healthcare_flutter_app,Personal Health Monitor,4.025,Health & Fitness,0,TRUE,"This app is a journal of your health. This helps manually log your blood pressure and weight measurement(body fat, body mass, bone mass, and skeletal weight), reading and show it on the graph, which helps to find trends in your blood pressure and weight readings by presenting them in intuitive visualization. The application also allows you to monitor your BMI index. Monitor your blood pressure and weight, manage your BMI index, record significant events for your health, and stay healthy with the Health Monitor app.

Note that this app DOES NOT measure blood pressure and weight. Please use an FDA-approved blood pressure monitor (i.e., BP monitor) to measure BP reliably.

Disclaimer: Personal Health Monitor is NOT a substitute for a doctor or professional healthcare for advice. Any health-related information provided is for informational purposes only and should not be used to replace the advice of healthcare professionals. You need to consult with a doctor before making any medical decisions.",Extrawest,"100,000+",Health management,us,"['log blood pressure', 'log weight measurement', 'track body fat', 'track body mass', 'track bone mass', 'track skeletal weight', 'view graph', 'find trends', 'monitor bmi', 'record health events', 'stay healthy']","['log blood pressure', 'log weight measurement', 'track body fat', 'track body mass', 'track bone mass', 'track skeletal weight', 'view graph', 'find trend', 'monitor bmi', 'record health event', 'stay healthy']","['monitor bmi', 'track body mass', 'view graph', 'track bone mass', 'record health event', 'track body fat', 'track skeletal weight', 'log weight measurement', 'find trend', 'log blood pressure', 'stay healthy']",1
com.prevailhs.iprevail2,iPrevail: Online Peer Support,0,Health & Fitness,0,TRUE,"Empower yourself with iPrevail, your dedicated mental health and wellness program.

Take charge of your mental health journey with highly trained guidance and personalized support—all at your fingertips. iPrevail provides a secure platform for sharing and connecting with others who empathize with your experiences. iPrevail is available in English, Spanish, and Chinese 24/7 - 365. Whether you're navigating stress, anxiety, depression, or any challenge, iPrevail is here to connect you with understanding peers and invaluable tools. Designed for individuals seeking accessible and effective mental health support, iPrevail is ideal for anyone looking to enhance their emotional well-being. 

Ways To Use iPrevail: 

· Connect with Highly Trained Coaches: Chat privately with like-minded individuals and receive personalized mental health support tailored to your needs and goals. 
· Interactive Programs: Engage in evidence-based interactive sessions and topic-specific programs. 
· Tools: Monitor and understand your emotional patterns with tracking tools. 
· Community Group Support: Connect with a supportive community for encouragement and shared experiences. Explore specific topics like anxiety support or addiction recovery. 
· Progress Insights: Track your progress and celebrate achievements on your path to mental well-being. 
· Explore Resources: Find articles, videos, and more to enhance your well-being. 

Why Choose iPrevail? 

· Anonymity: Feel comfortable sharing honestly with our anonymous platform. 
· Accessibility: Available 24/7 from any internet-connected device. 
· Global Connection: Connect with a diverse community worldwide. 
· Mutual Support: Offer and receive support to promote better mental health. 

We believe that everyone deserves to have access to support, and we are committed to creating a safe and inclusive community for people who are struggling. In addition to the features mentioned above, iPrevail also offers several other benefits, including: 

· A user-friendly interface that is easy to navigate. 
· A safe and secure environment with strict privacy policies. 
· A team of dedicated moderators who are available to help 24/7. 

Join us on iPrevail and discover how connection and support can transform mental health. Together, let's make peer support accessible to everyone.  

Connect With Us: 

We’re always happy to connect with users and receive feedback. For support and inquiries, email us: help@prevailhealth.com Check out our website: iprevail.com 

Follow us on Instagram: @iprevail_health 

Follow us on Twitter: @iPrevailHealth",Prevail Health,10+,Peer support health,us,"['connect with highly trained coaches', 'interactive programs', 'tracking tools', 'community group support', 'progress insights', 'explore resources', 'anonymous platform', 'accessible 24/7', 'global connection', 'mutual support', 'user-friendly interface', 'safe and secure environment', 'dedicated moderators']","['connect highly trained coach', 'interactive program', 'tracking tool', 'community group support', 'progress insight', 'explore resource', 'anonymous platform', 'accessible 247', 'global connection', 'mutual support', 'userfriendly interface', 'safe secure environment', 'dedicated moderator']","['supportive community', 'progress insight', 'interactive program', 'safe secure environment', 'dedicated moderator', '247 access', 'tracking tool', 'explore resource', 'community group support', 'anonymous platform', 'connect highly trained coach', 'userfriendly interface', 'global connection']",1
com.betterhelp,BetterHelp - Therapy,4.6296644,Health & Fitness,0,TRUE,"BetterHelp is the convenient way to get professional help from a licensed therapist. With over 20,000 trained, experienced, and accredited therapists covering a wide range of areas – from depression and anxiety to family and couples therapy – it’s never been easier to receive personal, professional help when you need it.
 
-------------------------------------------
<b>BETTERHELP – FEATURES</b>
-------------------------------------------
• Over 20,000 licensed, accredited, and highly experienced therapists
• Match with an available therapist who best fits your needs
• Unlimited private one on one communication with your therapist
• Schedule live sessions with your therapist or use the secure messenger
• Gain access to constructive, educational group webinars
 
<b>PROFESSIONAL HELP, PERSONALIZED FOR YOU</b>
Facing obstacles alone can be daunting – receiving support and guidance from a professional therapist has been shown to make huge, positive changes to help you overcome personal challenges. When you sign up we’ll match you to an available therapist who fits your objectives, preferences and the type of issues you’re dealing with. Different therapists have different approaches and areas of expertise so we’ll work with you to find the right person who can achieve the best results for you.
 
<b>LICENSED AND TRAINED THERAPISTS</b>
There are over 20,000 therapists on BetterHelp, each with at least 3 years and 1,000 hours of hands-on experience. They are licensed, trained, experienced, and accredited psychologists (Ph.D./PsyD), marriage and family therapists (MFT), clinical social workers (LCSW), licensed professional therapists (LPC), or similar credentials.
 
All of our therapists have a Master’s Degree or a Doctorate Degree in their respective fields. They have been qualified and certified by their state professional board and have completed the necessary education, exams, training, and practice.
 
<b>HOW DOES IT WORK?</b>
After filling out our questionnaire, you will be matched with a licensed therapist based on your needs and preferences. You and your therapist will get your own secure and private “therapy room” where you can message your therapist at any time, from any internet-connected device, wherever you are. You can also schedule a weekly session to speak live with your therapist over video or phone.
 
You can write or talk about yourself, the things going on in your life, ask questions, and discuss the challenges you’re facing and your therapist will provide feedback, insights, and guidance. This ongoing one-on-one dialogue is the foundation of your work with your therapist.
 
Together you’ll work towards making a positive change in your life, accomplishing your goals, and overcoming your problems.
 
<b>HOW MUCH DOES IT COST?</b>
The cost of therapy through BetterHelp ranges from $60 to $90 per week (billed every 4 weeks) but may be higher based on your location, preferences, and therapist availability. Unlike traditional in-office therapy which can cost over $150 for a single session, your BetterHelp membership includes unlimited text, video, audio messaging as well as weekly live sessions. The subscription is billed and renewed every 4 weeks and includes both the use of the secured site and the therapy service itself. You can cancel your membership at any time for any reason.",BetterHelp - Therapy Made Easy,"1,000,000+",Peer support health,us,"['match with a therapist', 'private one-on-one communication', 'schedule live sessions', 'secure messaging', 'access to group webinars', 'professional help', 'personalized matching', 'licensed and trained therapists', 'secure and private therapy room', 'unlimited text and video messaging', 'weekly live sessions', 'cancel membership at any time']","['match therapist', 'private oneonone communication', 'schedule live session', 'secure messaging', 'access group webinars', 'professional help', 'personalized matching', 'licensed trained therapist', 'secure private therapy room', 'unlimited text video messaging', 'weekly live session', 'cancel membership time']","['private oneonone communication', 'personalized insight', 'licensed trained therapist', 'professional help', 'unlimited text video messaging', 'match therapist', 'cancel membership time', 'secure private therapy room', 'weekly live session', 'send secure message', 'schedule live session', 'access group webinars']",2
com.cmh.achessapp,Connections: Recovery Support,4.18,Health & Fitness,0,TRUE,"The Connections app offers 24/7 confidential recovery support to help individuals achieve their treatment, health, and quality of life goals. The app features peer-moderated discussion forums, virtual support meetings, and a variety of resources for building coping skills. The Connections app password is available through your provider, health plan, or health agency. ​ 
​ 
Connections provides engagement, ongoing encouragement, and support ​throughout a recovery journey. The app is used in a variety of settings including residential and in-patient programs, outpatient care and medication treatment programs, and in aftercare. 

The app is available in English and Spanish. For the Spanish version, see Conexiones. ​ 

- Connections is anonymous, safe, and HIPAA compliant.​ 
- With Connections, you can: ​ 
- Track recovery goals and stay motivated.​ 
- Connect, encourage and interact with peers in recovery. ​ 
- Share achievements.​ 
- Conduct daily check-ins, report and build confidence. ​ 
- Explore a robust library of coping and recovery support tools. ​ 
- Earn rewards for app usage (available with select program sponsors). ​ 
- Complete digital CBT modules (available with select program sponsors)",CHESS Health,"10,000+",Peer support health,us,"['track recovery goals', 'connect with peers', 'share achievements', 'conduct daily check-ins', 'explore recovery tools', 'earn rewards', 'complete digital cbt modules', 'password protected', 'anonymous and safe', 'hipaa compliant']","['track recovery goal', 'connect peer', 'share achievement', 'conduct daily checkins', 'explore recovery tool', 'earn reward', 'complete digital cbt module', 'password protected', 'anonymous safe', 'hipaa compliant']","['anonymous platform', 'password protected', 'share achievement', 'connect account', 'explore recovery tool', 'hipaa compliant', 'conduct daily checkins', 'earn reward', 'track recovery goal', 'complete digital cbt module']",2
com.sevenchairs,Circles: Mental Health Support,4.1,Health & Fitness,0,TRUE,"Circles is a safe space for those navigating narcissistic relationships, seeking mental health support, and looking for stress relief. Whether you are dealing with a narcissistic
partner, overcoming depression, or managing anxiety, Circles provides a place to connect with a community that understands.
Join live, anonymous audio-only support groups 🎧 led by professionals and peers. Circles offers expert counseling, therapy, and emotional healing for those struggling with a
narcissistic partner, toxic relationships, or everyday stress and anxiety. Whether you need anger management, self-care, or strategies for better mental health, Circles is here to
Help.
Circles is designed for anyone recovering from emotional abuse, whether from a partner, family member, or friend. Support is available anytime, offering a structured path to
healing through therapy, self-care, and guided mental health sessions.

❤️ WHY PEOPLE LOVE CIRCLES
⭐⭐⭐⭐⭐ ""Amazing support for mental health that gives ACTUAL skills and coping techniques. You can jump on and find a group session at nearly any time.""
⭐⭐⭐⭐⭐ ""Unbelievably positive experience. The counselors and facilitators are professional. The people on the app are so supportive.""
⭐⭐⭐⭐⭐ ""I am so grateful I found this app. It's by far the best support group app and offers more than I expected. Highly recommend.""

🤝 WHO IS IT FOR?
- Anyone dealing with a narcissistic partner or healing from a toxic relationship.
- People seeking a support group for mental health, stress relief, and emotional well-being.
- Those who feel isolated and need a community to connect with others who understand.
- Anyone looking for counseling, therapy, or expert-led sessions to manage stress and anxiety.
- People who prefer a flexible, anonymous space for self-care and emotional healing.

🔑 KEY FEATURES
- Live Group Support – Join expert-led support groups for real-time mental health guidance.
- Anonymity and Privacy – Speak freely in a judgment-free, anonymous audio setting.
- Peer Connection – Connect with a community that understands narcissistic behavior.
- Guided Healing – Learn tools for self-care, anger management, and stress relief.
- Flexible Access – Join live therapy sessions at your own pace.

🚀 HOW IT WORKS
- Sign Up – Choose your challenge, whether it's a narcissistic partner, stress - and anxiety, or relationship struggles.
- Explore Plans – Get tailored mental health and self-care recommendations.
- Join Live Groups – Connect with others, stay anonymous, and access support groups for healing.
- Follow Guides – Stay updated on expert-led therapy and counseling sessions.
- Find Support – Engage in a community that provides emotional relief for those dealing with stress and anxiety.

😊 MOOD & WELL-BEING
Circles helps improve your mood by providing a support group where you can share, heal, and learn from others who understand. Whether you're struggling with depression,
feeling overwhelmed, or trying to balance emotions, the right therapy and self-care tools are always available.

🌿 UNWINDING ANXIETY
For those struggling with unwinding anxiety, Circles offers a place to ease your mind. Join live stress relief sessions, engage in support groups, and find ways to better manage
emotional challenges. A healthier mood starts with the right mental health support.

⚡ NAVIGATING A NARCISSIST
Understanding and dealing with a narcissist can feel isolating. Circles provides expert-led therapy and peer support groups to help you manage a narcissistic partner or family
member. Learn coping strategies, build resilience, and take control of your healing journey.",Circles Workshops Ltd.,"10,000+",Peer support health,us,"['live group support', 'anonymous audio-only support groups', 'expert counseling', 'therapy sessions', 'emotional healing', 'structured path to healing', 'self-care', 'guided mental health sessions', 'anger management', 'stress relief', 'flexible access', 'peer connection', 'community support', 'narcissistic partner support', 'toxic relationship support', 'mental health support', 'anxiety management', 'depression support', 'unwinding anxiety', 'navigating a narcissist']","['live group support', 'anonymous audioonly support group', 'expert counseling', 'therapy session', 'emotional healing', 'structured path healing', 'selfcare', 'guided mental health session', 'anger management', 'stress relief', 'flexible access', 'peer connection', 'community support', 'narcissistic partner support', 'toxic relationship support', 'mental health support', 'anxiety management', 'depression support', 'unwinding anxiety', 'navigating narcissist']","['navigating narcissist', 'flexible access', 'mental health', 'depression support', 'guided mental health session', 'structured path healing', 'peer connection', 'narcissistic partner support', 'anxiety management', 'therapy coaching', 'anger management', 'community group support', 'live group support', 'stress relief', 'unwinding anxiety', 'expert counseling', 'anonymous audioonly support group', 'selfcare accountability', 'toxic relationship support', 'emotional healing']",2
com.soberpeer,Sober Peer,4.25,Health & Fitness,0,TRUE,"Sober Peer is an AI-powered mobile health platform for assessing and treating substance use recovery practices.

Our platform expands early intervention, treatment, and recovery support services and improves delivery systems and quality of treatment in support of community-based, integrated treatment plans.

By utilizing AI to deliver efficient, evidence-based care, the system:
- Measures and scores the recovery process,
- Predicts patient outcomes,
- Prescribes one-to-one protocols,
- Suggests therapeutic activities for patients, and
- Delivers next-best-action decision support to providers.

The patient app offers a mobile, on-demand connection with their provider and provides real-time accountability with required engagements and geo-fencing. It also fosters peer, family and friend support and engagement.",SoberPeer LLC,"1,000+",Peer support health,us,"['measures recovery process', 'predicts patient outcomes', 'prescribes one-to-one protocols', 'suggests therapeutic activities', 'delivers decision support', 'mobile connection with provider', 'real-time accountability', 'geo-fencing', 'peer support', 'family support', 'friend support']","['measure recovery process', 'predicts patient outcome', 'prescribes onetoone protocol', 'suggests therapeutic activity', 'delivers decision support', 'mobile connection provider', 'realtime accountability', 'geofencing', 'peer support', 'family support', 'friend support']","['measure recovery process', 'geofencing', 'family support', 'delivers decision support', 'friend support', 'peer connection', 'predicts patient outcome', 'mobile connection provider', 'suggests therapeutic activity', 'realtime accountability', 'prescribes onetoone protocol']",4
com.sccm.thumbsup,Patient Communicator,4.571429,Medical,0,TRUE,"The Patient Communicator by the Society of Critical Care Medicine is designed to improve communication among patients, families, and caregivers. With translations in 18 languages; a diary feature; options to easily communicate about pain, moods, and needs; a glossary of terms and other education materials for patients and families; the Patient Communicator app can help ease the stress of a hospital stay.

Features include:
- A diary function that allows patients to track their daily progress during and after a hospital stay
- Translation capabilities that allow for two-way communication in 18 languages on a variety of topics, such as pain, basic needs, feelings, and moods
- A scale that allows patients to identify where on the body they feel sensations of pain, itching, and nausea and express the intensity of these sensations
- More than 30 translatable phrases that allow patients to express various needs related to their care and well-being
- A glossary of terms to help educate patients and families about the intensive care unit
- A free download of the booklet Understanding Your ICU Stay: Information for Patients and Families

Available translation languages:
- English
- Español (Spanish)
- Mandarin (普通话 )
- Dutch (Nederlands)
- Hindi
- French (Français)
- Italiano
- Portuguese (Portuges)
- Russian
- Swedish (Svenska)
- Czech (Čeština)
- Polnisch (Polski/Polish)
- Turkish
- Ukrainian (українська)
- Lithuanian (Lietuvių)
- Arabic
- German (Deutsch)
- Japanese

Contact ​support@sccm.org for more information.",Fountainhead Mobile Solutions,"5,000+",Patient support network,us,"['track daily progress', 'translate communication', 'report pain and sensations', 'express needs', 'access glossary', 'download educational booklet']","['track daily progress', 'translate communication', 'report pain sensation', 'express need', 'access glossary', 'download educational booklet']","['download educational booklet', 'translate communication', 'analyze pain pattern', 'express need', 'daily activity assignment', 'access glossary']",1
com.ezaccessapp.ccpdocs,CCP Patient Portal,0,Health & Fitness,0,TRUE,"The Cardiology Consultants of Philadelphia, (CCP Patient Portal), app connects you, the patient, with your healthcare provider and helps you conveniently manage cardiovascular care for you and your family members.

With the CCP Patient Portal app, you can: 
• Connect with your cardiovascular provider
• View your cardiovascular Profile
• Receive alerts
• View and schedule appointments
• Request refills
• Communicate with office staff for billing and general inquiries
• Share data securely and in real time with cardiovascular provider
• Take care of your loved ones
• Integrate with Apple HealthKit to retrieve daily exercise logs, sleep patterns and health data

To use the CCP Patient Portal App, you will need an invitation or login from your provider. Please contact our office directly for assistance with login or require support for the app.

Please note if you have already enrolled in CCP’s previous Patient Portal, you will be able to log in to this portal app with your existing credentials.

Please seek a doctor’s advice in addition to using this app and before making any medical decisions.",Medical Office Technologies,"1,000+",Patient support network,us,"['connect with healthcare provider', 'view patient profile', 'receive alerts', 'schedule appointments', 'request medication refills', 'communicate with office staff', 'share medical data', 'integrate with apple healthkit', 'manage family members']","['connect healthcare provider', 'view patient profile', 'receive alert', 'schedule appointment', 'request medication refill', 'communicate office staff', 'share medical data', 'integrate apple healthkit', 'manage family member']","['access patient information', 'request prescription refill', 'schedule upcoming appointment', 'access medical record', 'communicate office staff', 'connect medical provider', 'receive notification', 'manage family member', 'sync apple health']",2
com.outcomes4me,Outcomes4Me Cancer Care,3.82,Health & Fitness,0,TRUE,"Outcomes4Me Cancer Care App

Download Outcomes4Me today and join our community of members helping us on our mission to empower patients with understandable, relevant, and evidence-based information surrounding their cancer diagnosis. Take control over your cancer with this all-in-one app.

Outcomes4Me featured tools & resources:
• Personalized treatment path – get a snapshot of recommended treatment options, drug information, and procedure alternatives based on your medical records history.
• Curated cancer news and content – personalized news and content surrounding your cancer diagnosis, insurance, policies, and much more.
• Clinical trial matching – get matched with clinical trials that are relevant to you and around your desired location.
• Symptom management & tracking – monitor how your medication and therapies are making you feel and track your progress towards improved health.
• Consolidated medical records – we will track down and consolidate all your medical records into one report that is easy to read and understand.
•Digital second opinions – ask our team of experienced oncology nurse practitioners a question based on how you’re feeling and receive support on how to better manage your care.
• Validated external resources – our resources section provides you with additional vetted information on genomics, specialized cases, and guidance from The American Society of Breast Cancer, the National Comprehensive Cancer Network® (NCCN®), the CDC, ASCO, WHO, Wolters Kluwer, and more.

How does Outcomes4Me work?
Outcomes4Me is a direct-to-patient, AI-driven patient empowerment platform that integrates with the NCCN Clinical Practice Guidelines in Oncology (NCCN Guidelines®) and makes them patient-facing, providing the clinical, evidence-based knowledge you need to take a more active role in navigating your cancer treatment. We gather treatment recommendations typically meant for oncologists and use Artificial Intelligence to translate that information so you can understand it, putting you in control. With this knowledge, you can feel empowered to make the best medical decisions with your care team.

Why Outcomes4Me?:
• Outcomes4Me is the only app fully integrated with the NCCN Guidelines®, from the not-for-profit alliance of 32 leading cancer centers, that provides you with personalized treatment options based on your specific diagnosis.
• 7 days of symptom tracking is all it takes before you start to see trends and results that can make you feel better.
• No additional appointments, and no added bills. This app is 100% free for patients and always will be.
• Our collaborative team of oncology nurse practitioners, clinical abstractors, and clinical trial managers are always focused on helping you gain access to information, care, and clinical trials. With decades of experience in oncology health care and life sciences settings among them, they’ll always be here when you need advice.

Outcomes4Me is a digital patient empowerment platform with the clinical, evidence-based knowledge you’ll need to best navigate your medical choices and take a more active role in treating your cancer. Outcomes4Me currently supports breast cancer, non-small cell lung cancer, and prostate cancer patients.

Music: www.bensound.com",Outcomes4Me Inc.,"500,000+",Patient support network,us,"['personalized treatment path', 'curated cancer news', 'clinical trial matching', 'symptom management and tracking', 'consolidated medical records', 'digital second opinions', 'validated external resources', 'patient empowerment platform', 'nccn guidelines integration', 'symptom tracking', 'free app', 'collaborative team support']","['personalized treatment path', 'curated cancer news', 'clinical trial matching', 'symptom management tracking', 'consolidated medical record', 'digital second opinion', 'validated external resource', 'patient empowerment platform', 'nccn guideline integration', 'symptom tracking', 'free app', 'collaborative team support']","['free proprietary device', 'curated cancer news', 'validated external resource', 'collaborative team support', 'digital second opinion', 'consolidated medical record', 'symptom tracking', 'nccn guideline integration', 'personalized care plan', 'clinical trial matching', 'patient engagement platform']",4
health.drumbeat.prod,Anonymous Health,4.6,Health & Fitness,0,TRUE,"Do you want to overcome an unwanted habit?

Many programs can help you for a short period of time… but what if you want long-term change?

Anonymous Health is different.

Anonymous Health uses a whole person approach including computer-assisted therapy–which studies show is twice as effective than therapy alone.

Using a powerful combination of psychology, technology, and one-on-one sessions with a personal counselor, Anonymous Health empowers you to make healthier choices.

We can help you with behavioral habits such as video gaming, gambling, mobile phone or Internet use, compulsive sex, and shopping, or substance use like alcohol, cannabis, nicotine or tobacco, vaping, opioids or painkillers, stimulants, depressants and more.

Anonymous Health gives you a clear, actionable plan to reach your goals, and empowers you with the tools to help you manage triggers. We provide accountability and support to help you stay consistent in your day-to-day, and motivated to stick with your commitment long-term.

Some of our features include:
– Flexible counseling and medical appointments that suit your schedule
– Medication-assisted treatment
– Insurance support including employer plans, Medicaid, and Medicare
– Daily check-ins to help you stay on track
– Exercises to help you achieve the life you want, including powerful tools to manage problems, triggers, high-risk situations, depression and anxiety
– Support when you need it most, like when you’re tempted to use
– Coordination with local support groups
– Rewards as you progress through the program
– Maintenance mode that helps you maintain your goal once you’ve reached it",Anonymous Health,"10,000+",Patient support network,us,"['flexible counseling appointments', 'medication-assisted treatment', 'insurance support', 'daily check-ins', 'exercises for goal achievement', 'triggers management tools', 'support for high-risk situations', 'depression and anxiety management', 'coordination with local support groups', 'progress rewards', 'maintenance mode']","['flexible counseling appointment', 'medicationassisted treatment', 'insurance support', 'daily checkins', 'exercise goal achievement', 'trigger management tool', 'support highrisk situation', 'depression anxiety management', 'coordination local support group', 'progress reward', 'maintenance mode']","['support highrisk situation', 'trigger management tool', 'exercise goal achievement', 'depression anxiety management', 'maintenance mode', 'medicationassisted treatment', 'coordination local support group', 'insurance management', 'flexible counseling appointment', 'conduct daily checkins', 'progress reward']",2
com.soulout.network,Soulout: Mental Health Network,4.91,Social,0,TRUE,"Welcome to the safe, anonymous and free place for hope, help and healing!

Soulout is not just another mental health app — we're a social network built to make a difference. That's why we focus on people and meaningful interactions, not endless and mindless scrolling.

At Soulout, you have 2 ways to go:

1) You can share your struggles and get emotional support anonymously in our safe and judgment-free space, absolutely free.
2) Or, conversely, you can unleash your hidden altruism and connect with people who may need you to offer emotional support or share your experiences.

HOW IT WORKS?

We use Karma points, which you receive for helping other people and give back for publishing your posts, to maintain harmony and symbiosis within our app.

Your initial balance: 5 Karma points
Create a post: -5 Karma
Reply to another person's post: +1 Karma
Your reply was rated as helpful: +2 Karma
Your post or reply was banned: -5 Karma

APP FEATURES:

Safe. Anonymous. Free. 24/7:
Share your struggles and get emotional support anonymously in our safe and judgment-free space at any hour of the day or night, absolutely free.

No fees. No ads. Forever:
We believe that mental health should be free, so there are no paid features or ads here. Everything is powered by the support of Soulout community.

Community matters, and so do you:
With our advanced moderation and reporting systems, we keep our app a kind and friendly place in the ruthless world, giving you all the control.

Unleash your hidden altruism:
Choose from 15 categories to offer emotional support, share your experiences, and connect with people who may need you.

Stay connected. Feel cared for. Always:
Receive notifications when someone replies to or likes your post, rates your reply, and more. Feel cared for from the first minutes you post.

EMERGENCY HELP:

If you are facing a mental health emergency or crisis, please seek professional help or contact a crisis line immediately. At Soulout, we provide emotional support only, not emergency help.

With love, Bo!",Bogdan Natakhin,"10,000+",Health social network,us,"['safe anonymous free space', 'anonymous emotional support', 'free mental health app', 'social network for mental health', 'karma points system', 'post creation', 'reply to posts', 'rating system', 'moderation system', 'reporting system', '15 categories for support', 'notifications', 'emergency help']","['safe anonymous free space', 'anonymous emotional support', 'free mental health app', 'social network mental health', 'karma point system', 'post creation', 'reply post', 'rating system', 'moderation system', 'reporting system', '15 category support', 'notification', 'emergency help']","['rating system', 'post creation', 'karma point system', 'anonymous emotional support', 'reporting system', 'moderation system', 'receive notification', 'reply post', '15 tracker included', 'safe anonymous free space', 'free mental health app', 'emergency contact saving', 'social network mental health']",1
com.therapist.mended,Mended - Social Network,0,Social,0,TRUE,"MENDED: A MENTAL HEALTH SOCIAL NETWORK

Join the Mended family, a mental health social network designed to empower individuals with a personalized experience that resonates with their unique moods. Featuring engaging, gamified elements and a nurturing community, Mended fosters positive habits and boosts self-awareness while prioritizing user privacy and safety. Our innovative therapeutic approaches offer effective, enjoyable, and affordable mental health support available whenever you need it—even at 3 AM. Mended is more than just a social network; it’s a movement toward a brighter future for social media, rooted in the belief that love conquers all.

Understanding that 1 in 4 Americans experience mental illness and that everyone faces mental health challenges, we’ve integrated mental health into the social media landscape. Just as we normalize physical health, it’s time to embrace mental wellness in our everyday lives. Mended is built on the Person-Environment-Occupation (PEO) model, creating a comprehensive support platform. The ""Person"" connects users with friends who understand their struggles, the ""Environment"" encourages interaction through gaming in support groups, and the ""Occupation"" aspect customizes content to suit users' moods. Mended elevates mental wellness through tailored experiences.

*Features:*
- Traditional video feed
- Meme & sticker feed
- Personalized options
- Group therapy with friends
- Instant therapy access anytime
- Personal friend matching
- Gamified experiences with peers

*How does Mended work?*
Using the Mended social network is completely free! You only pay when you want to consult one of our licensed therapists, known as Menders.",Mended Family,50+,Health social network,us,"['traditional video feed', 'meme and sticker feed', 'personalized options', 'group therapy with friends', 'instant therapy access', 'personal friend matching', 'gamified experiences with peers']","['traditional video feed', 'meme sticker feed', 'personalized option', 'group therapy friend', 'instant therapy access', 'personal friend matching', 'gamified experience peer']","['traditional video feed', 'meme sticker feed', 'gamified experience peer', 'group therapy friend', 'personalized option', 'instant therapy access', 'friend support']",2
com.healthconnect.trudoc247,Health Connect 24x7,4,Health & Fitness,0,TRUE,"Health Connect 24x7 is bi-directional, integrated and interactive mobile application that provides you with immediate access to state of the art Physician Control Center, staffed with full-time, highly trained and licensed doctors and wellness experts, available 24x7 to assist you with your medical and wellness needs anytime, from anywhere in the world. 
Our Doctors practice Evidence Based Medicine through NHS International guidelines to achieve the best clinical outcomes. We can manage healthy, acute and chronic condition over the phone, via voice/ video calls, as well as on-site visits and 24-7 virtual clinics. Our doctors will help you manage your condition, issue repeat prescriptions, give medication advice and arrange for on-site lab tests and medication delivery, where available. If your condition requires being seen by a doctor in person, we will refer you to the nearest facility within your network and make an appointment on your behalf. We also offer customized wellness programs that include nutrition, weight and stress management as well as wellness tips via our interactive mobile application.
You can talk to our doctors and wellness experts 24x7 without having to book an appointment.
Conditions we can manage:
Acute: Headache, Flu, Common Cold, Back Ache, Asthma Attack, Strep Throat, Influenza, Pneumonia, Respiratory Tract problems, etc.
Chronic: Diabetes, Hypertension, Thyroid, Consistent Back Pain, Osteoporosis, Asthma, Frequent Migraine, Cardiovascular Problems, Kidney Disease, Heartburn, etc.
Other conditions treated by our doctors include: Respiratory Tract problems, Musculoskeletal problems, Gastrointestinal problems, Dermatology/Skin related problems, Eye related problems, Sexual Health, Obesity/Diet advice, Dizziness/weakness, Obstetrics/Gynaecology problems, etc.
Take control of your health, download Health Connect 24x7 app today.

App Features
¬	Contact a Doctor: 24x7 access to our full-time, highly trained and licensed doctors and wellness experts via voice and video calls, anytime from anywhere in the world.
¬	Readings: Keep track of your weight, number of steps you take every day, blood pressure, temperature, heart rate, oxygen level, blood sugar readings & average level along with past readings, presented in an easy to read graph.
¬	Reminders: Add your medication details and set up a reminder for each one and never miss a dose again. You can also set up a reminder for an appointment with your specialist. 
¬	Messages: Combines periodic wellness tips based on your condition and preference, health alerts, call summary and general notifications.
¬	Appointments: Keep track of your medical & wellness appointments and receive a push notification or SMS once an appointment is scheduled.
¬	Digest: Receive tailored content, including tips and articles, on your feed based on your condition, preferences and goals.
¬	Providers: Store your insurance details and search for nearby healthcare providers within your insurance network and check the distance, directions and estimated time of journey.
Our services will transform you to the person you’ve always wanted to be. To learn more about us watch our video here https://youtu.be/WL32A7hF7is.",TruDoc Health Care LLC,"10,000+",Health social network,us,"['contact a doctor', 'track readings', 'set reminders', 'receive messages', 'schedule appointments', 'digest content', 'find providers']","['contact doctor', 'track reading', 'set reminder', 'receive message', 'schedule appointment', 'digest content', 'find provider']","['track reading', 'schedule upcoming appointment', 'communicate physician', 'send message', 'find manage provider', 'reminder setting', 'digest content']",1
com.quentiq.tracker,dacadoo – Health Engagement,4.6666665,Health & Fitness,0,TRUE,"The ultimate lifestyle navigator!
dacadoo measures holistic health with the Health Score and engages users to actively manage their health and wellbeing in a relevant, easy and fun way.

Our award-winning Health Score
The dacadoo Health Score considers seven different aspects of a user's health to scientifically calculate a number that quantifies their holistic health. A user's Health Score can range from 0 to 1000, and when tracked over time offers a good indication of how a user's health is evolving.


A great tool for keeping your customers engaged
Connect and engage with your Life & Health insurance policyholders and provide them with the most user-friendly solution to develop healthier habits.

Boost your employees’ wellbeing with dacadoo
Our platform has been demonstrated to improve 64% of users' Health Scores after just 12 months using the platform. Engaged and healthier employees are the best engine for your business to thrive!

The Wheel of LifeTM concept
Our unique trade-marked design, Wheel of LifeTM, revolutionizes digital health engagement. It encompasses seven different categories to measure a user’s physical and mental health, sleep, nutrition, activity, self-control regarding alcohol or nicotine, and even their mindfulness.

What can users do on dacadoo?
On dacadoo, users can closely monitor their exercise, nutrition, mindfulness and sleep, as well as their physical and mental wellbeing. Besides the integrated tracking functionality, users can also take advantage of popular apps and devices, such as Google Fit to help synchronize exercise, weight, sleep and other data with dacadoo. To help your users remain active and engaged, dacadoo applies motivation techniques from behavioral science and gamification, collaborative features from social networks, and provides personalized feedback.

Who can use dacadoo?
Our platform is only available for eligible users with an access code. If you would like to implement dacadoo for your insurance company or for corporate wellness purposes, please send us an email at sales@dacadoo.com

Please note that dacadoo has a rewards shop connected for demonstration purposes for its corporate clients, but the shop is NOT available for users at this moment, as it is not part of a current user subscription.

Disclaimer: ® © ™ 2021 dacadoo ag. All rights reserved. This application and its contents are the sole property of dacadoo ag and are protected by law and international treaties. dacadoo does not offer medical advice or diagnosis. The dacadoo Health Score is generated based on data provided by the user and is for information purposes only.",dacadoo,"10,000+",Digital health engagement,us,"['holistic health scoring', 'health tracking', 'wellness engagement', 'wheel of life concept', 'exercise tracking', 'nutrition tracking', 'mindfulness tracking', 'sleep tracking', 'physical wellbeing tracking', 'mental wellbeing tracking', 'social network integration', 'gamification', 'personalized feedback', 'data synchronization', 'rewards shop']","['holistic health scoring', 'health tracking', 'wellness engagement', 'wheel life concept', 'exercise tracking', 'nutrition tracking', 'mindfulness tracking', 'sleep tracking', 'physical wellbeing tracking', 'mental wellbeing tracking', 'social network integration', 'gamification', 'personalized feedback', 'data synchronization', 'reward shop']","['mindfulness tracking', 'data syncing', 'sleep tracker', 'nutrition', 'gamification', 'reward shop', 'wheel life concept', 'physical wellbeing tracking', 'social network integration', 'mental wellbeing tracking', 'exercise tracking', 'holistic health scoring', 'wellness engagement', 'personalized insight', 'provide health data']",1
com.abbott.nmd.oneapp,NeuroSphere Digital Health App,3.1090908,Medical,0,TRUE,"The NeuroSphere™ Digital Health App from Abbott is for people living with chronic pain and movement disorders, allowing them to manage physician prescribed programs on their neurostimulation device from Abbott.* The app also features educational resources on therapy topics that matter most to you, including video content about your neurostimulation device. 

This app works with rechargeable and non-rechargeable neurostimulation devices from Abbott such as the Eterna™ SCS system, Proclaim™ SCS and DRG systems, and the Liberta™ and Infinity™ DBS systems*. The app utilizes Bluetooth wireless technology to communicate between the implanted stimulator, the stimulator charger (if you have a rechargeable stimulator)* and is compatible with the mobile device patient controller provided by Abbott, as well as personal Android mobile devices.

Key features of the app include: 
•	Accessing educational resources that answer frequently asked questions about neurostimulation
•	Sharing how you are feeling with your care team through digital check-in (this feature applies for chronic pain patients implanted with a neurostimulation device). 
•	Connecting with Abbott’s Therapy Navigation Center for personalized device support (this feature applies for chronic pain patients implanted with a neurostimulation device). 
•	Secure, in-app video chat sessions through NeuroSphere™ Virtual Clinic, enabling users to connect with their clinicians for routine remote programming adjustments.*
•	Selecting stimulation programs for changing therapy needs.*
•	Adjusting stimulation amplitude.*
•	Checking device battery / monitoring charging status of the battery / adjusting charging settings (these features apply if you have a rechargeable stimulator).*
•	Turning stimulation, MRI mode, and surgery mode ON / OFF.*

THIS APP DOES NOT PROVIDE MEDICAL ADVICE, NOR SHOULD BE REGARDED AS COMPRISING MEDICAL ADVICE OF ANY NATURE. THE APP IS NOT A SUBSTITUTE FOR THE PROFESSIONAL JUDGEMENT AND TREATMENT BY A PHYSICIAN OR MEDICAL PROFESSIONAL. PATIENTS SHOULD CONSULT WITH THEIR PHYSICIAN PRIOR TO MAKING ANY MEDICAL DECISIONS. IF YOU SUSPECT YOU MAY HAVE A MEDICAL EMERGENCY, PLEASE CONTACT EMERGENCY SERVICES OR YOUR HEALTHCARE PROVIDER.

*This feature only applies if you are utilizing the mobile device patient controller provided by Abbott
**Available on eligible mobile devices. For a list of mobile devices compatible with Abbott’s Neuromodulation Patient Controller applications, visit http://www.NMmobiledevicesync.com/cp


Please note:
•	This application will work on Android mobile devices running Android OS 10 or later.
•	For the Privacy Policy see https://www.virtualclinic.abbott/policies
•	For the Terms of Use see https://www.virtualclinic.abbott/policies
•	Bluetooth is a registered trademark of Bluetooth SIG",Abbott,"10,000+",Digital health engagement,us,"['access educational resources', 'share feelings with care team', 'connect with therapy navigation center', 'video chat with clinicians', 'select stimulation programs', 'adjust stimulation amplitude', 'check device battery', 'adjust charging settings', 'turn stimulation on/off', 'turn mri mode on/off', 'turn surgery mode on/off']","['access educational resource', 'share feeling care team', 'connect therapy navigation center', 'video chat clinician', 'select stimulation program', 'adjust stimulation amplitude', 'check device battery', 'adjust charging setting', 'turn stimulation onoff', 'turn mri mode onoff', 'turn surgery mode onoff']","['educational content', 'video chat clinician', 'select stimulation program', 'turn surgery mode onoff', 'check device battery', 'turn stimulation onoff', 'adjust stimulation amplitude', 'connect therapy navigation center', 'share feeling care team', 'adjust charging setting']",1
com.ochsner.digitalmedicine,Digital Medicine,4.21875,Health & Fitness,0,TRUE,"The Digital Medicine app simplifies how you care for your chronic condition—offering a customized experience for members that is intuitive, streamlined, and personalized. Connect with your data, set preferences, and control your health. Easy just got easier.

SEAMLESSLY TRANSMIT READINGS
• Take and send your weight, blood pressure and blood sugar readings to your care team.
• Log your meals easily and get nutritional tips based on what you've logged for the day.

SET PREFERENCES
• Choose when to receive program reminders, whether it’s to submit a reading, review your monthly report, or other relevant program tasks, that best fits your unique schedule.

READING GUIDANCE
• Get in-app guidance on blood pressure and/or blood sugar readings.

DIGITAL COACHING 
• Gain knowledge on your program and health journey through interactive learning missions.  
• Understand your progress through trends and monthly reports in-app. 

EARLY ACCESS
• Gain access to the latest Digital Medicine app features and enhancements.

SUPPORT
• Enjoy guided in-app device setup instructions and watch videos on setting up your device and how to take readings.

Track progress, stay motivated, and feel better with Digital Medicine.

Digital Medicine app is not any substitute for professional healthcare services or advice. Any health related information provided is for informational purposes and should not be used for diagnostic or medical purposes. Always consult a healthcare professional for your health and safety needs.",Ochsner Health System,"5,000+",Digital health engagement,us,"['seamlessly transmit readings', 'set preferences', 'reading guidance', 'digital coaching', 'early access', 'support', 'track progress', 'stay motivated']","['seamlessly transmit reading', 'set preference', 'reading guidance', 'digital coaching', 'early access', 'support', 'track progress', 'stay motivated']","['set preference', 'early access', 'stay informed', 'track progress time', 'support', 'digital coaching', 'seamlessly transmit reading', 'reading guidance']",1
com.yourdhs.app,Digital Healthcare Solutions,2.142857,Health & Fitness,0,TRUE,Remote Therapeutic Monitoring allows healthcare providers to better engage with their patients after they are sent home from an office or hospital. The goal of RTM is to help patients recover quicker and improve outcomes from their medical treatment.,Digital Healthcare Solutions LLC,"1,000+",Digital health engagement,us,"['remote therapeutic monitoring', 'engage with patients', 'help patients recover', 'improve medical outcomes']","['remote therapeutic monitoring', 'engage patient', 'help patient recover', 'improve medical outcome']","['communicate patient', 'help patient recover', 'improve medical outcome', 'remote therapeutic monitoring']",1
com.myhealthchampion.mobile,Calcium Digital Health AI,3.372549,Medical,0,TRUE,"Manage health care, track your symptoms, enable remote monitoring and control your family’s health and medical data with Calcium. Take health care into your own hands with control over all your health, medical and fitness records.

Download Calcium today to get your no-cost “early adopter"" access.

Calcium is a health & medical app that pulls in your health data from hospitals & health systems – and many of the top fitness and medical devices (including Fitbit and Apple Health). The medical app provides an array of tools that leverages your data to get healthier, manage your healthcare costs and take control of your healthcare journey and destiny.

Use the medicine tracker, record symptoms and note your conditions automatically or in your private medical journal. From personal health to medical records, Calcium provides control and tools designed to empower families and individuals to finally control their health decisions and destiny.

The Calcium app is designed also empower caregivers – whether you’re a parent or the adult child of seniors with special health needs. Care for elderly parents with chronic conditions or young kids learning to manage childhood conditions like asthma, allergies or diabetes.

Monitor prescriptions for your elder parent’s medication, track symptoms, manage your child’s treatment and follow their progress through one of our personalized health pathways. Plus, health observations and concerns can be recoded securely in the private journal.

Calcium gives you control over your health. From medication to managing symptoms, personal care is back in your hands.

<b>Calcium Features:</b>

Personal Health Pathways
- Health improvement programs are clinically designed and personalized
- Health data can be recorded manually and wirelessly
- Access our growing library of clinically designed health improvement pathways
- Personal health care pathways are designed by medical, health and wellness professionals
- Personalized health care programs to achieve your specific health goals – whether it’s losing 5 pounds, managing your child’s asthma or helping your elderly parent recover from a procedure

Care For Your Family
- Healthy living & care for your elderly parents or young children
- Track medicine, conditions and treatment for your family
- Track health, symptoms and medical progress, such as temperature and blood pressure

Recover Faster
- Calcium works with hospitals and surgery centers to improve patient care before and after procedures
- Let health care managers know how to best speed your recovery
- Medical providers can use Calcium for pre- and post-operation care

Health Data Stays Protected
- Health-related data is gathered from various apps, devices and the Internet of Things (IoT)
- Calcium gathers medical records & tracking data in a secure cloud-based environment
- Medical records stay secure and protected

Fitness Tracker Data
- Add tracking data from many leading fitness devices, including:
- Fitbit, Garmin, Withings, Omron, ActivLIFE, Apple Health, Bewell Connect, Boltt, Epson, iHealth, Kiqplan, Life Fitness, Lifetrak, Lumo, Mindful Meal, Misfit, Movable, MyFitnessPal, PearSports, Personalabs, Polar, Precor, Runkeeper, StepsCount, Strava, Striiv, Suunto, Swimtag, TomTom, Under Armour, and VitaDock

Medical Devices
- Collect and track data from top medical and vitals tracking devices, including:
-  Fitbit, Garmin, Omron, Withings (Nokia), AsthmaMD, Bewell Connect, BodiMetrics, Body Trace, Emfit, FatSecret, Foracare, Healthbot, Higi, iGlucose, iHealth, iProven, Kiqplan, Misfit, MyDario, Ozmo, PredictBGL (ManageBGL), Qardio, RxCheck, Sleepimage, Telcare, and VitaDock

We invite you to shape the future of consumer-driven health by becoming part of our community.
To get started, just download our free app today.",Calcium LLC,"10,000+",Digital health engagement,us,"['personal health pathways', 'record symptoms', 'note conditions', 'private medical journal', 'medicine tracker', 'track family health', 'remote monitoring', 'health data tracking', 'fitness tracker integration', 'medical device integration', 'secure data storage', 'health improvement programs', 'clinically designed pathways', 'wireless data recording', 'library of health pathways', 'care for elderly parents', 'care for young children', 'track medicine', 'track conditions', 'track treatment', 'recover faster', 'post-op care', 'pre-op care']","['personal health pathway', 'record symptom', 'note condition', 'private medical journal', 'medicine tracker', 'track family health', 'remote monitoring', 'health data tracking', 'fitness tracker integration', 'medical device integration', 'secure data storage', 'health improvement program', 'clinically designed pathway', 'wireless data recording', 'library health pathway', 'care elderly parent', 'care young child', 'track medicine', 'track condition', 'track treatment', 'recover faster', 'postop care', 'preop care']","['medicine tracker', 'postop care', 'provide health data', 'recover faster', 'remote evaluation', 'care young child', 'private medical journal', 'record symptom', 'track medicine', 'clinically designed pathway', 'fitness tracker integration', 'track condition', 'track family health', 'note condition', 'connect medical provider', 'care elderly parent', 'wireless data recording', 'personal health pathway', 'track treatment', 'secure data storage', 'library health pathway']",1
com.appex.myhealth,MyHealth-Digital Health Locker,0,Health & Fitness,0,TRUE,"MyHealth app is a digital health locker that helps you to digitize, store, and manage your medical reports and body vitals from anywhere in the world. It not only enables you to easily share your medical records with healthcare providers during appointments, with family and friends in cases of medical emergencies.

Beyond merely storing your health records, The MyHealth app allows you to do the following:

1. Manage your family’s health with a “Family Health Account”
2. Identify and manage your genetic health risks with “MyGene”
3. Get “Smart Health Insights” to identify patterns and potential health issues
4. Track essential “Body Vitals”, including blood pressure (BP) and blood sugar levels effortlessly

Additionally, the MyHealth app is ABDM compliant and helps you create your Ayushman Bharat Health Account (ABHA Card) in under 60 seconds.

Download the FREE MyHealth App and begin your Digital Health Journey today.
___________________________________________________________________________
Why should you choose MyHealth app?

❌You can now say goodbye to carrying bulky medical files, health records & prescription notes while visiting the doctor.
❌You no longer need to repeatedly take pictures of the same medical report to share with doctors and healthcare providers over WhatsApp.
❌You can eliminate the possibilities of misdiagnosis and isolated treatments, as your doctor will now be well-informed.
❌You no longer have to worry about losing, misplacing, or damaging your and your family’s health records.

The MyHealth app ensures the sharing of important medical information between patients and physicians happens in a seamless and secured manner, thereby transforming the patient-physician relationship.
___________________________________________________________________________
Are you wondering if the app is safe and secure to store your medical records?

Yes, Absolutely. The MyHealth app is not only approved by the National Health Authority of India but is also HIPAA compliant. This guarantees that patient health information (PHI) is protected from unauthorized access and breaches.

Additionally, the app adheres to HL7 standards, facilitating seamless data exchange between different healthcare systems and providers, resulting in improved care coordination, reduced clinical errors, and more efficient clinical workflows.

Patient privacy is critical to us and we take appropriate security measures to protect your data from being accidentally lost, used, or accessed by unauthorized sources. We DO NOT use your data to:

❌Disclose, sell, rent, or otherwise provide your personal information to other companies.
❌Share your personal information with third parties unless required by law.",Appex Innovation Solutions LLC,"1,000+",Digital health engagement,us,"['digitize medical reports', 'store medical records', 'manage family health', 'identify genetic health risks', 'get smart health insights', 'track body vitals', 'create ayushman bharat health account', 'share medical records', 'eliminate misdiagnosis', 'secure data storage', 'compliant with hipaa', 'compliant with hl7', 'protect patient privacy']","['digitize medical report', 'store medical record', 'manage family health', 'identify genetic health risk', 'get smart health insight', 'track body vitals', 'create ayushman bharat health account', 'share medical record', 'eliminate misdiagnosis', 'secure data storage', 'compliant hipaa', 'compliant hl7', 'protect patient privacy']","['get smart health insight', 'hipaa compliant', 'compliant hl7', 'digitize medical report', 'protect patient privacy', 'access medical record', 'create ayushman bharat health account', 'identify genetic health risk', 'manage family health record', 'track body vitals', 'eliminate misdiagnosis', 'secure data storage']",1
com.ebsco.dha,Dynamic Health,0,Medical,0,TRUE,"Dynamic Health™ is an evidence-based tool designed to help nurses and allied health professionals master skills, obtain fast answers to questions, and foster a culture of evidence-based practice and critical thinking leading to improved patient outcomes. This free app is available for staff nurses, nurse administrators, nursing students, nurse faculty and allied health professionals with an institutional subscription to Dynamic Health.

Please note that there are two versions of Dynamic Health available for subscription: Dynamic Health Skills and Dynamic Health CDS + Skills and the content varies between versions. The app will automatically recognize which version of Dynamic Health you have access to, based on your institutional subscription. While content will vary the app functionality is consistent across both subscription offerings.

The convenience and rich functionality of the app give allows users to:

⦿ Access Dynamic Health’s evidence-based content including disease and conditions, signs and symptoms, test and labs, care interventions, skills, and drug guides both online and offline based on your subscription type.
⦿ Follow topics of interest for easy future access.
⦿ Search Dynamic Health with filters that can narrow results by age, specialty, and content type. View skills and notes specific to your workplace.
⦿ Access videos and images online.
⦿ Earn CEs every time you use Dynamic Health to answer a clinical question.",EBSCO Information Services,"5,000+",Digital health engagement,us,"['access evidence-based content online and offline', 'follow topics of interest', 'search with filters', 'view skills and notes', 'access videos and images', 'earn continuing education credits']","['access evidencebased content online offline', 'follow topic interest', 'search filter', 'view skill note', 'access video image', 'earn continuing education credit']","['search provider', 'access evidencebased content online offline', 'earn continuing education credit', 'follow topic interest', 'view skill note', 'record video image']",1
co.well.wellapp,Well Digital,4.880682,Health & Fitness,0,TRUE,"Well is your personalized daily health partner.

With Well, you’re treated like a name instead of a number. Well works to understand you, then suggests the next step fit for you — while rewarding you every step of the way. Get your first bonus just for signing up.

With Well, you are…

- WELL known: We get you. Answer just a few questions and we’ll share the next thing you can do for your health. Personalized multi-day health journeys and “look ahead” suggestions, designed by our experts and suggested by Well’s advanced health engine. Well knows your next healthy step even before you do.

- WELL rewarded: Healthy is job one. So why not get paid to do it? Earn hundreds in rewards by taking simple, healthy steps. Celebrate the small wins, because they add up over time. And when you’re ready to cash in on your good work, choose gift cards from a wide variety of your favorite brands.

- WELL empowered: It’s easier to take that next step when you know the facts. Build confidence and momentum in your health journey with do-able tips that fit into your regular day and help move you towards your goals. With someone in your corner, you can get started on that new health routine.

- WELL guided: Every now and then, we all need a little human guidance. Need help understanding bills and coverage, healthcare navigation guidance, and finding and scheduling a local provider? You’ll be happy to know our Well Guide team does it live and on-demand. Does that sound like typical healthcare to you? 

What others are saying about Well:

- “It's not just about losing weight, getting exercise, or lowering blood pressure. It's about all of that. It’s about your overall health.” — Kim W.

- “Thank you so much for finding them (a urologist) for me! I’ll be able to stay within the group for all of my needs…Thank you again for your help!” — Pablo L.

- “I love the emphasis on mental health in the workplace, because for a very long time, all I did was work.” —  Hannah L.

- “Well is by far my favorite app on my phone.” — Mark D.

Learn more about us at well.co",Well Engineering Team,"10,000+",Digital health engagement,us,"['personalized daily health partner', 'health journey planning', 'reward system', 'health tips and guidance', 'healthcare navigation', 'live guidance', 'mental health emphasis', 'favorite app']","['personalized daily health partner', 'health journey planning', 'reward system', 'health tip guidance', 'healthcare navigation', 'live guidance', 'mental health emphasis', 'favorite app']","['mental health', 'healthcare guide', 'live guidance', 'health tip guidance', 'personalized daily health partner', 'provide health data', 'favorite app', 'reward system']",1
com.springhealth.cherubi,Spring Health,4.8690476,Health & Fitness,0,TRUE,"Spring Health provides personalized mental healthcare and wellness support designed to help you feel your best. Download the app to unlock your benefit (at no cost to you). Browse our diverse provider network and schedule therapy or other care appointments from anywhere. No matter what you’re going through you’ll find therapists who can relate. Explore our library of self-guided exercises, called Moments, and build skills to manage stress, anxiety, sadness, or whatever you’re experiencing in life right now. 

Depending on your benefit’s coverage, Spring Health can also be available for your family. Get mental health support for your loved ones right from the app.

About Spring Health 
Finding the right mental health resources can be daunting and confusing — that’s why we’re here. Spring Health’s whole mission is to get more people better support for managing stress, anxiety, depression, or anything else they experience. Our data-based approach reduces the trial-and-error period of your treatment, so the support you get is actually supportive. 

Download the Spring Health app to:
- Schedule appointments (get access to a provider in as little as 2 days)
- Access Moments, our library of wellness exercises on subjects like meditation, sleep, and more
- Search our diverse network of licensed clinicians (our providers have an average 9.4/10 rating among our members)
- Receive personalized care recommendations
- Message your dedicated Care Navigator at any time
- Get 24/7 support

Getting started is simple:
- Sign up to create your free account
- Take a quick assessment: Answer a handful of questions so that we can tailor your care to you. Our clinically-validated wellness assessment personalizes your care, addressing your immediate needs and long-term goals.
- Get a personalized care plan: Once you complete your assessment, you’ll get a care plan that is made for your immediate needs. We’ll also match you with a Care Navigator (a licensed clinician), who can help set up appointments, answer your questions, and guide your care.
- Explore your care: Book a session, or just explore the app. If you’re hesitant about taking the first step or have any questions, check in with your dedicated Care Navigator – that’s what they are there for. If you’re feeling like some quick support right away, try Moments, our collection of guided exercises.


Does Spring Health keep my participation confidential?
Absolutely – your privacy is our priority. We only use your answers and information to create a personalized treatment to help you get better, faster.

How much does Spring Health cost?
Spring Health is no additional cost to you. Depending on your benefit, your dependents may also have access to the benefit at no additional cost. Costs for therapy and medication management may be subject to costs associated with your health plan.",Spring Health,"50,000+",Digital health engagement,us,"['schedule therapy appointments', 'browse provider network', 'access self-guided exercises', 'build skills to manage stress', 'get personalized care recommendations', 'message care navigator', '24/7 support', 'create free account', 'take wellness assessment', 'get personalized care plan', 'book sessions', 'explore app', 'try guided exercises', 'confidential participation', 'no additional cost']","['schedule therapy appointment', 'browse provider network', 'access selfguided exercise', 'build skill manage stress', 'get personalized care recommendation', 'message care navigator', '247 support', 'create free account', 'take wellness assessment', 'get personalized care plan', 'book session', 'explore app', 'try guided exercise', 'confidential participation', 'additional cost']","['access selfguided exercise', 'browse provider network', 'build skill manage stress', 'schedule therapy appointment', 'create free account', 'explore app', 'message care team', 'confidential participation', 'additional cost', 'book session', 'try guided exercise', 'personalized care plan', 'wellness engagement', '247 care']",2
com.innodiets.cardi,Cardi Health: Heart Monitoring,3.47,Health & Fitness,0,TRUE,"Meet Cardi Health, the cardiovascular health app that helps you manage and understand your heart health. Cardi Health was developed by Kilo Health, a member of the Innovators’ Network of the American Heart Association’s Center for Health Technology and Innovation. Our app is like a stethoscope at home to check and measure your heartbeat. 

Cardi Health provides the following features:

 1. Heart Health Monitoring & Tracking: Seamlessly track your heart rate and blood pressure using our advanced tracker, providing real-time insights and personalized recommendations for optimal cardio management. 

2. Personalized Meal Plans & Activity Tracking: Access customizable meal plans designed by nutrition experts to complement your heart health goals. Utilize the activity tracker to monitor your fitness routines and ensure you’re on the right path to achieving your desired cardio results.

3. Comprehensive Cardio Insights: Gain valuable insights into your cardio health trends and patterns through comprehensive data analysis and easy-to-understand visualizations. Monitor your progress over time to make informed decisions and maintain a healthy heart. 

4. Freeform Exercise Tracking: Use the app’s freeform exercise tracking feature to log your workouts and physical activities, ensuring you’re staying on top of your cardio goals and maintaining an active lifestyle. 

5. Integrated Blood Pressure Monitor: Utilize the integrated blood pressure monitor to keep an accurate record of your hypertension management, ensuring that you’re always aware of your current cardiovascular status. Measure your heartbeat with the built-in stethoscope to ensure precise readings. 

Cardi Health is not a substitute for the medical management of cardiovascular disease, nor is this app intended to cure, treat, or diagnose any medical condition. Developed with cardiologists and designed to help anyone manage and track cardiovascular disease, the Cardi Health app features are created according to the guidelines of the American College of Cardiology and the American Heart Association.",Inno Diets UAB,"50,000+",Digital health engagement,us,"['heart health monitoring', 'personalized meal planning', 'activity tracking', 'comprehensive cardio insights', 'freeform exercise tracking', 'blood pressure monitoring', 'stethoscope feature']","['heart health monitoring', 'personalized meal planning', 'activity tracking', 'comprehensive cardio insight', 'freeform exercise tracking', 'blood pressure monitoring', 'stethoscope feature']","['freeform exercise tracking', 'activity tracking', 'personalized meal planning', 'comprehensive cardio insight', 'heart health monitoring', 'stethoscope feature', 'blood pressure module']",2
com.cigna.mobile.mycigna,myCigna,4.0995054,Health & Fitness,0,TRUE,"The myCigna app gives you a new and improved way to easily access your important health information. You must be a Cigna customer to use the secure myCigna mobile app. Features available are based on the coverage you have with Cigna. 
 
ID Cards  
•    Quickly view ID cards (front and back) 
•    Easily print, email, or share from your mobile device
 
Find Care
•    Search for a doctor, dentist, pharmacy or health care facility, from Cigna's national network and compare quality-of-care ratings and costs
 
Claims
•    View and search recent and past claims
 
Account Balances
•    Access and view health fund balances
 
Pharmacy
•    View and refill your prescriptions right from your mobile device
•    Update billing and shipping preferences 
 
Coverage
•    View plan coverage and authorizations
•    Review plan deductibles and maximums
•    Find what’s covered under your plan
 
Wellness 
•    View goal activity and awards
 
Languages Supported
•    Spanish and English
 
About Cigna
 
More than just a health insurance company, Cigna is a global health service company--dedicated to helping the people we serve improve their health, well-being and sense of security. We make this happen through a broad range of integrated health care and related plans and services, and proven health and well-being programs that are targeted to the unique needs of our customers, clients and partners.",Cigna,"1,000,000+",Digital health engagement,us,"['view id cards', 'print id cards', 'email id cards', 'share id cards', 'find doctors', 'compare doctor ratings', 'search pharmacies', 'view claims', 'search claims', 'view account balances', 'refill prescriptions', 'update pharmacy preferences', 'view coverage', 'view authorizations', 'review deductibles', 'review maximums', 'find covered services', 'view wellness goals', 'view wellness awards', 'support spanish language', 'support english language']","['view id card', 'print id card', 'email id card', 'share id card', 'find doctor', 'compare doctor rating', 'search pharmacy', 'view claim', 'search claim', 'view account balance', 'refill prescription', 'update pharmacy preference', 'view coverage', 'view authorization', 'review deductible', 'review maximum', 'find covered service', 'view wellness goal', 'view wellness award', 'support spanish language', 'support english language']","['email id card', 'find doctor provider', 'wellness engagement', 'review maximum', 'compare doctor rating', 'print id card', 'search pharmacy', 'view authorization', 'support english language', 'request prescription refill', 'check deductible', 'support spanish language', 'view account balance', 'view id card', 'share id card', 'find covered service', 'view coverage plan', 'search provider', 'update pharmacy preference', 'manage claim']",1
com.medefy.everyonehealth,Everyone Health,4.9411764,Medical,0,TRUE,"The Everyone Health program helps you get quick and simple access to hundreds of medical treatments at no cost to you! 

Search, select, and schedule hundreds of medical procedures available at high quality facilities from high quality providers. Surgeries, MRIs, CT Scans, Lab Tests, and more - all through the Everyone Health app!

Key Features:

Search for $0 Care  – Use the easy search tool to help find the right surgery, imaging, lab test, and other procedures available to you, as well as where you can access them in your area! Search for hundreds of eligible no cost labs, surgeries, MRIs, CT scans, and more! 


Live Chat with our Care Guides – Instant access to our helpful guides live through the app! Want to discuss no cost options for an upcoming procedure? Need help finding a provider near you? Want to schedule an appointment? Text live with a friendly care guide who can help answer your questions, transfer medical records, and schedule appointments for you!
Feel more comfortable calling us? You can do that too through the app!


Vouchers – Digital vouchers in the app help ensure you get your eligible supported procedure at no cost to you!

Please note: The Everyone Health app and services are only available to eligible employees of Employers who subscribe to the Everyone Health program. If you’re not sure if your employer is subscribed to Everyone Health, please contact your HR or Benefits staff team.",Nomi Health Inc.,500+,Digital health engagement,us,"['search medical procedures', 'schedule appointments', 'live chat with care guides', 'digital vouchers', 'access medical facilities', 'search for no cost labs', 'search for no cost surgeries', 'search for no cost imaging', 'search for no cost lab tests']","['search medical procedure', 'schedule appointment', 'live chat care guide', 'digital voucher', 'access medical facility', 'search cost lab', 'search cost surgery', 'search cost imaging', 'search cost lab test']","['digital coaching', 'search cost imaging', 'schedule upcoming appointment', 'search cost lab test', 'access medical record', 'live chat care guide', 'search cost surgery', 'search medical procedure']",1
io.healthcom.app,HealthCom,4.5555553,Medical,0,TRUE,"HealthCom is your connection to information and exercises for recovering more quickly and staying healthy. The HealthCom app relays your personalized exercises and lifestyle recommendations as prescribed by your provider. You'll be able to view helpful video tutorials and track your progress. HealthCom places essential information at your fingertips with simple and secure access. Take control of your health with HealthCom!

Terms of Use: https://help.chiroup.com/en_US/security-privacy/healthcomio-terms-of-use
Privacy Policy: https://help.chiroup.com/en_US/security-privacy/healthcomio-privacy-policy",ChiroUp,"10,000+",Curatio health community app,us,"['personalized exercise recommendations', 'lifestyle recommendations', 'video tutorials', 'progress tracking', 'secure access', 'simple access']","['personalized exercise recommendation', 'lifestyle recommendation', 'video tutorial', 'progress tracking', 'secure access', 'simple access']","['send secure message', 'video consultation', 'personalized exercise recommendation', 'progress insight', 'easy sign', 'lifestyle recommendation']",1
com.metaflow.lumen,Lumen - Metabolic Coach,4.5442476,Health & Fitness,0,TRUE,"Do you want to take control of your metabolism, lose weight, and live a healthier lifestyle?
With Lumen’s personalized metabolic coach, you can!  

Lumen is the world’s first device to measure whether your body is burning fats or carbs - in a single breath. Say goodbye to guessing and hello to real-time metabolic insights, tailored daily nutrition plans, and recommendations on what to eat and when.

With direct access to your metabolism at your fingertips, our features will guide you to speeding up your metabolism, keep you motivated to reach your health goals, and feel your best self. 

EVERYTHING YOU NEED TO HACK YOUR METABOLISM

Features include:
* Real-time metabolic insights to guide you on your journey
* Personalized daily nutrition plans
* Lifestyle recommendations for sleep, exercise, fasting, and more
* Customizable tracks to achieve your goals
* Healthy habit building
* Progress tracker
* Monthly cycle tracker
* An engaged community for support and discussions


This app integrates with Health apps to sync data on your activity and sleep.


SUITABLE PLANS FOR EVERYBODY


At Lumen, we believe in a personalized approach to health. That's why we offer different plans designed to fit your unique goals, whether it's weight loss, fitness performance, or improving your metabolic health. With our progress tracker and healthy habit influences, you'll have the support you need to succeed.




WORKING ON YOUR WEIGHT LOSS JOURNEY 


By macro-tracking your meals, you can continue enjoying the meals you love with a new outlook and healthier relationship with food and yourself!


PERSONALIZED NUTRITIONAL PLANS & MEAL PLANNING


Lumen tracks your metabolism, but it’s also a powerful tool for managing your journey in nutrition, fitness, and overall well-being. The app includes interactive features to help you stay on track with your nutrition goals, such as meal planning and recipe suggestions. 



FUELING UP PRE AND POST WORKOUTS

Don't let energy levels hold you back from your workout goals. Lumen gives you real-time insights into your body's fuel usage, so you'll know exactly when to hit the gym and when to rest. Lumen levels will guide you on whether you have enough energy or need to fuel up before your workouts. 

SCIENTIFICALLY-BACKED


If you like talking science - we’ve been featured in peer-reviewed articles and building research ourselves. Lumen's technology has been scientifically proven to accurately measure metabolic fuel usage when compared to the gold standard (RER) for measuring metabolism in multiple validation studies.


PREMIUM CONTENT


Improve your knowledge with our informative library of videos from fitness experts, coaches, and nutritionists.


MOTIVATION


Every breath measurement will tell you what’s happening in your body. These insights help you maintain your motivation and give you guidance on how to hit your goals.  

So, what are you waiting for? Download Lumen today and start your journey to a healthier, happier you! You'll have the support and guidance you need to take control of your metabolism and live your best life.


Lumen has been featured in Forbes, BBC News, TechCrunch,Entrepreneur.com, Wired Magazine, Shape Magazine, and more

Winner of the CES 2019 Best Reviews Award | Listed in the Top 30 Best Devices CES 2019 | Esquire 2020 product award

Please note:
You must have a Lumen device to use this app. You can order your device from www.lumen.me
While Lumen is not intended as a medical device, it is recommended to consult your doctor before starting any nutrition plan.

Interested in partnering with us? Get in touch with us www.lumen.me/partners

Join us and begin your Lumen journey today!",Lumen.me,"100,000+",Curatio health community app,us,"['real-time metabolic insights', 'personalized daily nutrition plans', 'lifestyle recommendations', 'customizable tracks', 'healthy habit building', 'progress tracker', 'monthly cycle tracker', 'engaged community', 'data syncing with health apps', 'suitable plans for every goal', 'macro-tracking', 'meal planning', 'recipe suggestions', 'pre and post workout fueling', 'scientifically-backed', 'premium content', 'motivation']","['realtime metabolic insight', 'personalized daily nutrition plan', 'lifestyle recommendation', 'customizable track', 'healthy habit building', 'progress tracker', 'monthly cycle tracker', 'engaged community', 'data syncing health apps', 'suitable plan every goal', 'macrotracking', 'meal planning', 'recipe suggestion', 'pre post workout fueling', 'scientificallybacked', 'premium content', 'motivation']","['personalized daily nutrition plan', 'premium feature', 'monthly cycle tracker', 'suitable plan every goal', 'macrotracking', 'meal suggestion', 'build healthy habit', 'progress insight', 'realtime metabolic insight', 'customizable track', 'scientificallybacked', 'engaged community', 'data syncing health apps', 'pre post workout fueling', 'recipe suggestion', 'motivation', 'lifestyle recommendation']",2
com.healthie.app.healthie,Healthie,3.4,Health & Fitness,0,TRUE,"Meet Healthie: the wellness platform that connects clients and providers for on-the-go care. Healthie provides a secure, HIPAA-compliant place for care to happen. Download the app today for a new kind of healthcare experience.

FOR CLIENTS:

When you work with a wellness provider that uses Healthie, you’ll receive an invitation to create a Healthie account. The email that you use to create this account will allow you to log into your client portal from the web, or the Healthie mobile app. Together, you and your provider will be able to share data, and work together in real-time.

While your provider will personalize your experience, here are some of the features that may be part of your care:

• Book appointments
• Fill out forms
• Launch video calls
• Message with your provider
• Log your meals
• Make notes of your mood or progress
• Track your activity
• Sync wearable fitness devices
• Complete wellness goals
• Review educational handouts
• Enroll & complete online programs

FOR WELLNESS PROVIDERS:

Healthie enables you to manage your business and engage with clients from anywhere. With in-app and push notifications, you’ll never miss an update about your business or clients. Log in with the email address associated with your Healthie practitioner account to access:

• Manage your schedule
• Add or edit client sessions
• Review client information
• Message with clients
• Review logged client food & lifestyle entries, and provide real-time feedback
• Create & complete tasks
• Launch video calls
• Upload documents to your library & share with clients",Healthie Inc,"100,000+",Curatio health community app,us,"['book appointments', 'fill out forms', 'launch video calls', 'message with provider', 'log meals', 'make notes', 'track activity', 'sync wearable devices', 'complete wellness goals', 'review educational handouts', 'enroll in online programs', 'manage schedule', 'add/edit client sessions', 'review client information', 'create tasks', 'upload documents']","['book appointment', 'fill form', 'launch video call', 'message provider', 'log meal', 'make note', 'track activity', 'sync wearable device', 'complete wellness goal', 'review educational handout', 'enroll online program', 'manage schedule', 'addedit client session', 'review client information', 'create task', 'upload document']","['track activity', 'create task', 'make note', 'complete wellness goal', 'launch video call', 'schedule manage appointment', 'sync wearable device', 'send message', 'book session', 'upload document', 'sign online account', 'fill form', 'review educational handout', 'addedit client session', 'log meal', 'search client detail']",1
com.achievemint.android,Evidation: Earn Health Rewards,4.302757,Health & Fitness,0,TRUE,"Take control of your health and contribute to groundbreaking medical research— all while earning rewards for everyday activities! Evidation empowers you to track your everyday health activities and efforts, sync with leading health apps and wearables, and participate in cutting-edge health studies that drive scientific discoveries. By sharing your health data securely, you can help shape the future of healthcare while gaining valuable insights into your well-being.

Join a Health Research Community That Makes an Impact

Evidation partners with top universities, medical institutions, and public health organizations to conduct innovative research on chronic conditions, disease prevention, and overall wellness. Your participation supports advancements in areas such as heart health, diabetes, mental wellness, sleep patterns, and more.

Earn Rewards from Everyday Activities

With Evidation, healthy choices pay off. Earn points for activities like walking, sleeping, tracking your heart rate, and answering short health surveys. Whether you’re logging your steps, syncing with a fitness tracker, or reading personalized health articles, you’ll earn rewards that can be redeemed for cash, gift cards, or charitable donations. Evidation makes it easy to stay motivated while making meaningful contributions to health research.

Key Features:
- Track & Sync Health Data: Securely connect with Fitbit, Apple Health, Google Fit, Samsung Health, Oura, and other wearables to function seamlessly with your health tracking.
- Participate in Health Research: Contribute to studies that help improve medical knowledge and public health outcomes.
- Earn Rewards for Health Actions: Get paid for tracking steps, sleep, weight, heart rate, exercise and more. 
- Receive Personalized Insights: Gain evidence-based insights tailored to your health and wellness goals.

How It Works
- Track Your Health: Log activities, sync wearables, and monitor trends in sleep, physical activity, and heart health.
- Answer Health Surveys: Provide valuable feedback on lifestyle habits, chronic conditions, and wellness routines.
- Engage in Research: Receive invitations to participate in clinical and observational studies relevant to your health profile.
- Get Rewarded: Earn points redeemable for cash, gift cards, or charitable donations.

Our data practices
- We’re committed to trust & transparency at all times.
- We do not & will not sell your personal information.
- Your health data is shared only with your consent or at your request.

Participate in research opportunities while maintaining full control over your information.

Join Millions Contributing to Health Research

With nearly 5 million members, Evidation is helping to redefine how individuals engage with their health while advancing critical research. From understanding flu trends to improving heart disease prevention strategies, your participation has a real-world impact.

""My sister told me about it, and it seemed too good to be true at first. But when she said that she had already received $20, I signed up. It was so easy and a monetary motivation really encouraged me to get up and get moving.""- Estella

“I have had back problems for many years. Walking is one of the only ways I keep my back problems under control since the more you move the looser your back becomes and helps blood flow to heal your back. When I have the benefit of making money from keeping myself healthy, I go just a little longer each day."" --Kelli C

”...Evidation Health helps users integrate a variety of wearable trackers, but in addition to using quantitative data pulled from said trackers, they also posed more qualitative questions of their user base for the purposes of this research. “ --Brit & Co

Elevate your health journey with Evidation—track, learn, contribute, and earn while making a difference in medical research and healthcare advancements. Download the Evidation app today!",Evidation Health,"1,000,000+",Curatio health community app,us,"['track and sync health data', 'participate in health research', 'earn rewards for health actions', 'receive personalized insights', 'track health activities', 'answer health surveys', 'engage in research', 'get rewarded', 'control over health information', 'integrate wearable trackers', 'qualitative health questions']","['track sync health data', 'participate health research', 'earn reward health action', 'receive personalized insight', 'track health activity', 'answer health survey', 'engage research', 'get rewarded', 'control health information', 'integrate wearable tracker', 'qualitative health question']","['engage research', 'qualitative health question', 'answer health survey', 'provide health data', 'integrate wearable tracker', 'track sync health data', 'earn reward', 'track health metric', 'personalized insight', 'earn reward health action']",2
com.salvohealth.member,Salvo Health,0,Health & Fitness,0,TRUE,"Sign up for Salvo Health now, the only virtual clinic for those with IBS, GERD, SIBO, and other chronic gut conditions. We’re supported and staffed by board-certified leading gut specialists, health coaches, psychologists, clinicians, and dietitians. 

⚕️How does Salvo Health work?

Ever wish you could get the healthcare you need, without having to make an appointment? At an affordable cost?

Salvo Health has designed a virtual clinic app that delivers continuous care, like an async chat feature, automated reminders, and a custom interactive course of care that helps those living with chronic gut issues manage their symptoms.

When you become a Salvo Health Member, you work with a team of board-certified, expert health specialists who diagnose, coach and equip you with resources, tools, and strategies to better manage your chronic conditions daily. They provide science-backed treatments based on Salvo Health’s compassionate model of care, Whole Self Science. Whole Self Science deeply focuses on understanding the whole person in order to uncover and treat root causes to get their body back in balance.

No more panic, no more stress, no more missing social activities, no matter what you and your gut face.  

📱 What’s included in the Salvo Health app?

✅ Appointment set-up for diagnostics and testing near you 
✅ Access to prescriptions and supplements for better gut health
✅ A custom-to-you Course of Care to follow daily, including gut-friendly recipes, brain-gut exercises, and new approaches to managing sleep and stress.  
✅ A specialized Care Team including your own gastrointestinal specialist, board-certified health coach, dedicated nurse practitioner, and Care Navigator who will guide you on your gut health journey 
✅ An async 24/7 chat, where you can message and hear from your own Care Team regularly.
✅ Daily guides, nudges, and reminders that will keep you on track to managing  your gut. 
✅ A hub of articles, quizzes, audio-blogs, and other helpful tools, created and curated by the country’s leading gut specialists 

Sign up to become a Salvo Health Member today, and put your body back into balance.",Salvo Health Inc,100+,Curatio health community app,us,"['async chat feature', 'automated reminders', 'custom interactive course of care', 'appointment set-up', 'access to prescriptions', 'gut-friendly recipes', 'brain-gut exercises', 'new approaches to managing sleep and stress', 'specialized care team', 'daily guides and nudges', 'hub of articles and quizzes', '24/7 chat']","['async chat feature', 'automated reminder', 'custom interactive course care', 'appointment setup', 'access prescription', 'gutfriendly recipe', 'braingut exercise', 'new approach managing sleep stress', 'specialized care team', 'daily guide nudge', 'hub article quiz', '247 chat']","['appointment management', 'specialized care team', 'custom interactive course care', 'async chat feature', 'braingut exercise', 'note prescription', 'automated reminder', 'hub article quiz', 'gutfriendly recipe', 'daily guide nudge', '247 access', 'new approach managing sleep stress']",1
com.junoapp,Juno Health: AI SmartCare,0,Health & Fitness,0,TRUE,"Why Juno Health?
Juno Health is an AI-powered health platform that seamlessly combines technology and care to empower users to manage their health. Designed for today’s fast-paced lifestyles, Juno Health makes healthcare accessible, efficient, and personalized, providing a comprehensive suite of tools for busy individuals.

Key Features 
1. Activity and Fitness
Personalized Health Goals: Set and track fitness milestones tailored to your lifestyle.
Custom Reminders: Stay on top of hydration, exercise, and daily health routines with automated alerts.
2. Healthcare Services and Management
Symptom Checker: Get AI-driven insights to understand your symptoms better.
Doctor Finder: Discover and connect with trusted healthcare professionals in your area.
Video Consultations: Schedule virtual appointments with licensed doctors for convenient care.
3. Mental and Behavioral Health
AI Therapist Support: Access tools for stress management, anxiety relief, and overall mental well-being.
Holistic Health Advice: Receive expert insights for balancing mental and physical health.
4. Medical Reference and Education
Health News: Stay updated with reliable, curated health articles.
Medication Information: Learn about prescriptions, usage, and potential side effects.
5. Medication and Treatment Management
Medication Organizer: Track prescriptions, set dosage reminders, and stay consistent.
Treatment Support: Simplify healthcare journeys with tools for managing treatment plans.

Benefits You’ll Love
Instant Health Assessments: Gain quick insights into your health with AI-powered tools.
24/7 Access to Care: Skip long queues with instant access to healthcare professionals.
Personalized Support: Receive tailored health tips and track your progress toward self-care goals.
On-the-Go Convenience: Designed for busy lifestyles, Juno Health ensures healthcare is always at your fingertips.
Empower Your Health Journey Today
Join the Juno Health community and take control of your health. Whether it’s stress, fitness, or routine care, Juno Health is your reliable partner for holistic well-being.

Download Now: Start your journey with Juno Health – where one click opens a world of healthcare.",Juno Health,100+,Curatio health community app,us,"['personalized health goals', 'custom reminders', 'symptom checker', 'doctor finder', 'video consultations', 'ai therapist support', 'holistic health advice', 'health news', 'medication information', 'medication organizer', 'treatment support', 'instant health assessments', '24/7 access to care', 'personalized support', 'on-the-go convenience']","['personalized health goal', 'custom reminder', 'symptom checker', 'doctor finder', 'video consultation', 'ai therapist support', 'holistic health advice', 'health news', 'medication information', 'medication organizer', 'treatment support', 'instant health assessment', '247 access care', 'personalized support', 'onthego convenience']","['medication list management', 'ai therapist support', 'health journal', 'symptom checker', 'treatment information', '247 access', 'personalized insight', 'custom reminder', 'doctor finder', 'holistic health scoring', 'onthego convenience', 'view medication', 'instant health assessment', 'video consultation', 'personalized health information']",3
com.ornament.monitor,Ornament: Health Monitoring,2.6237624,Health & Fitness,0,TRUE,"Ornament simplifies tracking your and your family’s health. Get advice on checkups, health insights, results, and more!
 
Conveniently Digitize and Store Lab Results from LabCorp or My Quest:
• Upload PDFs
• Snap pictures
• Email files
• Enter data manually
 
Monitor Your Health
• Track chronic diseases
• See what to improve
• Get advice on checkups like what tests to take and when
 
Easily Share Results
• Share your results with your doctor and loved ones
• Export results as a PDF 
 
Over 4,100 Biomarkers
• Vitamin D
• Cholesterol
• Hemoglobin
• Glucose
• And more!
 
Easy-To-Read Results
• Get your results in easy-to-read graphs
• Know what to look for instantly
• Compare your values to similar users and reference ranges
 
Pregnancy Mode
• Know what to expect with a weekly calendar
• Find answers to your questions about pregnancy
• Learn what tests to take and when
 
Insights + Wiki
• Discover more about biomarkers and diseases
• Read personalized health articles written by experts
 
For The Whole Family
• One account for your spouse, kids, and close loved ones",Ornament Health AG,"1,000,000+",Curatio health community app,us,"['digitize and store lab results', 'upload pdfs', 'snap pictures', 'email files', 'enter data manually', 'track chronic diseases', 'get health advice', 'share results', 'export results', 'easy-to-read results', 'compare results', 'pregnancy mode', 'weekly calendar', 'answers to questions', 'learn about tests', 'insights and wiki', 'discover biomarkers', 'read health articles', 'one account for family']","['digitize store lab result', 'upload pdfs', 'snap picture', 'email file', 'enter data manually', 'track chronic disease', 'get health advice', 'share result', 'export result', 'easytoread result', 'compare result', 'pregnancy mode', 'weekly calendar', 'answer question', 'learn test', 'insight wiki', 'discover biomarkers', 'read health article', 'one account family']","['provide health data', 'pregnancy mode', 'track chronic disease', 'insight wiki', 'read health article', 'weekly calendar', 'upload pdfs', 'export result', 'easy sign', 'enter data manually', 'email support', 'digitize store lab result', 'learn test', 'answer question', 'snap picture', 'discover biomarkers', 'share result', 'compare result', 'one account family']",1
com.coachcare.robardionic,MyHealthyJourney,3.1578948,Health & Fitness,0,TRUE,"Robard Corporation provides healthcare professionals with comprehensive medical and non-medical obesity treatment programs, scientifically designed nutrition products, and complimentary business management services. Whether you are new to obesity treatment or expanding an existing service, we are committed to get you up-and-running in 60 days — utilizing your existing staff — and have a vested interest in your long-term success.

App Functionalities include:
1. Third Party Integrations including syncing with external hardware devices
 2. HIPAA Compliant Messaging & Scheduling
 3. Progress Tracking
 4. Hydration & Supplement Tracking
 5. Meal Logging
 6. Digital Content

Disclaimer: This app is only designed for general wellness. Users should seek medical advice from a health professional. 

This app is compatible with the following blue tooth external hardware:
https://www.coachcare.com/devices/
-BEAT Blood Pressure Monitor, Model: B02T
-Scan Blood Glucose Meter, Model: G-427B
-Balance Scale, Model S-5
-Pulse Oximeter, Model JPD-500A",CoachCare,"1,000+",Curatio health community app,us,"['third party integrations', 'hipaa compliant messaging', 'progress tracking', 'hydration tracking', 'supplement tracking', 'meal logging', 'digital content', 'blood pressure monitoring', 'blood glucose monitoring', 'weight tracking', 'pulse oximeter']","['third party integration', 'hipaa compliant messaging', 'progress tracking', 'hydration tracking', 'supplement tracking', 'meal logging', 'digital content', 'blood pressure monitoring', 'blood glucose monitoring', 'weight tracking', 'pulse oximeter']","['meal logging', 'blood glucose module', 'digital content', 'progress insight', 'hipaa compliant messaging', 'blood pressure module', 'weight tracking', 'pulse oximeter', 'supplement tracking', 'hydration tracking', 'third party integration']",2
com.savvysherpa.t2dandroid,Level2 Health,4.08,Medical,0,TRUE,"We empower our members with insight, tools, expert support and clinical care to help them work to improve their type 2 diabetes.

Who it’s for: Eligible health plan members. To learn more and check for eligibility, visit mylevel2.com. The Level2 Health app is for current Level2 Specialty Care members.

How the Level2 Health app works: When people join Level2 Specialty Care, they gain entry to the Level2 Health app, which includes access to: 

• One-on-one coaching: A dedicated coach helps to set realistic goals and guides to success. Coaches (and their ideas, answers and encouragement) can be reached anytime in the coach chat. 

• Care team: A coach is just one member of the care team and helps virtually connect members to other parts of the team, including physicians, nurse practitioners, nurses, registered dietitians or other type 2 diabetes experts. 

• Learning: We bring proven, practical guidance from experts in diabetes, nutrition and behavioral health, designed to help people learn, make healthy choices and feel their best.

• Daily actions: Turn learning into action with daily actions, which suggest activities and reminders designed to bring you closer to achieving personal goals. 

Learn More at https://mylevel2.com/ 

Not on an eligible plan? Tell your employer or health insurance provider about Level2.

Featured app content is for illustrative purposes only. Actual app content and app experience may vary.

Terms of Service: https://mylevel2.com/terms/ 

Privacy Policy: https://mylevel2.com/privacy/","Level2 Medical Services, P.A.","10,000+",Curatio health community app,us,"['one-on-one coaching', 'care team support', 'learning resources', 'daily action reminders', 'coach chat']","['oneonone coaching', 'care team support', 'learning resource', 'daily action reminder', 'coach chat']","['care team', 'learning resource', 'coach chat', 'oneonone coaching', 'daily activity assignment']",1
com.practicehwy.eivf,eIVF Patient,2.71,Medical,0,TRUE,"eIVF is an advanced fertility clinic software system utilized by some of the best fertility clinics in the world.  Through eIVF Mobile, patients have the ability to manage their fertility health and journey using their IPhone or Android device.

**This app is intended for use by current patients of fertility clinics who utilize eIVF’s EMR software.

With the eIVF Mobile app you can:

•Access to your flowsheet and treatment protocols
•View consent forms and important treatment and procedure instructions
•View and keep track of lab results
•Securely communicate with your physician and clinic staff
•Manage your appointments
•View your medication prescriptions”",PracticeHwy,"50,000+",Patient engagement,ca,"['access flowsheet and treatment protocols', 'view consent forms and instructions', 'view lab results', 'secure communication with physician and staff', 'manage appointments', 'view medication prescriptions']","['access flowsheet treatment protocol', 'view consent form instruction', 'view lab result', 'secure communication physician staff', 'manage appointment', 'view medication prescription']","['view lab test result', 'appointment management', 'view medication', 'access flowsheet treatment protocol', 'secure patient data storage', 'view consent form instruction']",1
com.lcs.mmp.full,Manage My Pain Pro,4.4339623,Medical,5.49,FALSE,"Don't let chronic pain stop you from living your life and doing the things you love. Manage My Pain has helped over 100,000 re-take control over their conditions like back pain, neck pain, fibromyalgia, headaches, and arthritis.

Created in partnership with global experts in pain management, Manage My Pain has been clinically-validated to improve outcomes in peer-reviewed research studies.

Manage My Pain will help you:
• Track your pain & activity: Reflect on your day in less than 60 seconds to see patterns and trends
• Analyze your pain: Graphs and charts make it easy to figure out what makes your pain better or worse
• Share your pain: Our reports, created by doctors for doctors, will help you tell your story
• Learn from pain experts: Explore content about how pain works and strategies to manage it (for subscribers only)

Your data is safe with us! We take privacy and security seriously and never sell or disclose your Personal Health Information without explicit consent.

Our app is free to use with absolutely no ads. Insights in the app and in the reports that are generated by our app are limited to 30 days and can be unlocked with an in-app purchase or through credits. A monthly subscription is also available to gain access to our Pain Guide - a set of educational content developed by pain experts that can teach you about pain and coping strategies to manage it.

Use this pain management app to replace your hand-written: 
• pain diary 
• pain journal 
• pain log 
• pain tracker

The Pro version adds the ability to view or report on more than the last 30 days. Reports are free to generate, however, those that contain advanced sections may require an additional credit to be purchased. An optional monthly subscription can be purchased so that an unlimited number of reports with advanced sections may be generated without the need for credits.","ManagingLife, Inc.","10,000+",Chronic disease management,ca,"['track pain and activity', 'analyze pain patterns', 'share pain reports', 'learn from pain experts', 'view pain history', 'generate pain reports', 'unlock advanced reports', 'subscribe for pain guide']","['track pain activity', 'analyze pain pattern', 'share pain report', 'learn pain expert', 'view pain history', 'generate pain report', 'unlock advanced report', 'subscribe pain guide']","['share pain report', 'unlock advanced report', 'subscribe pain guide', 'track pain activity', 'view pain history', 'analyze pain pattern', 'learn pain expert']",2
com.makevisible.visible,Visible: Pacing for illness,4.58,Health & Fitness,0,TRUE,"Do you live with an energy-limiting health condition? Join over 90,000 people with Long Covid, ME/CFS, POTS, Fibro and more who are improving their pacing with Visible.

Pacing means balancing activities and rest to avoid crashes and live better with your condition. It helps you get the most from the energy you have, but it can be challenging to implement in real life. That's where Visible comes in. Unlike fitness tracking apps, Visible uses data and technology to help with rest and pacing, not workouts and exercise.

MEASURE YOUR PACE
Use your phone’s camera to measure your biometrics, including HRV and Resting Heart Rate each morning, so you can better understand your stability and pace your day.

TRACK AND SPOT PATTERNS
Keep track of your symptoms, medication, and exertion daily to spot patterns in your illness and see what lifestyle changes are impacting your health.

HEALTH REPORT AND EXPORT
Download your monthly and long-term health reports to get an overview of your trends and share them with your doctor.

TAKE PART IN RESEARCH
Opt-in to studies with world-leading researchers to volunteer your data and help advance the science of invisible illness.

GET ALL DAY DATA
If you have a wearable armband, connect it to the Visible app to get real-time pacing notifications, PacePoints, all-day energy budgeting, and more.

THOUSANDS OF 5-STAR REVIEWS
“Visible has been LIFE-CHANGING. I had fibromyalgia before COVID and thought I did well at pacing, but this has helped me on a whole new level.” – Roma

“This is the first app in the 33 years since I have been diagnosed with this condition that shows me the data my doctor and I need. Fitness apps don't work well because they are not geared for people with POTS and PEM. This is the very first app that warns me when I have to SLOW DOWN and the monthly reports help my doctors get a better picture of how I'm doing.” – Lesli

“I've been using Visible for nearly a year now, and I've finally managed to pace effectively. I used to be in a constant boom & bust cycle with an ever-deteriorating baseline. Since using the armband, I've managed to avoid major crashes. I feel more stable and more in control of my condition. Visible has also helped me to figure out I have POTS, and medication for that has also helped.” – Rachel

-

Visible is not intended to provide medical services such as diagnosis, cure, mitigation, prevention, or treatment of any disease or medical condition. The app is not a substitute for the advice of a medical professional based on your personal circumstances. Always consult a doctor before making any medical decisions.

For technical support, reach out to: info@makevisible.com

Privacy policy available at: https://www.makevisible.com/privacy",VisibleHealth,"50,000+",Chronic disease management,ca,"['measure biometrics with phone camera', 'track daily symptoms and medication', 'export health reports', 'participate in research studies', 'connect wearable armband for real-time data', 'get all-day energy budgeting', 'pace notifications', 'spot patterns in illness']","['measure biometrics phone camera', 'track daily symptom medication', 'export health report', 'participate research study', 'connect wearable armband realtime data', 'get allday energy budgeting', 'pace notification', 'spot pattern illness']","['track daily symptom medication', 'pace notification', 'export health report', 'participate research study', 'measure biometrics phone camera', 'spot pattern illness', 'connect wearable armband realtime data', 'get allday energy budgeting']",2
com.forcetherapeutics.android,Force Patient,0,Medical,0,TRUE,"Force Patient is prescribed to patients of Force-enabled healthcare organizations, allowing patients to watch educational videos assigned by their surgeons, keep track of prescribed tasks through a daily To Do List, and communicate with their Care Teams via messages. Data points from the patient are sent directly to the Care Team, giving them a better understanding of patients' progress, allowing them to provide better,  more specialized care. 

Force-enabled patients should have received a welcome email and can use the login credentials from the web version of Force to log into this app.
  
Force Patient is free for patients who have been prescribed Force at a Force-enabled organization.

Requires a patient Force account.",Force Therapeutics,"50,000+",Patient support network,ca,"['watch educational videos', 'keep track of daily tasks', 'communicate with care teams', 'send data to care teams', 'login with force account']","['watch educational video', 'keep track daily task', 'communicate care team', 'send data care team', 'login force account']","['message care team', 'login force account', 'daily activity assignment', 'send data care team', 'watch educational video']",1
com.weightwatchers.mobile,WeightWatchers Program,4.422245,Health & Fitness,0,TRUE,"WeightWatchers is the #1 doctor-recommended weight-loss program†. Our app just got some NEW upgrades, and it’s now even easier to follow, easier to stick with, and more effective.

Lose 3.5x more weight*- and keep it off with unique solutions for every body. 

- Our proven Points program is the foundation of what we do. Get customized food plans and nutrition guidance to fit your needs. 
- Maximize your results with coach-led Workshops where you will get expert live support. 
- Access a personalized prescription medication plan, if eligible, and get 1:1 check-ins from a dedicated clinical Care team. 
- NEW! Meet with a Registered Dietitian for easier, tailored meal planning.

Trusted by millions, personalized for you. 
All members get access to our easy-to-use, award-winning app. Here’s a preview of some of our features, including NEW ones to help you track even faster and easier:

- Food, fitness/activity, water, and weight trackers 
- NEW! Use your camera to track meals and their Points® value
- NEW! 350+ ZeroPoint, no-track foods 
- NEW! Automatic macro tracking of any food you eat  
- Barcode scanner to find the Points® value of any packaged food
- What to Eat guides help you make healthier choices when dining out or cooking at home
- 11,000+ recipes and a database of 450+ restaurants
- NEW! Generate Points® value totals for any recipe on the internet
- My Progress provides a weekly report to help you see what’s working and what to improve
- Access to an exclusive, members-only social network. 
- 24/7 live WW coach chat

Download the WW app now and get a free trial today! After your free trial, your plan auto-renews monthly unless you cancel before the trial ends.

MEMBERSHIP TERMS

Privacy Policy: https://www.weightwatchers.com/us/privacy/policy
Terms of Service: https://www.weightwatchers.com/us/termsandconditions/onlineplus-coaching

†Based on a 2023 survey by Cerner Enviza of 500 doctors who recommend weight-loss programs to patients.

*Based on a 6-month randomized controlled trial (n=376) that compared participants following WW to those given standard nutritional guidelines alone. Palacios et al. 2024. Manuscript under review. Funded by WW International, Inc.","WW INTERNATIONAL, INC.","10,000,000+",Patient support network,ca,"['food tracking', 'fitness tracking', 'water tracking', 'weight tracking', 'camera meal tracking', 'zero point foods', 'automatic macro tracking', 'barcode scanner', 'what to eat guides', 'recipe database', 'progress tracking', 'social network', 'live coach chat']","['food tracking', 'fitness tracking', 'water tracking', 'weight tracking', 'camera meal tracking', 'zero point food', 'automatic macro tracking', 'barcode scanner', 'eat guide', 'recipe database', 'progress tracking', 'social network', 'live coach chat']","['eat guide', 'camera meal tracking', 'weight tracking', 'progress insight', 'generate barcode', 'social network integration', 'live coach chat', 'fitness tracker integration', 'water tracking', 'recipe database', 'zero point food', 'automatic macro tracking']",2
com.webmd.android,WebMD: Symptom Checker,3.95,Medical,0,TRUE,"From WebMD, the one healthcare app you need to check symptoms; learn about conditions and drugs; research treatments and diagnoses; find doctors and specialists in your area; get prescription drug savings at your local pharmacy; and set medication reminders. 

Key Features: 
• Symptom Checker – Choose your symptoms, learn about potential conditions or issues, and lookup treatment and care options.
• Doctor Finder – Find the closest doctors and specialists based on your current location or search by city, state or zip. 
• Medication Reminders – Never miss a dose. You’ll receive reminders when it’s time to take your medications. View daily prescription schedules and instructions, plus pill images with dosage and timing information for each drug.
• Conditions – Find medically-reviewed information about conditions relevant to you and learn more about causes, treatments, and related symptoms. 
• WebMD Rx – We partner with major pharmacy chains to find the lowest prescription drug prices, which often beat insurance co-pays. It’s 100% free to use. No registration required. 
• Customization and Saving Functionality – Save your conditions, drugs, doctors, hospitals, pharmacies, and healthy living articles for secure, easy access and reference. 
• Symptom Tracker – Track ongoing symptoms & conditions over time. 
• Drug Interaction Checker – Find and identify potentially harmful and unsafe combinations of prescription medications by entering two or more drugs in question.

About WebMD
WebMD Health Corp. is the leading provider of health information services, serving consumers, physicians, healthcare professionals, employers, and health plans through our public and private online portals, mobile platforms and health-focused publications. More than 95 million unique visitors access the WebMD Health Network each month.

If you are a California resident, California law may provide you with certain rights regarding our use of your personal information. For more information relevant to our users who are California residents, please review the ""California Residents"" section of our Privacy Policy linked on this download page or within our app.

The WebMD Health Network includes WebMD Health, Medscape, MedicineNet, emedicineHealth, RxList, theheart.org, drugs.com and Medscape Education.
SOURCE WebMD Health Corp.

WebMD. Better Information. Better Health.
WebMD does not provide medical advice, diagnosis or treatment. Always seek the advice of your physician or other qualified health provider with any questions you may have regarding a medical condition. Never disregard professional medical advice or delay in seeking it because of something you have read on the WebMD mobile application.","WebMD, LLC","10,000,000+",Patient support network,ca,"['symptom checker', 'doctor finder', 'medication reminders', 'conditions information', 'prescription drug savings', 'customization and saving', 'symptom tracker', 'drug interaction checker']","['symptom checker', 'doctor finder', 'medication reminder', 'condition information', 'prescription drug saving', 'customization saving', 'symptom tracker', 'drug interaction checker']","['prescription drug saving', 'customization saving', 'symptom checker', 'doctor finder', 'drug interaction checker', 'symptom tracking', 'medication reminder', 'condition management']",1
com.uptodate.android,UpToDate,4.069307,Medical,0,TRUE,"Individual or Institutional Subscription required.

UpToDate® registrants and Individual subscribers can now answer their clinical questions anytime, anywhere by downloading this app onto an Android™ phone or tablet.

UpToDate is the leading clinical decision support resource with evidence-based clinical information – including drug topics and recommendations that clinicians rely on at the point of care.

UpToDate has been the subject of over 30 research studies confirming that widespread usage of UpToDate is associated with improved patient care and hospital performance.

UpToDate for Android Features: 
• Persistent login
• Easy search with auto-completion
• Earn and track free CME/CE/CPD credit
• Bookmarks and history
• Mobile-optimized medical calculators
• Email topics and graphics to patients and colleagues

We would love to hear your feedback. Please contact us with questions or feedback at customerservice@uptodate.com. Thank you!

Permissions the UpToDate app requires and how it uses them:
• Network communications:  used to download and update content from UpToDate.
• Permissions to store UpToDate Content/app preferences in the internal storage or external storage(SD Card).",Wolters Kluwer Health | UpToDate,"1,000,000+",Patient support network,ca,"['persistent login', 'easy search with auto-completion', 'earn and track cme/ce/cpd credit', 'bookmarks and history', 'mobile-optimized medical calculators', 'email topics and graphics']","['persistent login', 'easy search autocompletion', 'earn track cmececpd credit', 'bookmark history', 'mobileoptimized medical calculator', 'email topic graphic']","['mobileoptimized medical calculator', 'email support', 'easy search autocompletion', 'persistent login', 'bookmark history', 'earn track cmececpd credit']",1
com.zedtechnologies.affidea.patient.droid,Connect Patient,0,Medical,0,TRUE,"Affidea Connect Patient connects you with your personal imaging account providing you with 24/7 secure and immediate mobile and online access to your imaging from any computer, smartphone or tablet. The Affidea Connect Patient will support you in the active management of your healthcare needs by empowering you to have access to all of the imaging information required to ensure the best possible outcome for every episode of your care.",Zed Technologies,"100,000+",Patient support network,ca,"['access imaging information online', 'secure mobile access', '24/7 access', 'manage healthcare needs', 'view imaging results']","['access imaging information online', 'secure mobile access', '247 access', 'manage healthcare need', 'view imaging result']","['secure mobile access', '247 access', 'view imaging result', 'manage healthcare need', 'access imaging information online']",1
com.goodself.android,Goodself: Healthy Social Media,5,Social,0,TRUE,"Goodself: Healthy Social Media 

Join to learn, stay for the community on Goodself! 

Welcome to Goodself - a first-of-its-kind weight management & obesity-focused social media platform with an ecosystem of vetted Experts and health-focused communities.  We’re on a mission to destigmatize conversations around weight and create a safe and inclusive space for YOU on your health journey. 

Whether you're looking for credible information on a specific topic such as blood pressure, behavioral change, or diabetes or simply seeking obesity-related information, you can find everything you need on your health journey! From hormones and cardiovascular health to exercise science, chronic pain, gut health, obesity medication, sleep, and much more - we've got you covered. And if you're into neuroscience, mental health, or reproductive health, you can check it out here!  

---  

Goodself offers a variety of health-related features including Expert-only led talks, support groups, courses, gamified challenges and a feed with posted health content (pictures, videos, text posts), all designed to create a whole supportive and credible ecosystem around weight management, obesity and related chronic conditions. Through a holistic and comprehensive approach to education and community, we’re breaking down barriers, promoting health equity, and empowering individuals on their health journey. 

Obesity is a chronic and complex condition influenced by more than just diet and exercise and understanding the underlying factors such as genetics and hormones makes all the difference. 

Our diverse team of Experts understands the complexity of our body and that successful weight management goes beyond the number on the scale. That's why our goal is to empower you through credible education, the right engaging tools and a supportive community. 

--- 

JOIN A COMMUNITY - Groups offer a vibrant, moderated and supportive all-in-one space to bring together like-minded individuals around common challenge(s) and/or areas of interest.  
 
LEARN FROM THE EXPERTS - GoodTalks are interactive live audio chats – led only by vetted Experts - that create a space for Experts and Users to engage in meaningful conversation and interact with their communities.  

SELF PACED MINI COURSES - Discover expert curated, self-paced courses designed to help you deepen your understanding of weight management, obesity, and related health conditions, , empowering you with the knowledge you need to make informed decisions. 

POSTED CONTENT - Dive into a rich collection of content where Experts share their expertise and Users their experiences through videos, pictures, and text posts.  

TRACK YOUR PROGRESS - Challenges provide a new and interactive way for you to further connect with your community and put what you learned into practice. 
 
Join us at Goodself on a movement towards a healthier social media!",Goodself Corp.,"10,000+",Health social network,ca,"['join health-focused communities', 'learn from vetted experts', 'self-paced mini courses', 'posted health content', 'support groups', 'gamified challenges', 'track progress', 'interactive live audio chats']","['join healthfocused community', 'learn vetted expert', 'selfpaced mini course', 'posted health content', 'support group', 'gamified challenge', 'track progress', 'interactive live audio chat']","['support group', 'interactive live audio chat', 'join healthfocused community', 'learn vetted expert', 'posted health content', 'selfpaced mini course', 'gamified challenge', 'track progress time']",1
com.carepath.app,Carepath Digital Health,0,Health & Fitness,0,TRUE,"A leader in virtual care, Carepath Digital Health is an innovative healthcare navigation service for Cancer, Chronic Disease, Elder Care and Mental Health that provides comprehensive and personalized support to individuals and their families in the event of illness or other health crises.

Carepath supports:
      1. Interactive Course Material
      2. Secure Document sharing
      3. Virtual Visits (receive video/audio calls from clinicians)
      4. Offline Messaging
      5. Facial scan to track vitals
      6. Social Engagement platform for Elder Care users

Carepath’s highly trained Nurse Case Managers / Mental Health Clinicians work with individual’s primary care team from diagnosis through treatment and recovery to ensure the highest quality of care. Register to receive specialized, compassionate care in the palm of your hand. Including exclusive access to specially curated resources, guidance and support for you and your loved ones, developed to improve the lives of individuals and their families.",CAREpath Inc.,100+,Digital health engagement,ca,"['interactive course material', 'secure document sharing', 'virtual visits', 'offline messaging', 'facial scan to track vitals', 'social engagement platform']","['interactive course material', 'secure document sharing', 'virtual visit', 'offline messaging', 'facial scan track vitals', 'social engagement platform']","['attend virtual visit', 'social network integration', 'offline messaging', 'secure data storage', 'facial scan track vitals', 'interactive program']",1
com.northernhealth.HealthElife.play,Northern Health - HealthElife,3.3333333,Medical,0,TRUE,"Northern Health - HealthElife helps individuals and families to stay informed, stay educated, and take a more active role in their health. Through the Northern Health – HealthElife mobile app, you have real-time and easy access to the same data that is in the Web Based – HealthElife portal. This portal shows your latest health care information and provides services needed to plan, understand, and engage in your care.

Please visit the Northern Health – HealthElife website for instructions on signing up for an account.

Once the Northern Health virtual verification team provides you the PIN allowing you to sign-up for the online portal and you create an account, simply sign into the Northern Health - HealthElife mobile app with your username and password.

Current features include:
•	View upcoming appointments
•	Receive notification when the results are available in the portal
•	View Lab Results, Medical Imaging Reports, Microbiology Reports, and Pathology Reports
•	Schedule a Lab visit at participating Northern Health facilities
•	Schedule virtual video visits with participating Northern Health services

If you need assistance accessing your existing account, visit the Northern Health – HealthElife website for support options. Contact your provider directly regarding questions about your health record. Personal health inquiries or concerns posted as comments in the App Store cannot be addressed.",Northern Health - HealthElife,"5,000+",Digital health engagement,ca,"['view upcoming appointments', 'receive lab result notifications', 'view lab results', 'view medical imaging reports', 'view microbiology reports', 'view pathology reports', 'schedule lab visits', 'schedule virtual video visits']","['view upcoming appointment', 'receive lab result notification', 'view lab result', 'view medical imaging report', 'view microbiology report', 'view pathology report', 'schedule lab visit', 'schedule virtual video visit']","['schedule upcoming appointment', 'view lab test result', 'pathology report module', 'schedule lab visit', 'view microbiology report', 'access medical record', 'schedule virtual video visit']",1
com.ellisapps.itrackbitesplus,"Healthi: Weight Loss, Diet App",4.23,Health & Fitness,0,TRUE,"** iTrackBites is now Healthi **

Lose weight the Healthi way! +2 million happy users!
◆◆◆◆◆ - ""Love it and have lost 20lbs already!"" - Sarah P.
◆◆◆◆◆ - ""Easy to track BITES and stay on track!"" - Rachel Z.
◆◆◆◆◆ - ""If you already know the program, this is a great companion to go along with it at a fraction of the price!!!"" - Brianna E.
◆◆◆◆◆ - ""Great app love it! Use it constantly!"" Ben C.

Studies show that 88% of people who track their food consistently, see weight loss results in just 7 days! 

Staying on track and logging your daily eating habits couldn’t be easier than with Healthi. Simply scan the barcode or search your food in our food database to find out how many BITES / Calories / Macros / Net Carbs your meal is. You can even favorite the foods you eat most often and use the Recipe Builder to create all your favorite meals.

But diet and weight loss isn't just about tracking numbers. That's why we've created a community of like-minded individuals who will cheer you on and provide the support you need to succeed. You can connect with other users, talk with Healthi Coaches, attend Member Meetings, share your progress, and get inspired by success stories from people just like you.

With 6 personalized plans, the EASIEST to use tracking features, and a SUPPORTIVE community, you'll have everything you need to reach your goals and transform your health.

Losing Weight is EASY with Healthi, achieve real Weight Loss in 3 SIMPLE STEPS => 
 
> STEP 1: Select You Weight Loss Plan: -> Answer a few simple questions about yourself, your cravings and your habits, and get a personalized weight loss plan catered to helping you achieve your weight loss goals in a sustainable way.
 
> STEP 2: Track What You Eat: -> the Healthi app is the EASIEST app to track your food with. Scan Barcodes, search Restaurant Menus, browse +100,000 Recipes, Explore Meal Plans, and access millions of foods.

> STEP 3: Find Support with the Community: -> Share your progress, ask questions, and get inspired by others who are on their own weight loss journey. Our large and vibrant community is here to support you every step of the way. 

Check out our amazing features:
- 6 unique weight loss plans, 1 is perfect for you
- Track BITES, calories, and macros at the same time on one simple dashboard
- Discover an intuitive, simplified food search experience that makes tracking easier than ever
- Barcode scanner for over 1 million products
- +100,000+ Recipes (Pro)
- Easily create & share recipes (Pro)
- Restaurant database with millions of foods and restaurant items (Pro)
- Fitbit, Apple Watch and Apple HealthKit Integration (Pro)
- Explore Meal Plans from Coaches, Members and our Community (Pro)
- Voice Tracking (Pro)
- An authentic community where you can find support and inspiration from other users
- Easy-to-use weight tracker with Milestone Achievement Badges to celebrate your progress!
- Specialized weight loss and meal plans for Keto
- Works for all Food Score based systems as well as Calories and Net Carbs
- Check out the screenshots & see for yourself

Succeeding with a diet or weight loss journey has never been easier. With the Healthi app, you can discover a weight loss plan tailored to your specific needs. Whether you’re focused on limiting sugar, carbs, calories or you’re looking for help with portion control, Healthi has got you covered! 

Track your meals, monitor your progress, and reach your goals with Healthi, your personal weight loss companion.

 
Download Healthi today and use your phone to kickstart your journey toward better health. 
 

Visit our website: https://healthiapp.com 
Contact us for help: android-support@healthiapp.com
Privacy Policy / Terms of Use: https://healthiapp.com/terms_privacy.html",Sunshine Health Studios,"1,000,000+",Digital health engagement,ca,"['track food and water intake', 'barcode scanner', 'food database', 'recipe builder', 'community support', 'personalized weight loss plans', 'weight tracking', 'milestone achievement badges', 'fitbit integration', 'apple watch integration', 'apple healthkit integration', 'voice tracking', 'meal planning', 'restaurant database', 'food search', 'favorite foods', 'net carbs tracking', 'calorie tracking', 'macro tracking', 'ketogenic diet support', 'food score tracking', 'progress sharing', 'member meetings', 'health coach support', 'success stories', 'inspiration']","['track food water intake', 'barcode scanner', 'food database', 'recipe builder', 'community support', 'personalized weight loss plan', 'weight tracking', 'milestone achievement badge', 'fitbit integration', 'apple watch integration', 'apple healthkit integration', 'voice tracking', 'meal planning', 'restaurant database', 'food search', 'favorite food', 'net carbs tracking', 'calorie tracking', 'macro tracking', 'ketogenic diet support', 'food score tracking', 'progress sharing', 'member meeting', 'health coach support', 'success story', 'inspiration']","['food score tracking', 'restaurant database', 'weight tracking', 'generate barcode', 'health coaching', 'favorite food', 'voice tracking', 'milestone achievement badge', 'fitbit integration', 'macro tracking', 'meal suggestion', 'inspiration', 'ketogenic diet support', 'member meeting', 'personalized weight loss plan', 'food search', 'community group support', 'calorie tracking', 'recipe database', 'apple healthkit integration', 'apple watch integration', 'success story', 'track food water intake', 'net carbs tracking', 'progress insight']",2
md.your,Health Tracker: Healthily,3.4047618,Health & Fitness,0,TRUE,"Health tracker - Healthily cares about your health.

You can use dozens of trackers such as health tracker, mood tracker, mental health tracker, medication tracker, symptom tracker, headache tracker.

Our award-winning app is designed with leading medical options to help you stay in control of both your mental health and physical health.

With Health tracker, you can create a tracker for your health in any area you want.

Mood tracker is designed just for you to follow your daily mood! Follow your psychological state by entering your daily mood with the mood tracker. Learn how to keep your mental health strong to stay healthy from our health library.

Our health library, which is necessary for mental health, has been prepared for you.

Our in-house doctors review and review all our health and personal care content under the guidance of our clinical units of world-renowned medical experts.

Do not skip your medication treatment with the health tracker and medication tracker you will create.

Keep a regular record of your symptoms with the symptom tracker. Increase your symptom trackers with the headache tracker and mental health tracker.

TRACK HEALTH PROGRESS

Research shows that monitoring your mental health, healthy eating and activity can lead people to make positive changes; That's why we love our users in a healthy way. Follow your mood regularly with mood tracker.

You are unique, so compare what works for you and your audience to build competencies that will create lasting change. Weekly progress reports also help you stay motivated, and you can even connect to Apple Health.

TRY THE 28-DAY PLAN

Are you ready to feel fitter, happier, healthier and more energetic? Get your health back on track with our 4 plans to restore fitness, sleep, mood and nutrition. You can determine which plan is best for you by taking a quick evaluation by our in-house doctors.

The plan includes physician walkthroughs and guided empowerment modules to help you reach your health goal, as well as daily tracking statistics and weekly progress reports to help you stay motivated.

Health tracker was developed for you together with doctors and with the latest health technology trusted by many people.

CHECK SYMPTOMS AND GET EXPERT HEALTH TIPS

Want health tips you can trust? Talk to DOT, our friendly and confidential chatbot, and browse our world-class library to learn the secrets of living healthily.

Feeling unwell? Check your symptoms with DOT and decide what to do next. Or try our Smart Symptom Checker: www.livehealthily.com/symptom-checker
TRY FREE FOR 7 DAYS

LOOK AFTER YOURSELF SAFELY

Healthily helps you look after your health with confidence. But we don’t provide medical advice, diagnosis or treatment recommendation. Always consult with your doctor before making medical decisions. See how to use Healthily safely (https://www.livehealthily.com/legal/safe-use) and our terms of services (https://www.livehealthily.com/legal/terms).

COMPLETELY CONFIDENTIAL

Our chatbot, trackers and journal have the ePrivacy seal of approval, so you know your data is private and protected.

How we process your data and keep it safe: https://www.livehealthily.com/legal/privacy.",Webron Software Limited,"1,000,000+",Digital health engagement,ca,"['track health progress', 'mood tracker', 'medication tracker', 'symptom tracker', 'headache tracker', 'mental health tracker', 'health library', 'award-winning app', 'create health tracker', 'track medication', 'track symptoms', 'track headaches', 'track mental health', '28-day plan', 'weekly progress reports', 'connect to apple health', 'chatbot', 'symptom checker', 'confidential journal', 'ePrivacy seal', 'data protection']","['track health progress', 'mood tracker', 'medication tracker', 'symptom tracker', 'headache tracker', 'mental health tracker', 'health library', 'awardwinning app', 'create health tracker', 'track medication', 'track symptom', 'track headache', 'track mental health', '28day plan', 'weekly progress report', 'connect apple health', 'chatbot', 'symptom checker', 'confidential journal', 'eprivacy seal', 'data protection']","['data safety', 'track symptom', 'track medication', 'mental health tracker', 'chatbot', 'weekly calendar', 'medication adherence tracking', 'track mental health', 'track headache', 'awardwinning app', 'health library', 'provide health data', 'headache tracker', 'create health tracker', 'mood tracking', 'confidential participation', 'symptom checker', 'eprivacy seal', 'symptom tracking', 'sync apple health', '28day plan']",2
ca.bc.gov.myhealth,Health Gateway,2.47,Health & Fitness,0,TRUE,"Health Gateway provides secure and convenient access to your B.C. health records all in one place. Keep track of what's important to you and your health.

HEALTH RECORDS
Access your blood test and other lab results, medication history, immunization records, health visits and more.

PROOF OF VACCINATION
Save proof of vaccination documents for you and your family. Have them ready for travel or to access events and services that require it.

HEALTH RESOURCES
Connect with HealthLink BC for health advice and get the latest information about COVID-19.","Province of British Columbia, Canada","50,000+",Digital health engagement,ca,"['access health records', 'view lab results', 'medication history', 'immunization records', 'health visit records', 'save proof of vaccination', 'connect with healthlink bc', 'covid-19 information']","['access health record', 'view lab result', 'medication history', 'immunization record', 'health visit record', 'save proof vaccination', 'connect healthlink bc', 'covid19 information']","['health visit record', 'provide health data', 'view lab test result', 'medication list management', 'immunization schedule', 'save proof vaccination', 'connect healthlink bc', 'covid19 information']",1
com.adityabirlahealth.insurance,Activ Health,3.8461537,Health & Fitness,0,TRUE,"Welcome to Activ Health, your ultimate destination for a healthier, happier you! Discover a world of wellness at your fingertips with our comprehensive health and wellness app. Whether you're looking to lose weight, track your policy details boost your fitness, manage stress, improve sleep, or simply live a healthier life, Activ Health app has you covered.

We believe that your health is in your hands. Hence, with the Activ Health app you can Track and manage your Health, Access Health Care and Access your Health Insurance details at your finger-tips. At every step, our experts will guide and help you get better every day to become the healthiest version of you. We want you to become the healthiest version of you, and we are committed to help you make it happen through the Activ Health App.
 
Features
 
# Track & manage your Health: 

· Track your Fitness routine: The app syncs with health and fitness apps on your phone or with your fitness tracking device to o keep track of your health activities and motivate you to stay fit always. 

· Earn your Active Dayz™: Now, track your health activities on the app and earn Active Dayz™. Active Dayz™ can be earned by completing a Fitness centre or yoga centre activity for a minimum of 30 minutes at our panel of Fitness or yoga centres or burning 300 calories or more in one exercise session per day, or simply walking and recording 10,000 steps in a day. Active Dayz™ help you earn Health Rewards (HealthReturns TM ). Health returns can be earned by completing your health assessment and undertaking any one of the activities mentioned above.

· View your Health Returns™ balance: Track your Health Returns™. Funds earned under HealthReturns TM can be used to buy medicines, pay for diagnostic tests, towards the payment of Renewal Premium or it can be kept like a fund for any health emergency.

· A Community to keep you healthy: Become a part of our health community of like-minded fitness enthusiasts. Share your health achievements in our community and secure a leader board rank.

· Store and access your health history: Have a hassle-free experience as the app maintains your health history at one place.

#  Access Health Care: 

· Expert Health Coach: We have experts who will help you manage your health better and guide you to a healthy living.

· Experience convenience with health facilities like - Chat with a Doctor, Call a Doctor, Call a Counsellor, Ask a Dietician and more. Also get an easy access to health related requirements like list of hospitals, diagnostic centres, pharmacists in your vicinity to avail cashless benefits

· Stay updated with Health Blogs: Get latest health trends to support your health and fitness, nutrition, lifestyle conditions and mental health needs for an activ living

· Health Tools: These health tools help you to measure your Cholesterol, calculate your blood glucose, blood pressure and more lifestyle conditions

 # Access your Health Insurance details at your finger tips

· Policy details at one-place: Find and edit your policy documents anytime, anywhere at your finger tips

· Raise & Track your claim: An easy claim process - In case of a planned hospitalization or an emergency simply intimate us through the app and we will assist you immediately. Also track the status of your claims through the app

· Renew your policy: Continue to stay protected by renewing your policy through the app easily",Aditya Birla Health,"1,000,000+",Digital health engagement,ca,"['track fitness routine', 'earn active dayz', 'view health returns balance', 'community support', 'store health history', 'expert health coach', 'chat with doctor', 'call doctor', 'call counsellor', 'ask dietician', 'health blogs', 'health tools', 'policy details', 'raise and track claim', 'renew policy']","['track fitness routine', 'earn active dayz', 'view health return balance', 'community support', 'store health history', 'expert health coach', 'chat doctor', 'call doctor', 'call counsellor', 'ask dietician', 'health blog', 'health tool', 'policy detail', 'raise track claim', 'renew policy']","['provide health data', 'community group support', 'store health history', 'policy detail', 'renew policy', 'expert health coach', 'call doctor', 'earn active dayz', 'ask dietician', 'raise track claim', 'track fitness routine', 'health blog', 'call counsellor', 'chat doctor']",1
me.curatio.covidc_a,Curatio: Stronger Together,4.625,Health & Fitness,0,TRUE,"Curatio: Stronger Together makes managing your health easier. Get fact-based information, free coaching and personalized support in a fun, positive, private community. Expert-based programs offer step by step support on pre-diabetes, physical activity, weight loss, chronic disease management and more.
 
Curatio is the only privacy and regulatory compliant platform trusted by leading healthcare organisations around the world. 
 
Using Curatio: Stronger Together, you will have free access to: 
 
-Fact-based wellbeing programs designed just for you
-Supportive experts and coaches
-Easy tracking tools and reminders to help you meet your goals
-Private matchmaking to meet people with your interests
-A positive community that supports each other
 
When it comes to health, we are all Stronger Together. Come join us!",Curatio Networks Inc,"5,000+",Curatio health community app,ca,"['fact-based wellbeing programs', 'supportive expert coaching', 'easy tracking tools', 'private matchmaking', 'positive community support']","['factbased wellbeing program', 'supportive expert coaching', 'easy tracking tool', 'private matchmaking', 'positive community support']","['private matchmaking', 'expert counseling', 'supportive community', 'easy sign', 'factbased wellbeing program']",2
com.moodtools.moodtools,MoodTools - Depression Aid,4.32,Medical,0,TRUE,"If you are feeling sad, anxious, or depressed, lift your mood with <b>MoodTools</b>! MoodTools is designed to help you combat depression and alleviate your negative moods, aiding you on your road to recovery.

MoodTools contains several different research-supported tools. They include: 

<b>Thought Diary</b> - Improve your mood by analyzing your thoughts and identifying negative / distorted thinking patterns based on principles from Cognitive Therapy 

<b>Activities</b> - Regain your energy by performing energizing activities and tracking your mood before and after, based on Behavioral Activation Therapy

<b>Safety Plan</b> - Develop a suicide safety plan to keep you safe and utilize emergency resources during a suicidal crisis

<b>Information</b> - Read information, a detailed self-help guide, and find help with internet resources

<b>Test</b> - Take the PHQ-9 depression questionnaire to track your symptom severity

<b>Video</b> - Discover helpful YouTube videos that can improve your mood and behavior, from guided meditations to enlightening TED talks

------

MoodTools was designed in collaboration with multiple mental health professionals. MoodTools is free, contains no advertisements, and is a purely non-profit venture aimed at helping people suffering from clinical depression. Thank you for supporting our efforts with your positive ratings and reviews. Please send any requests, questions, or feedback via email to <i>moodtools@moodtools.org</i> and we will be sure to respond to each one. 

<b>Disclaimer</b>: This mental health application is not intended to be a replacement for treatment nor any sort of medical intervention. Treatment is, by far, the best way to overcome clinical depression or other mental illnesses. Therapy and antidepressants have been shown to effectively treat clinical depression and anxiety. This application will only aid you on your path to recovery from depression or anxiety. In addition, if you are not in treatment, talk to your doctor or therapist or use this app to find resources that can connect you to treatment. 

While MoodTools is designed as a self-help mental health application to help people suffering from clinical depression, it can also assist people without mental illness or people suffering from other mental disorders / mental illnesses such as anxiety, post-traumatic stress disorder (PTSD), bipolar disorder, seasonal affective disorder, dysthymia, obsessive-compulsive disorder (OCD), panic disorder, generalized anxiety disorder, or schizophrenia.

Privacy Notice: This app uses Google Analytics to anonymously track usage data. Exactly what information is tracked is available in the privacy policy.",Inquiry Health LLC,"100,000+",Curatio health community app,ca,"['thought diary for analyzing negative thoughts', 'energizing activities for mood improvement', 'suicide safety plan for emergency situations', 'information and resources for mental health', 'phq-9 depression questionnaire for tracking symptoms', 'video content for mood improvement', 'collaboration with mental health professionals', 'anonymous usage tracking with google analytics']","['thought diary analyzing negative thought', 'energizing activity mood improvement', 'suicide safety plan emergency situation', 'information resource mental health', 'phq9 depression questionnaire tracking symptom', 'video content mood improvement', 'collaboration mental health professional', 'anonymous usage tracking google analytics']","['phq9 depression questionnaire tracking symptom', 'suicide safety plan emergency situation', 'energizing activity mood improvement', 'anonymous usage tracking google analytics', 'thought diary analyzing negative thought', 'mental health tracker', 'collaboration mental health professional', 'video content mood improvement']",2
com.cbt.mindhealthy,MindHealth: CBT Mental Health,4.7,Health & Fitness,0,TRUE,"<b>Our Cognitive Behavioral Therapy (CBT) App</b> — is your personal psychotherapist in a mobile format, designed for everyone aiming to improve their mental health and psychological well-being.

🔍 <b>Psychological Tests</b>

Currently, diagnostic tests are available for various psychological issues such as depression, eating disorders, neurosis, and ADHD. After completing these tests, you can create your own psychological profile and monitor its progress over time.

Our psychological tests are developed considering modern methods in psychiatry and psychotherapy. After taking the tests for depression and anxiety, you will receive feedback and recommendations from qualified psychotherapists. These tests are your first step towards anti-depression and enhancing your mental health.

📓 <b>Popular CBT Techniques</b>

- <i>CBT thought diary (cbt journal)</i> — a primary tool of cognitive behavioral therapy. The diary consists of 9 steps, helping you identify and work through your cognitive distortions.
- <i>Daily Diary</i> — record your thoughts freely with analysis and recommendations from AI.
- <i>Coping Cards</i> — note down your destructive beliefs in coping cards format and work through them conveniently.

📘 <b>Studying Psychology</b>

We have developed a series of interactive courses on topics such as depression and mental health. Thanks to our educational materials, you will understand the basic principles of CBT and learn how to work properly with a thoughts diary.

Learn what terms like: panic attack, emotional intelligence, positive thinking, burnout, adhd, eating disorder (ED), and others mean.

🤖 <b>AI Psychologist Assistant</b>

Throughout your journey, your personal AI psychologist will accompany you. It will suggest the best exercises based on your condition and help rephrase negative thoughts.

📊 <b>Mood Tracker</b>

Twice a day, you can assess your mood and note predominant emotions. This way, you can track changes in your well-being and maintain a mood diary.

The mood tracker is an incredibly effective tool for anxiety. Using it in conjunction with psychological tests and a mood diary will help to track the dynamics of the condition and improve mental health.

<b>Depression, neurosis, anxiety, burnout, panic attacks</b> — unfortunately, these issues are familiar to everyone. That is why we started developing our product. Our goal is to create the best self-help app on the market.

<b>We position the app as ""your personal psychologist"" for self-help</b>. Our AI assistant will support you on the challenging path to psychological health.

In addition, you will find affirmations and reflective questions in the app. You can share your experiences with others.

Our methods are based on proven principles of cognitive behavioral therapy, one of the most effective psychotherapy methods.

With our app, everyone can become their own psychotherapist, gain self-confidence, improve mental and psychological health, and overcome anxiety disorders and depression.

We have developed the best CBT app on the market, in it you can work through your automatic thoughts, get rid of anxiety and depression. This app can become your personal CBT coach.

Self-help and self-reflection are an important part of working with a psychotherapist. It is clear that psychological help is needed on a regular basis. 

Psychology can be very costly financially. This is why our project (Mental Health) focuses on self-work with thoughts and cognitive distortions.",Mind Health,"100,000+",Curatio health community app,ca,"['psychological tests', 'cbt thought diary', 'daily diary', 'coping cards', 'interactive courses', 'mood tracker', 'ai psychologist assistant', 'affirmations', 'reflective questions', 'sharing experiences', 'self-help']","['psychological test', 'cbt thought diary', 'daily diary', 'coping card', 'interactive course', 'mood tracker', 'ai psychologist assistant', 'affirmation', 'reflective question', 'sharing experience', 'selfhelp']","['ai psychologist assistant', 'daily diary', 'mood tracking', 'sharing experience', 'cbt thought diary', 'affirmation', 'coping card', 'selfhelp', 'psychological test', 'reflective question', 'interactive program']",3
