appId,title,score,genre,price,free,description,developer,installs,keyword,country,uncleaned_LLM_features,,Correct_feature
com.soft_solutions.alldieasesandtreatment,All Diseases Treatments 2025,0,Medical,0,TRUE,"All Disease Treatment contains all the information about the types of disease, symptoms, and treatment. The disease and treatment app is a helpful tool for doctors, medical students, nurses, doctor assistants, health professionals, medical laboratory technicians, health care skill workers, and patients.

All Disease Treatment App provides information about main diseases, Diabetes, High Blood Pressure, Hearing Disease, Cancer, Influenza (Flu), Asthma, Hepatitis, HIV/AIDS, Tuberculosis, Alzheimer's Disease, Liver Disease, Inflammatory Bowel Disease, kidney disease, Rheumatism, Malaria, Parkinson's, Dengue Fever, Rabies, Typhoid, Disease Types and Symptoms, Treatment Guide.

Important features of the treatment of the disease:
Protect your health with preventive care tips.
Symptoms, causes, risks, tests, and treatment options are clearly explained.
Explore your treatment options and understand potential side effects.
A comprehensive overview of all diseases, diagnostic tests, and treatments.
Take control of your health with trusted medical information.

All disease and treatment apps provide complete details on all common diseases, including symptoms and treatment. All Disease treatment offers a complete guide to understanding and managing diseases, making it easy to find all the information you need in one place.

With the help of a Disease Treatment guide, Choose your disease symptoms, learn about possible illnesses or issues, and find disease treatment and care options. Discover medical information about conditions you're interested in, including their causes, treatments, and related symptoms.

Common symptoms in all disease treatments include:
Fever
Loss of appetite
Headache
Bellyache
Sickness
Tiredness
Vomit
Dizziness
Cough
Cold
The Flu
Anxiety and depression
Viral Gastroenteritis
Acute Bronchitis
Acute Pharyngitis
Indigestion: Vomiting, Diarrhea
Respiratory diseases

The All Disease Treatment app covers all topics related to your physical health. Each disease is explained in detail, including its various types. For each disease, you'll find a clear description answering questions like: What is this disease? What are its symptoms? What tests are necessary to diagnose it? The disease and treatment app provides the names of all diagnostic tests and explains what each test evaluates. You'll also learn how the disease can be treated and what steps can be taken to prevent it. Specific prevention methods are provided for each disease, including which items can help in avoiding it.

It is also important to have a medical diagnosis and treatment app for everyone so that the patient can know why he has the disease. How it can be avoided، All diseases are explained in very simple terms.

DISCLAIMER:
The content in the disease and treatment app is for reference and educational purposes only. All disease treatment apps are not for medical diagnosis, advice, or treatment. Always consult a doctor before using any information from the All Disease Treatment app.

Download our All Disease Treatment app to gain knowledge about your physical health. Learn about different types of diseases, their symptoms, and treatment options.",Soft.Solutions,"10,000+",Chronic disease management,us,disease information database,,TRUE
com.soft_solutions.alldieasesandtreatment,All Diseases Treatments 2025,0,Medical,0,TRUE,"All Disease Treatment contains all the information about the types of disease, symptoms, and treatment. The disease and treatment app is a helpful tool for doctors, medical students, nurses, doctor assistants, health professionals, medical laboratory technicians, health care skill workers, and patients.

All Disease Treatment App provides information about main diseases, Diabetes, High Blood Pressure, Hearing Disease, Cancer, Influenza (Flu), Asthma, Hepatitis, HIV/AIDS, Tuberculosis, Alzheimer's Disease, Liver Disease, Inflammatory Bowel Disease, kidney disease, Rheumatism, Malaria, Parkinson's, Dengue Fever, Rabies, Typhoid, Disease Types and Symptoms, Treatment Guide.

Important features of the treatment of the disease:
Protect your health with preventive care tips.
Symptoms, causes, risks, tests, and treatment options are clearly explained.
Explore your treatment options and understand potential side effects.
A comprehensive overview of all diseases, diagnostic tests, and treatments.
Take control of your health with trusted medical information.

All disease and treatment apps provide complete details on all common diseases, including symptoms and treatment. All Disease treatment offers a complete guide to understanding and managing diseases, making it easy to find all the information you need in one place.

With the help of a Disease Treatment guide, Choose your disease symptoms, learn about possible illnesses or issues, and find disease treatment and care options. Discover medical information about conditions you're interested in, including their causes, treatments, and related symptoms.

Common symptoms in all disease treatments include:
Fever
Loss of appetite
Headache
Bellyache
Sickness
Tiredness
Vomit
Dizziness
Cough
Cold
The Flu
Anxiety and depression
Viral Gastroenteritis
Acute Bronchitis
Acute Pharyngitis
Indigestion: Vomiting, Diarrhea
Respiratory diseases

The All Disease Treatment app covers all topics related to your physical health. Each disease is explained in detail, including its various types. For each disease, you'll find a clear description answering questions like: What is this disease? What are its symptoms? What tests are necessary to diagnose it? The disease and treatment app provides the names of all diagnostic tests and explains what each test evaluates. You'll also learn how the disease can be treated and what steps can be taken to prevent it. Specific prevention methods are provided for each disease, including which items can help in avoiding it.

It is also important to have a medical diagnosis and treatment app for everyone so that the patient can know why he has the disease. How it can be avoided، All diseases are explained in very simple terms.

DISCLAIMER:
The content in the disease and treatment app is for reference and educational purposes only. All disease treatment apps are not for medical diagnosis, advice, or treatment. Always consult a doctor before using any information from the All Disease Treatment app.

Download our All Disease Treatment app to gain knowledge about your physical health. Learn about different types of diseases, their symptoms, and treatment options.",Soft.Solutions,"10,000+",Chronic disease management,us, symptom checker,,TRUE
com.soft_solutions.alldieasesandtreatment,All Diseases Treatments 2025,0,Medical,0,TRUE,"All Disease Treatment contains all the information about the types of disease, symptoms, and treatment. The disease and treatment app is a helpful tool for doctors, medical students, nurses, doctor assistants, health professionals, medical laboratory technicians, health care skill workers, and patients.

All Disease Treatment App provides information about main diseases, Diabetes, High Blood Pressure, Hearing Disease, Cancer, Influenza (Flu), Asthma, Hepatitis, HIV/AIDS, Tuberculosis, Alzheimer's Disease, Liver Disease, Inflammatory Bowel Disease, kidney disease, Rheumatism, Malaria, Parkinson's, Dengue Fever, Rabies, Typhoid, Disease Types and Symptoms, Treatment Guide.

Important features of the treatment of the disease:
Protect your health with preventive care tips.
Symptoms, causes, risks, tests, and treatment options are clearly explained.
Explore your treatment options and understand potential side effects.
A comprehensive overview of all diseases, diagnostic tests, and treatments.
Take control of your health with trusted medical information.

All disease and treatment apps provide complete details on all common diseases, including symptoms and treatment. All Disease treatment offers a complete guide to understanding and managing diseases, making it easy to find all the information you need in one place.

With the help of a Disease Treatment guide, Choose your disease symptoms, learn about possible illnesses or issues, and find disease treatment and care options. Discover medical information about conditions you're interested in, including their causes, treatments, and related symptoms.

Common symptoms in all disease treatments include:
Fever
Loss of appetite
Headache
Bellyache
Sickness
Tiredness
Vomit
Dizziness
Cough
Cold
The Flu
Anxiety and depression
Viral Gastroenteritis
Acute Bronchitis
Acute Pharyngitis
Indigestion: Vomiting, Diarrhea
Respiratory diseases

The All Disease Treatment app covers all topics related to your physical health. Each disease is explained in detail, including its various types. For each disease, you'll find a clear description answering questions like: What is this disease? What are its symptoms? What tests are necessary to diagnose it? The disease and treatment app provides the names of all diagnostic tests and explains what each test evaluates. You'll also learn how the disease can be treated and what steps can be taken to prevent it. Specific prevention methods are provided for each disease, including which items can help in avoiding it.

It is also important to have a medical diagnosis and treatment app for everyone so that the patient can know why he has the disease. How it can be avoided، All diseases are explained in very simple terms.

DISCLAIMER:
The content in the disease and treatment app is for reference and educational purposes only. All disease treatment apps are not for medical diagnosis, advice, or treatment. Always consult a doctor before using any information from the All Disease Treatment app.

Download our All Disease Treatment app to gain knowledge about your physical health. Learn about different types of diseases, their symptoms, and treatment options.",Soft.Solutions,"10,000+",Chronic disease management,us, treatment guide,,TRUE
com.soft_solutions.alldieasesandtreatment,All Diseases Treatments 2025,0,Medical,0,TRUE,"All Disease Treatment contains all the information about the types of disease, symptoms, and treatment. The disease and treatment app is a helpful tool for doctors, medical students, nurses, doctor assistants, health professionals, medical laboratory technicians, health care skill workers, and patients.

All Disease Treatment App provides information about main diseases, Diabetes, High Blood Pressure, Hearing Disease, Cancer, Influenza (Flu), Asthma, Hepatitis, HIV/AIDS, Tuberculosis, Alzheimer's Disease, Liver Disease, Inflammatory Bowel Disease, kidney disease, Rheumatism, Malaria, Parkinson's, Dengue Fever, Rabies, Typhoid, Disease Types and Symptoms, Treatment Guide.

Important features of the treatment of the disease:
Protect your health with preventive care tips.
Symptoms, causes, risks, tests, and treatment options are clearly explained.
Explore your treatment options and understand potential side effects.
A comprehensive overview of all diseases, diagnostic tests, and treatments.
Take control of your health with trusted medical information.

All disease and treatment apps provide complete details on all common diseases, including symptoms and treatment. All Disease treatment offers a complete guide to understanding and managing diseases, making it easy to find all the information you need in one place.

With the help of a Disease Treatment guide, Choose your disease symptoms, learn about possible illnesses or issues, and find disease treatment and care options. Discover medical information about conditions you're interested in, including their causes, treatments, and related symptoms.

Common symptoms in all disease treatments include:
Fever
Loss of appetite
Headache
Bellyache
Sickness
Tiredness
Vomit
Dizziness
Cough
Cold
The Flu
Anxiety and depression
Viral Gastroenteritis
Acute Bronchitis
Acute Pharyngitis
Indigestion: Vomiting, Diarrhea
Respiratory diseases

The All Disease Treatment app covers all topics related to your physical health. Each disease is explained in detail, including its various types. For each disease, you'll find a clear description answering questions like: What is this disease? What are its symptoms? What tests are necessary to diagnose it? The disease and treatment app provides the names of all diagnostic tests and explains what each test evaluates. You'll also learn how the disease can be treated and what steps can be taken to prevent it. Specific prevention methods are provided for each disease, including which items can help in avoiding it.

It is also important to have a medical diagnosis and treatment app for everyone so that the patient can know why he has the disease. How it can be avoided، All diseases are explained in very simple terms.

DISCLAIMER:
The content in the disease and treatment app is for reference and educational purposes only. All disease treatment apps are not for medical diagnosis, advice, or treatment. Always consult a doctor before using any information from the All Disease Treatment app.

Download our All Disease Treatment app to gain knowledge about your physical health. Learn about different types of diseases, their symptoms, and treatment options.",Soft.Solutions,"10,000+",Chronic disease management,us, preventive care tips,,TRUE
com.soft_solutions.alldieasesandtreatment,All Diseases Treatments 2025,0,Medical,0,TRUE,"All Disease Treatment contains all the information about the types of disease, symptoms, and treatment. The disease and treatment app is a helpful tool for doctors, medical students, nurses, doctor assistants, health professionals, medical laboratory technicians, health care skill workers, and patients.

All Disease Treatment App provides information about main diseases, Diabetes, High Blood Pressure, Hearing Disease, Cancer, Influenza (Flu), Asthma, Hepatitis, HIV/AIDS, Tuberculosis, Alzheimer's Disease, Liver Disease, Inflammatory Bowel Disease, kidney disease, Rheumatism, Malaria, Parkinson's, Dengue Fever, Rabies, Typhoid, Disease Types and Symptoms, Treatment Guide.

Important features of the treatment of the disease:
Protect your health with preventive care tips.
Symptoms, causes, risks, tests, and treatment options are clearly explained.
Explore your treatment options and understand potential side effects.
A comprehensive overview of all diseases, diagnostic tests, and treatments.
Take control of your health with trusted medical information.

All disease and treatment apps provide complete details on all common diseases, including symptoms and treatment. All Disease treatment offers a complete guide to understanding and managing diseases, making it easy to find all the information you need in one place.

With the help of a Disease Treatment guide, Choose your disease symptoms, learn about possible illnesses or issues, and find disease treatment and care options. Discover medical information about conditions you're interested in, including their causes, treatments, and related symptoms.

Common symptoms in all disease treatments include:
Fever
Loss of appetite
Headache
Bellyache
Sickness
Tiredness
Vomit
Dizziness
Cough
Cold
The Flu
Anxiety and depression
Viral Gastroenteritis
Acute Bronchitis
Acute Pharyngitis
Indigestion: Vomiting, Diarrhea
Respiratory diseases

The All Disease Treatment app covers all topics related to your physical health. Each disease is explained in detail, including its various types. For each disease, you'll find a clear description answering questions like: What is this disease? What are its symptoms? What tests are necessary to diagnose it? The disease and treatment app provides the names of all diagnostic tests and explains what each test evaluates. You'll also learn how the disease can be treated and what steps can be taken to prevent it. Specific prevention methods are provided for each disease, including which items can help in avoiding it.

It is also important to have a medical diagnosis and treatment app for everyone so that the patient can know why he has the disease. How it can be avoided، All diseases are explained in very simple terms.

DISCLAIMER:
The content in the disease and treatment app is for reference and educational purposes only. All disease treatment apps are not for medical diagnosis, advice, or treatment. Always consult a doctor before using any information from the All Disease Treatment app.

Download our All Disease Treatment app to gain knowledge about your physical health. Learn about different types of diseases, their symptoms, and treatment options.",Soft.Solutions,"10,000+",Chronic disease management,us, comprehensive disease overview,,TRUE
com.soft_solutions.alldieasesandtreatment,All Diseases Treatments 2025,0,Medical,0,TRUE,"All Disease Treatment contains all the information about the types of disease, symptoms, and treatment. The disease and treatment app is a helpful tool for doctors, medical students, nurses, doctor assistants, health professionals, medical laboratory technicians, health care skill workers, and patients.

All Disease Treatment App provides information about main diseases, Diabetes, High Blood Pressure, Hearing Disease, Cancer, Influenza (Flu), Asthma, Hepatitis, HIV/AIDS, Tuberculosis, Alzheimer's Disease, Liver Disease, Inflammatory Bowel Disease, kidney disease, Rheumatism, Malaria, Parkinson's, Dengue Fever, Rabies, Typhoid, Disease Types and Symptoms, Treatment Guide.

Important features of the treatment of the disease:
Protect your health with preventive care tips.
Symptoms, causes, risks, tests, and treatment options are clearly explained.
Explore your treatment options and understand potential side effects.
A comprehensive overview of all diseases, diagnostic tests, and treatments.
Take control of your health with trusted medical information.

All disease and treatment apps provide complete details on all common diseases, including symptoms and treatment. All Disease treatment offers a complete guide to understanding and managing diseases, making it easy to find all the information you need in one place.

With the help of a Disease Treatment guide, Choose your disease symptoms, learn about possible illnesses or issues, and find disease treatment and care options. Discover medical information about conditions you're interested in, including their causes, treatments, and related symptoms.

Common symptoms in all disease treatments include:
Fever
Loss of appetite
Headache
Bellyache
Sickness
Tiredness
Vomit
Dizziness
Cough
Cold
The Flu
Anxiety and depression
Viral Gastroenteritis
Acute Bronchitis
Acute Pharyngitis
Indigestion: Vomiting, Diarrhea
Respiratory diseases

The All Disease Treatment app covers all topics related to your physical health. Each disease is explained in detail, including its various types. For each disease, you'll find a clear description answering questions like: What is this disease? What are its symptoms? What tests are necessary to diagnose it? The disease and treatment app provides the names of all diagnostic tests and explains what each test evaluates. You'll also learn how the disease can be treated and what steps can be taken to prevent it. Specific prevention methods are provided for each disease, including which items can help in avoiding it.

It is also important to have a medical diagnosis and treatment app for everyone so that the patient can know why he has the disease. How it can be avoided، All diseases are explained in very simple terms.

DISCLAIMER:
The content in the disease and treatment app is for reference and educational purposes only. All disease treatment apps are not for medical diagnosis, advice, or treatment. Always consult a doctor before using any information from the All Disease Treatment app.

Download our All Disease Treatment app to gain knowledge about your physical health. Learn about different types of diseases, their symptoms, and treatment options.",Soft.Solutions,"10,000+",Chronic disease management,us, diagnostic test explanations,,TRUE
com.soft_solutions.alldieasesandtreatment,All Diseases Treatments 2025,0,Medical,0,TRUE,"All Disease Treatment contains all the information about the types of disease, symptoms, and treatment. The disease and treatment app is a helpful tool for doctors, medical students, nurses, doctor assistants, health professionals, medical laboratory technicians, health care skill workers, and patients.

All Disease Treatment App provides information about main diseases, Diabetes, High Blood Pressure, Hearing Disease, Cancer, Influenza (Flu), Asthma, Hepatitis, HIV/AIDS, Tuberculosis, Alzheimer's Disease, Liver Disease, Inflammatory Bowel Disease, kidney disease, Rheumatism, Malaria, Parkinson's, Dengue Fever, Rabies, Typhoid, Disease Types and Symptoms, Treatment Guide.

Important features of the treatment of the disease:
Protect your health with preventive care tips.
Symptoms, causes, risks, tests, and treatment options are clearly explained.
Explore your treatment options and understand potential side effects.
A comprehensive overview of all diseases, diagnostic tests, and treatments.
Take control of your health with trusted medical information.

All disease and treatment apps provide complete details on all common diseases, including symptoms and treatment. All Disease treatment offers a complete guide to understanding and managing diseases, making it easy to find all the information you need in one place.

With the help of a Disease Treatment guide, Choose your disease symptoms, learn about possible illnesses or issues, and find disease treatment and care options. Discover medical information about conditions you're interested in, including their causes, treatments, and related symptoms.

Common symptoms in all disease treatments include:
Fever
Loss of appetite
Headache
Bellyache
Sickness
Tiredness
Vomit
Dizziness
Cough
Cold
The Flu
Anxiety and depression
Viral Gastroenteritis
Acute Bronchitis
Acute Pharyngitis
Indigestion: Vomiting, Diarrhea
Respiratory diseases

The All Disease Treatment app covers all topics related to your physical health. Each disease is explained in detail, including its various types. For each disease, you'll find a clear description answering questions like: What is this disease? What are its symptoms? What tests are necessary to diagnose it? The disease and treatment app provides the names of all diagnostic tests and explains what each test evaluates. You'll also learn how the disease can be treated and what steps can be taken to prevent it. Specific prevention methods are provided for each disease, including which items can help in avoiding it.

It is also important to have a medical diagnosis and treatment app for everyone so that the patient can know why he has the disease. How it can be avoided، All diseases are explained in very simple terms.

DISCLAIMER:
The content in the disease and treatment app is for reference and educational purposes only. All disease treatment apps are not for medical diagnosis, advice, or treatment. Always consult a doctor before using any information from the All Disease Treatment app.

Download our All Disease Treatment app to gain knowledge about your physical health. Learn about different types of diseases, their symptoms, and treatment options.",Soft.Solutions,"10,000+",Chronic disease management,us, treatment options,,TRUE
com.soft_solutions.alldieasesandtreatment,All Diseases Treatments 2025,0,Medical,0,TRUE,"All Disease Treatment contains all the information about the types of disease, symptoms, and treatment. The disease and treatment app is a helpful tool for doctors, medical students, nurses, doctor assistants, health professionals, medical laboratory technicians, health care skill workers, and patients.

All Disease Treatment App provides information about main diseases, Diabetes, High Blood Pressure, Hearing Disease, Cancer, Influenza (Flu), Asthma, Hepatitis, HIV/AIDS, Tuberculosis, Alzheimer's Disease, Liver Disease, Inflammatory Bowel Disease, kidney disease, Rheumatism, Malaria, Parkinson's, Dengue Fever, Rabies, Typhoid, Disease Types and Symptoms, Treatment Guide.

Important features of the treatment of the disease:
Protect your health with preventive care tips.
Symptoms, causes, risks, tests, and treatment options are clearly explained.
Explore your treatment options and understand potential side effects.
A comprehensive overview of all diseases, diagnostic tests, and treatments.
Take control of your health with trusted medical information.

All disease and treatment apps provide complete details on all common diseases, including symptoms and treatment. All Disease treatment offers a complete guide to understanding and managing diseases, making it easy to find all the information you need in one place.

With the help of a Disease Treatment guide, Choose your disease symptoms, learn about possible illnesses or issues, and find disease treatment and care options. Discover medical information about conditions you're interested in, including their causes, treatments, and related symptoms.

Common symptoms in all disease treatments include:
Fever
Loss of appetite
Headache
Bellyache
Sickness
Tiredness
Vomit
Dizziness
Cough
Cold
The Flu
Anxiety and depression
Viral Gastroenteritis
Acute Bronchitis
Acute Pharyngitis
Indigestion: Vomiting, Diarrhea
Respiratory diseases

The All Disease Treatment app covers all topics related to your physical health. Each disease is explained in detail, including its various types. For each disease, you'll find a clear description answering questions like: What is this disease? What are its symptoms? What tests are necessary to diagnose it? The disease and treatment app provides the names of all diagnostic tests and explains what each test evaluates. You'll also learn how the disease can be treated and what steps can be taken to prevent it. Specific prevention methods are provided for each disease, including which items can help in avoiding it.

It is also important to have a medical diagnosis and treatment app for everyone so that the patient can know why he has the disease. How it can be avoided، All diseases are explained in very simple terms.

DISCLAIMER:
The content in the disease and treatment app is for reference and educational purposes only. All disease treatment apps are not for medical diagnosis, advice, or treatment. Always consult a doctor before using any information from the All Disease Treatment app.

Download our All Disease Treatment app to gain knowledge about your physical health. Learn about different types of diseases, their symptoms, and treatment options.",Soft.Solutions,"10,000+",Chronic disease management,us, side effect information,,TRUE
com.soft_solutions.alldieasesandtreatment,All Diseases Treatments 2025,0,Medical,0,TRUE,"All Disease Treatment contains all the information about the types of disease, symptoms, and treatment. The disease and treatment app is a helpful tool for doctors, medical students, nurses, doctor assistants, health professionals, medical laboratory technicians, health care skill workers, and patients.

All Disease Treatment App provides information about main diseases, Diabetes, High Blood Pressure, Hearing Disease, Cancer, Influenza (Flu), Asthma, Hepatitis, HIV/AIDS, Tuberculosis, Alzheimer's Disease, Liver Disease, Inflammatory Bowel Disease, kidney disease, Rheumatism, Malaria, Parkinson's, Dengue Fever, Rabies, Typhoid, Disease Types and Symptoms, Treatment Guide.

Important features of the treatment of the disease:
Protect your health with preventive care tips.
Symptoms, causes, risks, tests, and treatment options are clearly explained.
Explore your treatment options and understand potential side effects.
A comprehensive overview of all diseases, diagnostic tests, and treatments.
Take control of your health with trusted medical information.

All disease and treatment apps provide complete details on all common diseases, including symptoms and treatment. All Disease treatment offers a complete guide to understanding and managing diseases, making it easy to find all the information you need in one place.

With the help of a Disease Treatment guide, Choose your disease symptoms, learn about possible illnesses or issues, and find disease treatment and care options. Discover medical information about conditions you're interested in, including their causes, treatments, and related symptoms.

Common symptoms in all disease treatments include:
Fever
Loss of appetite
Headache
Bellyache
Sickness
Tiredness
Vomit
Dizziness
Cough
Cold
The Flu
Anxiety and depression
Viral Gastroenteritis
Acute Bronchitis
Acute Pharyngitis
Indigestion: Vomiting, Diarrhea
Respiratory diseases

The All Disease Treatment app covers all topics related to your physical health. Each disease is explained in detail, including its various types. For each disease, you'll find a clear description answering questions like: What is this disease? What are its symptoms? What tests are necessary to diagnose it? The disease and treatment app provides the names of all diagnostic tests and explains what each test evaluates. You'll also learn how the disease can be treated and what steps can be taken to prevent it. Specific prevention methods are provided for each disease, including which items can help in avoiding it.

It is also important to have a medical diagnosis and treatment app for everyone so that the patient can know why he has the disease. How it can be avoided، All diseases are explained in very simple terms.

DISCLAIMER:
The content in the disease and treatment app is for reference and educational purposes only. All disease treatment apps are not for medical diagnosis, advice, or treatment. Always consult a doctor before using any information from the All Disease Treatment app.

Download our All Disease Treatment app to gain knowledge about your physical health. Learn about different types of diseases, their symptoms, and treatment options.",Soft.Solutions,"10,000+",Chronic disease management,us, medical information,,TRUE
com.soft_solutions.alldieasesandtreatment,All Diseases Treatments 2025,0,Medical,0,TRUE,"All Disease Treatment contains all the information about the types of disease, symptoms, and treatment. The disease and treatment app is a helpful tool for doctors, medical students, nurses, doctor assistants, health professionals, medical laboratory technicians, health care skill workers, and patients.

All Disease Treatment App provides information about main diseases, Diabetes, High Blood Pressure, Hearing Disease, Cancer, Influenza (Flu), Asthma, Hepatitis, HIV/AIDS, Tuberculosis, Alzheimer's Disease, Liver Disease, Inflammatory Bowel Disease, kidney disease, Rheumatism, Malaria, Parkinson's, Dengue Fever, Rabies, Typhoid, Disease Types and Symptoms, Treatment Guide.

Important features of the treatment of the disease:
Protect your health with preventive care tips.
Symptoms, causes, risks, tests, and treatment options are clearly explained.
Explore your treatment options and understand potential side effects.
A comprehensive overview of all diseases, diagnostic tests, and treatments.
Take control of your health with trusted medical information.

All disease and treatment apps provide complete details on all common diseases, including symptoms and treatment. All Disease treatment offers a complete guide to understanding and managing diseases, making it easy to find all the information you need in one place.

With the help of a Disease Treatment guide, Choose your disease symptoms, learn about possible illnesses or issues, and find disease treatment and care options. Discover medical information about conditions you're interested in, including their causes, treatments, and related symptoms.

Common symptoms in all disease treatments include:
Fever
Loss of appetite
Headache
Bellyache
Sickness
Tiredness
Vomit
Dizziness
Cough
Cold
The Flu
Anxiety and depression
Viral Gastroenteritis
Acute Bronchitis
Acute Pharyngitis
Indigestion: Vomiting, Diarrhea
Respiratory diseases

The All Disease Treatment app covers all topics related to your physical health. Each disease is explained in detail, including its various types. For each disease, you'll find a clear description answering questions like: What is this disease? What are its symptoms? What tests are necessary to diagnose it? The disease and treatment app provides the names of all diagnostic tests and explains what each test evaluates. You'll also learn how the disease can be treated and what steps can be taken to prevent it. Specific prevention methods are provided for each disease, including which items can help in avoiding it.

It is also important to have a medical diagnosis and treatment app for everyone so that the patient can know why he has the disease. How it can be avoided، All diseases are explained in very simple terms.

DISCLAIMER:
The content in the disease and treatment app is for reference and educational purposes only. All disease treatment apps are not for medical diagnosis, advice, or treatment. Always consult a doctor before using any information from the All Disease Treatment app.

Download our All Disease Treatment app to gain knowledge about your physical health. Learn about different types of diseases, their symptoms, and treatment options.",Soft.Solutions,"10,000+",Chronic disease management,us, disease management guide,,TRUE
com.soft_solutions.alldieasesandtreatment,All Diseases Treatments 2025,0,Medical,0,TRUE,"All Disease Treatment contains all the information about the types of disease, symptoms, and treatment. The disease and treatment app is a helpful tool for doctors, medical students, nurses, doctor assistants, health professionals, medical laboratory technicians, health care skill workers, and patients.

All Disease Treatment App provides information about main diseases, Diabetes, High Blood Pressure, Hearing Disease, Cancer, Influenza (Flu), Asthma, Hepatitis, HIV/AIDS, Tuberculosis, Alzheimer's Disease, Liver Disease, Inflammatory Bowel Disease, kidney disease, Rheumatism, Malaria, Parkinson's, Dengue Fever, Rabies, Typhoid, Disease Types and Symptoms, Treatment Guide.

Important features of the treatment of the disease:
Protect your health with preventive care tips.
Symptoms, causes, risks, tests, and treatment options are clearly explained.
Explore your treatment options and understand potential side effects.
A comprehensive overview of all diseases, diagnostic tests, and treatments.
Take control of your health with trusted medical information.

All disease and treatment apps provide complete details on all common diseases, including symptoms and treatment. All Disease treatment offers a complete guide to understanding and managing diseases, making it easy to find all the information you need in one place.

With the help of a Disease Treatment guide, Choose your disease symptoms, learn about possible illnesses or issues, and find disease treatment and care options. Discover medical information about conditions you're interested in, including their causes, treatments, and related symptoms.

Common symptoms in all disease treatments include:
Fever
Loss of appetite
Headache
Bellyache
Sickness
Tiredness
Vomit
Dizziness
Cough
Cold
The Flu
Anxiety and depression
Viral Gastroenteritis
Acute Bronchitis
Acute Pharyngitis
Indigestion: Vomiting, Diarrhea
Respiratory diseases

The All Disease Treatment app covers all topics related to your physical health. Each disease is explained in detail, including its various types. For each disease, you'll find a clear description answering questions like: What is this disease? What are its symptoms? What tests are necessary to diagnose it? The disease and treatment app provides the names of all diagnostic tests and explains what each test evaluates. You'll also learn how the disease can be treated and what steps can be taken to prevent it. Specific prevention methods are provided for each disease, including which items can help in avoiding it.

It is also important to have a medical diagnosis and treatment app for everyone so that the patient can know why he has the disease. How it can be avoided، All diseases are explained in very simple terms.

DISCLAIMER:
The content in the disease and treatment app is for reference and educational purposes only. All disease treatment apps are not for medical diagnosis, advice, or treatment. Always consult a doctor before using any information from the All Disease Treatment app.

Download our All Disease Treatment app to gain knowledge about your physical health. Learn about different types of diseases, their symptoms, and treatment options.",Soft.Solutions,"10,000+",Chronic disease management,us, symptom tracking,,FALSE
com.soft_solutions.alldieasesandtreatment,All Diseases Treatments 2025,0,Medical,0,TRUE,"All Disease Treatment contains all the information about the types of disease, symptoms, and treatment. The disease and treatment app is a helpful tool for doctors, medical students, nurses, doctor assistants, health professionals, medical laboratory technicians, health care skill workers, and patients.

All Disease Treatment App provides information about main diseases, Diabetes, High Blood Pressure, Hearing Disease, Cancer, Influenza (Flu), Asthma, Hepatitis, HIV/AIDS, Tuberculosis, Alzheimer's Disease, Liver Disease, Inflammatory Bowel Disease, kidney disease, Rheumatism, Malaria, Parkinson's, Dengue Fever, Rabies, Typhoid, Disease Types and Symptoms, Treatment Guide.

Important features of the treatment of the disease:
Protect your health with preventive care tips.
Symptoms, causes, risks, tests, and treatment options are clearly explained.
Explore your treatment options and understand potential side effects.
A comprehensive overview of all diseases, diagnostic tests, and treatments.
Take control of your health with trusted medical information.

All disease and treatment apps provide complete details on all common diseases, including symptoms and treatment. All Disease treatment offers a complete guide to understanding and managing diseases, making it easy to find all the information you need in one place.

With the help of a Disease Treatment guide, Choose your disease symptoms, learn about possible illnesses or issues, and find disease treatment and care options. Discover medical information about conditions you're interested in, including their causes, treatments, and related symptoms.

Common symptoms in all disease treatments include:
Fever
Loss of appetite
Headache
Bellyache
Sickness
Tiredness
Vomit
Dizziness
Cough
Cold
The Flu
Anxiety and depression
Viral Gastroenteritis
Acute Bronchitis
Acute Pharyngitis
Indigestion: Vomiting, Diarrhea
Respiratory diseases

The All Disease Treatment app covers all topics related to your physical health. Each disease is explained in detail, including its various types. For each disease, you'll find a clear description answering questions like: What is this disease? What are its symptoms? What tests are necessary to diagnose it? The disease and treatment app provides the names of all diagnostic tests and explains what each test evaluates. You'll also learn how the disease can be treated and what steps can be taken to prevent it. Specific prevention methods are provided for each disease, including which items can help in avoiding it.

It is also important to have a medical diagnosis and treatment app for everyone so that the patient can know why he has the disease. How it can be avoided، All diseases are explained in very simple terms.

DISCLAIMER:
The content in the disease and treatment app is for reference and educational purposes only. All disease treatment apps are not for medical diagnosis, advice, or treatment. Always consult a doctor before using any information from the All Disease Treatment app.

Download our All Disease Treatment app to gain knowledge about your physical health. Learn about different types of diseases, their symptoms, and treatment options.",Soft.Solutions,"10,000+",Chronic disease management,us, disease prevention methods,,TRUE
com.soft_solutions.alldieasesandtreatment,All Diseases Treatments 2025,0,Medical,0,TRUE,"All Disease Treatment contains all the information about the types of disease, symptoms, and treatment. The disease and treatment app is a helpful tool for doctors, medical students, nurses, doctor assistants, health professionals, medical laboratory technicians, health care skill workers, and patients.

All Disease Treatment App provides information about main diseases, Diabetes, High Blood Pressure, Hearing Disease, Cancer, Influenza (Flu), Asthma, Hepatitis, HIV/AIDS, Tuberculosis, Alzheimer's Disease, Liver Disease, Inflammatory Bowel Disease, kidney disease, Rheumatism, Malaria, Parkinson's, Dengue Fever, Rabies, Typhoid, Disease Types and Symptoms, Treatment Guide.

Important features of the treatment of the disease:
Protect your health with preventive care tips.
Symptoms, causes, risks, tests, and treatment options are clearly explained.
Explore your treatment options and understand potential side effects.
A comprehensive overview of all diseases, diagnostic tests, and treatments.
Take control of your health with trusted medical information.

All disease and treatment apps provide complete details on all common diseases, including symptoms and treatment. All Disease treatment offers a complete guide to understanding and managing diseases, making it easy to find all the information you need in one place.

With the help of a Disease Treatment guide, Choose your disease symptoms, learn about possible illnesses or issues, and find disease treatment and care options. Discover medical information about conditions you're interested in, including their causes, treatments, and related symptoms.

Common symptoms in all disease treatments include:
Fever
Loss of appetite
Headache
Bellyache
Sickness
Tiredness
Vomit
Dizziness
Cough
Cold
The Flu
Anxiety and depression
Viral Gastroenteritis
Acute Bronchitis
Acute Pharyngitis
Indigestion: Vomiting, Diarrhea
Respiratory diseases

The All Disease Treatment app covers all topics related to your physical health. Each disease is explained in detail, including its various types. For each disease, you'll find a clear description answering questions like: What is this disease? What are its symptoms? What tests are necessary to diagnose it? The disease and treatment app provides the names of all diagnostic tests and explains what each test evaluates. You'll also learn how the disease can be treated and what steps can be taken to prevent it. Specific prevention methods are provided for each disease, including which items can help in avoiding it.

It is also important to have a medical diagnosis and treatment app for everyone so that the patient can know why he has the disease. How it can be avoided، All diseases are explained in very simple terms.

DISCLAIMER:
The content in the disease and treatment app is for reference and educational purposes only. All disease treatment apps are not for medical diagnosis, advice, or treatment. Always consult a doctor before using any information from the All Disease Treatment app.

Download our All Disease Treatment app to gain knowledge about your physical health. Learn about different types of diseases, their symptoms, and treatment options.",Soft.Solutions,"10,000+",Chronic disease management,us, medical diagnosis support,,TRUE
com.conehealth.android,myConeHealth,3.804878,Medical,0,TRUE,The Patient Engagement Cloud,The Moses H. Cone Memorial Hospital Operating Corp,"10,000+",Patient engagement,us,patient engagement platform,,TRUE
com.conehealth.android,myConeHealth,3.804878,Medical,0,TRUE,The Patient Engagement Cloud,The Moses H. Cone Memorial Hospital Operating Corp,"10,000+",Patient engagement,us, secure patient data storage,,FALSE
com.conehealth.android,myConeHealth,3.804878,Medical,0,TRUE,The Patient Engagement Cloud,The Moses H. Cone Memorial Hospital Operating Corp,"10,000+",Patient engagement,us, personalized patient experiences,,FALSE
com.conehealth.android,myConeHealth,3.804878,Medical,0,TRUE,The Patient Engagement Cloud,The Moses H. Cone Memorial Hospital Operating Corp,"10,000+",Patient engagement,us, realtime patient feedback,,FALSE
com.lifemd.care,LifeMD,4.876923,Medical,0,TRUE,"Nationwide access to the best online medical providers and prescriptions. No insurance needed. 


Access a new kind of healthcare with LifeMD. It's transparent healthcare that you can trust, without co-pays, surprise medical bills, or unnecessary specialist visits and diagnostics. LifeMD offers the best virtual healthcare, at the best price, from the best medical providers. 


Our medical providers aren't influenced by insurance companies or motivated by referrals.  Their care and focus is only on providing their patients with the highest quality virtual care. Our providers can treat over 3,500 medical conditions online and are committed to providing exceptional care and a healthier you! 

LifeMD's medical providers are highly rated, well educated, and committed to your long term health. While many telehealth platforms assign you a random provider for each visit, LifeMD gives you a medical provider that gets to know you and your health, works with you over time to optimize your health, helps you to manage chronic conditions, and delivers personalized care for better outcomes and a healthier life. 

Your virtual visit with a LifeMD provider may be one of the most thorough medical visits you've ever had. Your provider will ask about your medical history, current symptoms, lifestyle, and the medications and supplements you currently take. Your provider will then provide a personalized treatment plan for you, and if appropriate, a prescription. 

What does LifeMD treat?

Primary care for: 
•	Acne 
•	Allergies
•	Anxiety 
•	Asthma
•	Back pain 
•	Constipation
•	Depression 
•	Diabetes
•	Erectile Dysfunction 
•	Hair Loss 
•	High Blood Pressure
•	High cholesterol/triglycerides
•	Insomnia/Sleep
•	Nail fungus
•	Osteoarthritis
•	Reflux [GERD]
•	Thyroid conditions
•	Weight-Loss 



Urgent Care for:
•	Allergies 
•	Bronchitis 
•	Colds 
•	Dental infections
•	Diarrhea
•	Ear pain 
•	Flu
•	Headache/migraines
•	Nausea 
•	PrEP
•	Pink eye
•	Pneumonia 
•	Rash
•	Sinus infection
•	Strep throat 
•	Mild to moderate sunburn
•	Tonsillitis 
•	UTIs 
•	Vaginitis 
•	Yeast Infections
•	And many more...



Common prescriptions our medical providers write:

•	Anti-inflammatories
•	Antibiotics 
•	Antiviral Medications
•	Antidepressants 
•	Antipsychotics 
•	Asthma control
•	Birth Control 
•	Cholesterol medications
•	Diabetic medications
•	Diuretics 
•	High blood pressure medication
•	PrEP
•	And many more...



Access a new kind of healthcare with LifeMD. It's transparent healthcare that you can trust, without co-pays, surprise medical bills, or unnecessary specialist visits and diagnostics. LifeMD offers the best virtual healthcare, at the best price, from the best medical providers. 

Please also review our privacy policy.

Notice of Collection: https://lifemd.com/ccpa",LifeMD,"50,000+",Health management,us,virtual healthcare access,,TRUE
com.lifemd.care,LifeMD,4.876923,Medical,0,TRUE,"Nationwide access to the best online medical providers and prescriptions. No insurance needed. 


Access a new kind of healthcare with LifeMD. It's transparent healthcare that you can trust, without co-pays, surprise medical bills, or unnecessary specialist visits and diagnostics. LifeMD offers the best virtual healthcare, at the best price, from the best medical providers. 


Our medical providers aren't influenced by insurance companies or motivated by referrals.  Their care and focus is only on providing their patients with the highest quality virtual care. Our providers can treat over 3,500 medical conditions online and are committed to providing exceptional care and a healthier you! 

LifeMD's medical providers are highly rated, well educated, and committed to your long term health. While many telehealth platforms assign you a random provider for each visit, LifeMD gives you a medical provider that gets to know you and your health, works with you over time to optimize your health, helps you to manage chronic conditions, and delivers personalized care for better outcomes and a healthier life. 

Your virtual visit with a LifeMD provider may be one of the most thorough medical visits you've ever had. Your provider will ask about your medical history, current symptoms, lifestyle, and the medications and supplements you currently take. Your provider will then provide a personalized treatment plan for you, and if appropriate, a prescription. 

What does LifeMD treat?

Primary care for: 
•	Acne 
•	Allergies
•	Anxiety 
•	Asthma
•	Back pain 
•	Constipation
•	Depression 
•	Diabetes
•	Erectile Dysfunction 
•	Hair Loss 
•	High Blood Pressure
•	High cholesterol/triglycerides
•	Insomnia/Sleep
•	Nail fungus
•	Osteoarthritis
•	Reflux [GERD]
•	Thyroid conditions
•	Weight-Loss 



Urgent Care for:
•	Allergies 
•	Bronchitis 
•	Colds 
•	Dental infections
•	Diarrhea
•	Ear pain 
•	Flu
•	Headache/migraines
•	Nausea 
•	PrEP
•	Pink eye
•	Pneumonia 
•	Rash
•	Sinus infection
•	Strep throat 
•	Mild to moderate sunburn
•	Tonsillitis 
•	UTIs 
•	Vaginitis 
•	Yeast Infections
•	And many more...



Common prescriptions our medical providers write:

•	Anti-inflammatories
•	Antibiotics 
•	Antiviral Medications
•	Antidepressants 
•	Antipsychotics 
•	Asthma control
•	Birth Control 
•	Cholesterol medications
•	Diabetic medications
•	Diuretics 
•	High blood pressure medication
•	PrEP
•	And many more...



Access a new kind of healthcare with LifeMD. It's transparent healthcare that you can trust, without co-pays, surprise medical bills, or unnecessary specialist visits and diagnostics. LifeMD offers the best virtual healthcare, at the best price, from the best medical providers. 

Please also review our privacy policy.

Notice of Collection: https://lifemd.com/ccpa",LifeMD,"50,000+",Health management,us, no insurance needed,,TRUE
com.lifemd.care,LifeMD,4.876923,Medical,0,TRUE,"Nationwide access to the best online medical providers and prescriptions. No insurance needed. 


Access a new kind of healthcare with LifeMD. It's transparent healthcare that you can trust, without co-pays, surprise medical bills, or unnecessary specialist visits and diagnostics. LifeMD offers the best virtual healthcare, at the best price, from the best medical providers. 


Our medical providers aren't influenced by insurance companies or motivated by referrals.  Their care and focus is only on providing their patients with the highest quality virtual care. Our providers can treat over 3,500 medical conditions online and are committed to providing exceptional care and a healthier you! 

LifeMD's medical providers are highly rated, well educated, and committed to your long term health. While many telehealth platforms assign you a random provider for each visit, LifeMD gives you a medical provider that gets to know you and your health, works with you over time to optimize your health, helps you to manage chronic conditions, and delivers personalized care for better outcomes and a healthier life. 

Your virtual visit with a LifeMD provider may be one of the most thorough medical visits you've ever had. Your provider will ask about your medical history, current symptoms, lifestyle, and the medications and supplements you currently take. Your provider will then provide a personalized treatment plan for you, and if appropriate, a prescription. 

What does LifeMD treat?

Primary care for: 
•	Acne 
•	Allergies
•	Anxiety 
•	Asthma
•	Back pain 
•	Constipation
•	Depression 
•	Diabetes
•	Erectile Dysfunction 
•	Hair Loss 
•	High Blood Pressure
•	High cholesterol/triglycerides
•	Insomnia/Sleep
•	Nail fungus
•	Osteoarthritis
•	Reflux [GERD]
•	Thyroid conditions
•	Weight-Loss 



Urgent Care for:
•	Allergies 
•	Bronchitis 
•	Colds 
•	Dental infections
•	Diarrhea
•	Ear pain 
•	Flu
•	Headache/migraines
•	Nausea 
•	PrEP
•	Pink eye
•	Pneumonia 
•	Rash
•	Sinus infection
•	Strep throat 
•	Mild to moderate sunburn
•	Tonsillitis 
•	UTIs 
•	Vaginitis 
•	Yeast Infections
•	And many more...



Common prescriptions our medical providers write:

•	Anti-inflammatories
•	Antibiotics 
•	Antiviral Medications
•	Antidepressants 
•	Antipsychotics 
•	Asthma control
•	Birth Control 
•	Cholesterol medications
•	Diabetic medications
•	Diuretics 
•	High blood pressure medication
•	PrEP
•	And many more...



Access a new kind of healthcare with LifeMD. It's transparent healthcare that you can trust, without co-pays, surprise medical bills, or unnecessary specialist visits and diagnostics. LifeMD offers the best virtual healthcare, at the best price, from the best medical providers. 

Please also review our privacy policy.

Notice of Collection: https://lifemd.com/ccpa",LifeMD,"50,000+",Health management,us, transparent healthcare,,TRUE
com.lifemd.care,LifeMD,4.876923,Medical,0,TRUE,"Nationwide access to the best online medical providers and prescriptions. No insurance needed. 


Access a new kind of healthcare with LifeMD. It's transparent healthcare that you can trust, without co-pays, surprise medical bills, or unnecessary specialist visits and diagnostics. LifeMD offers the best virtual healthcare, at the best price, from the best medical providers. 


Our medical providers aren't influenced by insurance companies or motivated by referrals.  Their care and focus is only on providing their patients with the highest quality virtual care. Our providers can treat over 3,500 medical conditions online and are committed to providing exceptional care and a healthier you! 

LifeMD's medical providers are highly rated, well educated, and committed to your long term health. While many telehealth platforms assign you a random provider for each visit, LifeMD gives you a medical provider that gets to know you and your health, works with you over time to optimize your health, helps you to manage chronic conditions, and delivers personalized care for better outcomes and a healthier life. 

Your virtual visit with a LifeMD provider may be one of the most thorough medical visits you've ever had. Your provider will ask about your medical history, current symptoms, lifestyle, and the medications and supplements you currently take. Your provider will then provide a personalized treatment plan for you, and if appropriate, a prescription. 

What does LifeMD treat?

Primary care for: 
•	Acne 
•	Allergies
•	Anxiety 
•	Asthma
•	Back pain 
•	Constipation
•	Depression 
•	Diabetes
•	Erectile Dysfunction 
•	Hair Loss 
•	High Blood Pressure
•	High cholesterol/triglycerides
•	Insomnia/Sleep
•	Nail fungus
•	Osteoarthritis
•	Reflux [GERD]
•	Thyroid conditions
•	Weight-Loss 



Urgent Care for:
•	Allergies 
•	Bronchitis 
•	Colds 
•	Dental infections
•	Diarrhea
•	Ear pain 
•	Flu
•	Headache/migraines
•	Nausea 
•	PrEP
•	Pink eye
•	Pneumonia 
•	Rash
•	Sinus infection
•	Strep throat 
•	Mild to moderate sunburn
•	Tonsillitis 
•	UTIs 
•	Vaginitis 
•	Yeast Infections
•	And many more...



Common prescriptions our medical providers write:

•	Anti-inflammatories
•	Antibiotics 
•	Antiviral Medications
•	Antidepressants 
•	Antipsychotics 
•	Asthma control
•	Birth Control 
•	Cholesterol medications
•	Diabetic medications
•	Diuretics 
•	High blood pressure medication
•	PrEP
•	And many more...



Access a new kind of healthcare with LifeMD. It's transparent healthcare that you can trust, without co-pays, surprise medical bills, or unnecessary specialist visits and diagnostics. LifeMD offers the best virtual healthcare, at the best price, from the best medical providers. 

Please also review our privacy policy.

Notice of Collection: https://lifemd.com/ccpa",LifeMD,"50,000+",Health management,us, copay free,,TRUE
com.lifemd.care,LifeMD,4.876923,Medical,0,TRUE,"Nationwide access to the best online medical providers and prescriptions. No insurance needed. 


Access a new kind of healthcare with LifeMD. It's transparent healthcare that you can trust, without co-pays, surprise medical bills, or unnecessary specialist visits and diagnostics. LifeMD offers the best virtual healthcare, at the best price, from the best medical providers. 


Our medical providers aren't influenced by insurance companies or motivated by referrals.  Their care and focus is only on providing their patients with the highest quality virtual care. Our providers can treat over 3,500 medical conditions online and are committed to providing exceptional care and a healthier you! 

LifeMD's medical providers are highly rated, well educated, and committed to your long term health. While many telehealth platforms assign you a random provider for each visit, LifeMD gives you a medical provider that gets to know you and your health, works with you over time to optimize your health, helps you to manage chronic conditions, and delivers personalized care for better outcomes and a healthier life. 

Your virtual visit with a LifeMD provider may be one of the most thorough medical visits you've ever had. Your provider will ask about your medical history, current symptoms, lifestyle, and the medications and supplements you currently take. Your provider will then provide a personalized treatment plan for you, and if appropriate, a prescription. 

What does LifeMD treat?

Primary care for: 
•	Acne 
•	Allergies
•	Anxiety 
•	Asthma
•	Back pain 
•	Constipation
•	Depression 
•	Diabetes
•	Erectile Dysfunction 
•	Hair Loss 
•	High Blood Pressure
•	High cholesterol/triglycerides
•	Insomnia/Sleep
•	Nail fungus
•	Osteoarthritis
•	Reflux [GERD]
•	Thyroid conditions
•	Weight-Loss 



Urgent Care for:
•	Allergies 
•	Bronchitis 
•	Colds 
•	Dental infections
•	Diarrhea
•	Ear pain 
•	Flu
•	Headache/migraines
•	Nausea 
•	PrEP
•	Pink eye
•	Pneumonia 
•	Rash
•	Sinus infection
•	Strep throat 
•	Mild to moderate sunburn
•	Tonsillitis 
•	UTIs 
•	Vaginitis 
•	Yeast Infections
•	And many more...



Common prescriptions our medical providers write:

•	Anti-inflammatories
•	Antibiotics 
•	Antiviral Medications
•	Antidepressants 
•	Antipsychotics 
•	Asthma control
•	Birth Control 
•	Cholesterol medications
•	Diabetic medications
•	Diuretics 
•	High blood pressure medication
•	PrEP
•	And many more...



Access a new kind of healthcare with LifeMD. It's transparent healthcare that you can trust, without co-pays, surprise medical bills, or unnecessary specialist visits and diagnostics. LifeMD offers the best virtual healthcare, at the best price, from the best medical providers. 

Please also review our privacy policy.

Notice of Collection: https://lifemd.com/ccpa",LifeMD,"50,000+",Health management,us, surprise bill free,,TRUE
com.lifemd.care,LifeMD,4.876923,Medical,0,TRUE,"Nationwide access to the best online medical providers and prescriptions. No insurance needed. 


Access a new kind of healthcare with LifeMD. It's transparent healthcare that you can trust, without co-pays, surprise medical bills, or unnecessary specialist visits and diagnostics. LifeMD offers the best virtual healthcare, at the best price, from the best medical providers. 


Our medical providers aren't influenced by insurance companies or motivated by referrals.  Their care and focus is only on providing their patients with the highest quality virtual care. Our providers can treat over 3,500 medical conditions online and are committed to providing exceptional care and a healthier you! 

LifeMD's medical providers are highly rated, well educated, and committed to your long term health. While many telehealth platforms assign you a random provider for each visit, LifeMD gives you a medical provider that gets to know you and your health, works with you over time to optimize your health, helps you to manage chronic conditions, and delivers personalized care for better outcomes and a healthier life. 

Your virtual visit with a LifeMD provider may be one of the most thorough medical visits you've ever had. Your provider will ask about your medical history, current symptoms, lifestyle, and the medications and supplements you currently take. Your provider will then provide a personalized treatment plan for you, and if appropriate, a prescription. 

What does LifeMD treat?

Primary care for: 
•	Acne 
•	Allergies
•	Anxiety 
•	Asthma
•	Back pain 
•	Constipation
•	Depression 
•	Diabetes
•	Erectile Dysfunction 
•	Hair Loss 
•	High Blood Pressure
•	High cholesterol/triglycerides
•	Insomnia/Sleep
•	Nail fungus
•	Osteoarthritis
•	Reflux [GERD]
•	Thyroid conditions
•	Weight-Loss 



Urgent Care for:
•	Allergies 
•	Bronchitis 
•	Colds 
•	Dental infections
•	Diarrhea
•	Ear pain 
•	Flu
•	Headache/migraines
•	Nausea 
•	PrEP
•	Pink eye
•	Pneumonia 
•	Rash
•	Sinus infection
•	Strep throat 
•	Mild to moderate sunburn
•	Tonsillitis 
•	UTIs 
•	Vaginitis 
•	Yeast Infections
•	And many more...



Common prescriptions our medical providers write:

•	Anti-inflammatories
•	Antibiotics 
•	Antiviral Medications
•	Antidepressants 
•	Antipsychotics 
•	Asthma control
•	Birth Control 
•	Cholesterol medications
•	Diabetic medications
•	Diuretics 
•	High blood pressure medication
•	PrEP
•	And many more...



Access a new kind of healthcare with LifeMD. It's transparent healthcare that you can trust, without co-pays, surprise medical bills, or unnecessary specialist visits and diagnostics. LifeMD offers the best virtual healthcare, at the best price, from the best medical providers. 

Please also review our privacy policy.

Notice of Collection: https://lifemd.com/ccpa",LifeMD,"50,000+",Health management,us, specialist visits optional,,TRUE
com.lifemd.care,LifeMD,4.876923,Medical,0,TRUE,"Nationwide access to the best online medical providers and prescriptions. No insurance needed. 


Access a new kind of healthcare with LifeMD. It's transparent healthcare that you can trust, without co-pays, surprise medical bills, or unnecessary specialist visits and diagnostics. LifeMD offers the best virtual healthcare, at the best price, from the best medical providers. 


Our medical providers aren't influenced by insurance companies or motivated by referrals.  Their care and focus is only on providing their patients with the highest quality virtual care. Our providers can treat over 3,500 medical conditions online and are committed to providing exceptional care and a healthier you! 

LifeMD's medical providers are highly rated, well educated, and committed to your long term health. While many telehealth platforms assign you a random provider for each visit, LifeMD gives you a medical provider that gets to know you and your health, works with you over time to optimize your health, helps you to manage chronic conditions, and delivers personalized care for better outcomes and a healthier life. 

Your virtual visit with a LifeMD provider may be one of the most thorough medical visits you've ever had. Your provider will ask about your medical history, current symptoms, lifestyle, and the medications and supplements you currently take. Your provider will then provide a personalized treatment plan for you, and if appropriate, a prescription. 

What does LifeMD treat?

Primary care for: 
•	Acne 
•	Allergies
•	Anxiety 
•	Asthma
•	Back pain 
•	Constipation
•	Depression 
•	Diabetes
•	Erectile Dysfunction 
•	Hair Loss 
•	High Blood Pressure
•	High cholesterol/triglycerides
•	Insomnia/Sleep
•	Nail fungus
•	Osteoarthritis
•	Reflux [GERD]
•	Thyroid conditions
•	Weight-Loss 



Urgent Care for:
•	Allergies 
•	Bronchitis 
•	Colds 
•	Dental infections
•	Diarrhea
•	Ear pain 
•	Flu
•	Headache/migraines
•	Nausea 
•	PrEP
•	Pink eye
•	Pneumonia 
•	Rash
•	Sinus infection
•	Strep throat 
•	Mild to moderate sunburn
•	Tonsillitis 
•	UTIs 
•	Vaginitis 
•	Yeast Infections
•	And many more...



Common prescriptions our medical providers write:

•	Anti-inflammatories
•	Antibiotics 
•	Antiviral Medications
•	Antidepressants 
•	Antipsychotics 
•	Asthma control
•	Birth Control 
•	Cholesterol medications
•	Diabetic medications
•	Diuretics 
•	High blood pressure medication
•	PrEP
•	And many more...



Access a new kind of healthcare with LifeMD. It's transparent healthcare that you can trust, without co-pays, surprise medical bills, or unnecessary specialist visits and diagnostics. LifeMD offers the best virtual healthcare, at the best price, from the best medical providers. 

Please also review our privacy policy.

Notice of Collection: https://lifemd.com/ccpa",LifeMD,"50,000+",Health management,us, diagnostic tests optional,,TRUE
com.lifemd.care,LifeMD,4.876923,Medical,0,TRUE,"Nationwide access to the best online medical providers and prescriptions. No insurance needed. 


Access a new kind of healthcare with LifeMD. It's transparent healthcare that you can trust, without co-pays, surprise medical bills, or unnecessary specialist visits and diagnostics. LifeMD offers the best virtual healthcare, at the best price, from the best medical providers. 


Our medical providers aren't influenced by insurance companies or motivated by referrals.  Their care and focus is only on providing their patients with the highest quality virtual care. Our providers can treat over 3,500 medical conditions online and are committed to providing exceptional care and a healthier you! 

LifeMD's medical providers are highly rated, well educated, and committed to your long term health. While many telehealth platforms assign you a random provider for each visit, LifeMD gives you a medical provider that gets to know you and your health, works with you over time to optimize your health, helps you to manage chronic conditions, and delivers personalized care for better outcomes and a healthier life. 

Your virtual visit with a LifeMD provider may be one of the most thorough medical visits you've ever had. Your provider will ask about your medical history, current symptoms, lifestyle, and the medications and supplements you currently take. Your provider will then provide a personalized treatment plan for you, and if appropriate, a prescription. 

What does LifeMD treat?

Primary care for: 
•	Acne 
•	Allergies
•	Anxiety 
•	Asthma
•	Back pain 
•	Constipation
•	Depression 
•	Diabetes
•	Erectile Dysfunction 
•	Hair Loss 
•	High Blood Pressure
•	High cholesterol/triglycerides
•	Insomnia/Sleep
•	Nail fungus
•	Osteoarthritis
•	Reflux [GERD]
•	Thyroid conditions
•	Weight-Loss 



Urgent Care for:
•	Allergies 
•	Bronchitis 
•	Colds 
•	Dental infections
•	Diarrhea
•	Ear pain 
•	Flu
•	Headache/migraines
•	Nausea 
•	PrEP
•	Pink eye
•	Pneumonia 
•	Rash
•	Sinus infection
•	Strep throat 
•	Mild to moderate sunburn
•	Tonsillitis 
•	UTIs 
•	Vaginitis 
•	Yeast Infections
•	And many more...



Common prescriptions our medical providers write:

•	Anti-inflammatories
•	Antibiotics 
•	Antiviral Medications
•	Antidepressants 
•	Antipsychotics 
•	Asthma control
•	Birth Control 
•	Cholesterol medications
•	Diabetic medications
•	Diuretics 
•	High blood pressure medication
•	PrEP
•	And many more...



Access a new kind of healthcare with LifeMD. It's transparent healthcare that you can trust, without co-pays, surprise medical bills, or unnecessary specialist visits and diagnostics. LifeMD offers the best virtual healthcare, at the best price, from the best medical providers. 

Please also review our privacy policy.

Notice of Collection: https://lifemd.com/ccpa",LifeMD,"50,000+",Health management,us, online medical consultations,,FALSE
com.lifemd.care,LifeMD,4.876923,Medical,0,TRUE,"Nationwide access to the best online medical providers and prescriptions. No insurance needed. 


Access a new kind of healthcare with LifeMD. It's transparent healthcare that you can trust, without co-pays, surprise medical bills, or unnecessary specialist visits and diagnostics. LifeMD offers the best virtual healthcare, at the best price, from the best medical providers. 


Our medical providers aren't influenced by insurance companies or motivated by referrals.  Their care and focus is only on providing their patients with the highest quality virtual care. Our providers can treat over 3,500 medical conditions online and are committed to providing exceptional care and a healthier you! 

LifeMD's medical providers are highly rated, well educated, and committed to your long term health. While many telehealth platforms assign you a random provider for each visit, LifeMD gives you a medical provider that gets to know you and your health, works with you over time to optimize your health, helps you to manage chronic conditions, and delivers personalized care for better outcomes and a healthier life. 

Your virtual visit with a LifeMD provider may be one of the most thorough medical visits you've ever had. Your provider will ask about your medical history, current symptoms, lifestyle, and the medications and supplements you currently take. Your provider will then provide a personalized treatment plan for you, and if appropriate, a prescription. 

What does LifeMD treat?

Primary care for: 
•	Acne 
•	Allergies
•	Anxiety 
•	Asthma
•	Back pain 
•	Constipation
•	Depression 
•	Diabetes
•	Erectile Dysfunction 
•	Hair Loss 
•	High Blood Pressure
•	High cholesterol/triglycerides
•	Insomnia/Sleep
•	Nail fungus
•	Osteoarthritis
•	Reflux [GERD]
•	Thyroid conditions
•	Weight-Loss 



Urgent Care for:
•	Allergies 
•	Bronchitis 
•	Colds 
•	Dental infections
•	Diarrhea
•	Ear pain 
•	Flu
•	Headache/migraines
•	Nausea 
•	PrEP
•	Pink eye
•	Pneumonia 
•	Rash
•	Sinus infection
•	Strep throat 
•	Mild to moderate sunburn
•	Tonsillitis 
•	UTIs 
•	Vaginitis 
•	Yeast Infections
•	And many more...



Common prescriptions our medical providers write:

•	Anti-inflammatories
•	Antibiotics 
•	Antiviral Medications
•	Antidepressants 
•	Antipsychotics 
•	Asthma control
•	Birth Control 
•	Cholesterol medications
•	Diabetic medications
•	Diuretics 
•	High blood pressure medication
•	PrEP
•	And many more...



Access a new kind of healthcare with LifeMD. It's transparent healthcare that you can trust, without co-pays, surprise medical bills, or unnecessary specialist visits and diagnostics. LifeMD offers the best virtual healthcare, at the best price, from the best medical providers. 

Please also review our privacy policy.

Notice of Collection: https://lifemd.com/ccpa",LifeMD,"50,000+",Health management,us, prescription writing,,TRUE
com.lifemd.care,LifeMD,4.876923,Medical,0,TRUE,"Nationwide access to the best online medical providers and prescriptions. No insurance needed. 


Access a new kind of healthcare with LifeMD. It's transparent healthcare that you can trust, without co-pays, surprise medical bills, or unnecessary specialist visits and diagnostics. LifeMD offers the best virtual healthcare, at the best price, from the best medical providers. 


Our medical providers aren't influenced by insurance companies or motivated by referrals.  Their care and focus is only on providing their patients with the highest quality virtual care. Our providers can treat over 3,500 medical conditions online and are committed to providing exceptional care and a healthier you! 

LifeMD's medical providers are highly rated, well educated, and committed to your long term health. While many telehealth platforms assign you a random provider for each visit, LifeMD gives you a medical provider that gets to know you and your health, works with you over time to optimize your health, helps you to manage chronic conditions, and delivers personalized care for better outcomes and a healthier life. 

Your virtual visit with a LifeMD provider may be one of the most thorough medical visits you've ever had. Your provider will ask about your medical history, current symptoms, lifestyle, and the medications and supplements you currently take. Your provider will then provide a personalized treatment plan for you, and if appropriate, a prescription. 

What does LifeMD treat?

Primary care for: 
•	Acne 
•	Allergies
•	Anxiety 
•	Asthma
•	Back pain 
•	Constipation
•	Depression 
•	Diabetes
•	Erectile Dysfunction 
•	Hair Loss 
•	High Blood Pressure
•	High cholesterol/triglycerides
•	Insomnia/Sleep
•	Nail fungus
•	Osteoarthritis
•	Reflux [GERD]
•	Thyroid conditions
•	Weight-Loss 



Urgent Care for:
•	Allergies 
•	Bronchitis 
•	Colds 
•	Dental infections
•	Diarrhea
•	Ear pain 
•	Flu
•	Headache/migraines
•	Nausea 
•	PrEP
•	Pink eye
•	Pneumonia 
•	Rash
•	Sinus infection
•	Strep throat 
•	Mild to moderate sunburn
•	Tonsillitis 
•	UTIs 
•	Vaginitis 
•	Yeast Infections
•	And many more...



Common prescriptions our medical providers write:

•	Anti-inflammatories
•	Antibiotics 
•	Antiviral Medications
•	Antidepressants 
•	Antipsychotics 
•	Asthma control
•	Birth Control 
•	Cholesterol medications
•	Diabetic medications
•	Diuretics 
•	High blood pressure medication
•	PrEP
•	And many more...



Access a new kind of healthcare with LifeMD. It's transparent healthcare that you can trust, without co-pays, surprise medical bills, or unnecessary specialist visits and diagnostics. LifeMD offers the best virtual healthcare, at the best price, from the best medical providers. 

Please also review our privacy policy.

Notice of Collection: https://lifemd.com/ccpa",LifeMD,"50,000+",Health management,us, primary care for various conditions,,TRUE
com.lifemd.care,LifeMD,4.876923,Medical,0,TRUE,"Nationwide access to the best online medical providers and prescriptions. No insurance needed. 


Access a new kind of healthcare with LifeMD. It's transparent healthcare that you can trust, without co-pays, surprise medical bills, or unnecessary specialist visits and diagnostics. LifeMD offers the best virtual healthcare, at the best price, from the best medical providers. 


Our medical providers aren't influenced by insurance companies or motivated by referrals.  Their care and focus is only on providing their patients with the highest quality virtual care. Our providers can treat over 3,500 medical conditions online and are committed to providing exceptional care and a healthier you! 

LifeMD's medical providers are highly rated, well educated, and committed to your long term health. While many telehealth platforms assign you a random provider for each visit, LifeMD gives you a medical provider that gets to know you and your health, works with you over time to optimize your health, helps you to manage chronic conditions, and delivers personalized care for better outcomes and a healthier life. 

Your virtual visit with a LifeMD provider may be one of the most thorough medical visits you've ever had. Your provider will ask about your medical history, current symptoms, lifestyle, and the medications and supplements you currently take. Your provider will then provide a personalized treatment plan for you, and if appropriate, a prescription. 

What does LifeMD treat?

Primary care for: 
•	Acne 
•	Allergies
•	Anxiety 
•	Asthma
•	Back pain 
•	Constipation
•	Depression 
•	Diabetes
•	Erectile Dysfunction 
•	Hair Loss 
•	High Blood Pressure
•	High cholesterol/triglycerides
•	Insomnia/Sleep
•	Nail fungus
•	Osteoarthritis
•	Reflux [GERD]
•	Thyroid conditions
•	Weight-Loss 



Urgent Care for:
•	Allergies 
•	Bronchitis 
•	Colds 
•	Dental infections
•	Diarrhea
•	Ear pain 
•	Flu
•	Headache/migraines
•	Nausea 
•	PrEP
•	Pink eye
•	Pneumonia 
•	Rash
•	Sinus infection
•	Strep throat 
•	Mild to moderate sunburn
•	Tonsillitis 
•	UTIs 
•	Vaginitis 
•	Yeast Infections
•	And many more...



Common prescriptions our medical providers write:

•	Anti-inflammatories
•	Antibiotics 
•	Antiviral Medications
•	Antidepressants 
•	Antipsychotics 
•	Asthma control
•	Birth Control 
•	Cholesterol medications
•	Diabetic medications
•	Diuretics 
•	High blood pressure medication
•	PrEP
•	And many more...



Access a new kind of healthcare with LifeMD. It's transparent healthcare that you can trust, without co-pays, surprise medical bills, or unnecessary specialist visits and diagnostics. LifeMD offers the best virtual healthcare, at the best price, from the best medical providers. 

Please also review our privacy policy.

Notice of Collection: https://lifemd.com/ccpa",LifeMD,"50,000+",Health management,us, urgent care for various conditions,,TRUE
com.lifemd.care,LifeMD,4.876923,Medical,0,TRUE,"Nationwide access to the best online medical providers and prescriptions. No insurance needed. 


Access a new kind of healthcare with LifeMD. It's transparent healthcare that you can trust, without co-pays, surprise medical bills, or unnecessary specialist visits and diagnostics. LifeMD offers the best virtual healthcare, at the best price, from the best medical providers. 


Our medical providers aren't influenced by insurance companies or motivated by referrals.  Their care and focus is only on providing their patients with the highest quality virtual care. Our providers can treat over 3,500 medical conditions online and are committed to providing exceptional care and a healthier you! 

LifeMD's medical providers are highly rated, well educated, and committed to your long term health. While many telehealth platforms assign you a random provider for each visit, LifeMD gives you a medical provider that gets to know you and your health, works with you over time to optimize your health, helps you to manage chronic conditions, and delivers personalized care for better outcomes and a healthier life. 

Your virtual visit with a LifeMD provider may be one of the most thorough medical visits you've ever had. Your provider will ask about your medical history, current symptoms, lifestyle, and the medications and supplements you currently take. Your provider will then provide a personalized treatment plan for you, and if appropriate, a prescription. 

What does LifeMD treat?

Primary care for: 
•	Acne 
•	Allergies
•	Anxiety 
•	Asthma
•	Back pain 
•	Constipation
•	Depression 
•	Diabetes
•	Erectile Dysfunction 
•	Hair Loss 
•	High Blood Pressure
•	High cholesterol/triglycerides
•	Insomnia/Sleep
•	Nail fungus
•	Osteoarthritis
•	Reflux [GERD]
•	Thyroid conditions
•	Weight-Loss 



Urgent Care for:
•	Allergies 
•	Bronchitis 
•	Colds 
•	Dental infections
•	Diarrhea
•	Ear pain 
•	Flu
•	Headache/migraines
•	Nausea 
•	PrEP
•	Pink eye
•	Pneumonia 
•	Rash
•	Sinus infection
•	Strep throat 
•	Mild to moderate sunburn
•	Tonsillitis 
•	UTIs 
•	Vaginitis 
•	Yeast Infections
•	And many more...



Common prescriptions our medical providers write:

•	Anti-inflammatories
•	Antibiotics 
•	Antiviral Medications
•	Antidepressants 
•	Antipsychotics 
•	Asthma control
•	Birth Control 
•	Cholesterol medications
•	Diabetic medications
•	Diuretics 
•	High blood pressure medication
•	PrEP
•	And many more...



Access a new kind of healthcare with LifeMD. It's transparent healthcare that you can trust, without co-pays, surprise medical bills, or unnecessary specialist visits and diagnostics. LifeMD offers the best virtual healthcare, at the best price, from the best medical providers. 

Please also review our privacy policy.

Notice of Collection: https://lifemd.com/ccpa",LifeMD,"50,000+",Health management,us, common prescription writing,,TRUE
com.lifemd.care,LifeMD,4.876923,Medical,0,TRUE,"Nationwide access to the best online medical providers and prescriptions. No insurance needed. 


Access a new kind of healthcare with LifeMD. It's transparent healthcare that you can trust, without co-pays, surprise medical bills, or unnecessary specialist visits and diagnostics. LifeMD offers the best virtual healthcare, at the best price, from the best medical providers. 


Our medical providers aren't influenced by insurance companies or motivated by referrals.  Their care and focus is only on providing their patients with the highest quality virtual care. Our providers can treat over 3,500 medical conditions online and are committed to providing exceptional care and a healthier you! 

LifeMD's medical providers are highly rated, well educated, and committed to your long term health. While many telehealth platforms assign you a random provider for each visit, LifeMD gives you a medical provider that gets to know you and your health, works with you over time to optimize your health, helps you to manage chronic conditions, and delivers personalized care for better outcomes and a healthier life. 

Your virtual visit with a LifeMD provider may be one of the most thorough medical visits you've ever had. Your provider will ask about your medical history, current symptoms, lifestyle, and the medications and supplements you currently take. Your provider will then provide a personalized treatment plan for you, and if appropriate, a prescription. 

What does LifeMD treat?

Primary care for: 
•	Acne 
•	Allergies
•	Anxiety 
•	Asthma
•	Back pain 
•	Constipation
•	Depression 
•	Diabetes
•	Erectile Dysfunction 
•	Hair Loss 
•	High Blood Pressure
•	High cholesterol/triglycerides
•	Insomnia/Sleep
•	Nail fungus
•	Osteoarthritis
•	Reflux [GERD]
•	Thyroid conditions
•	Weight-Loss 



Urgent Care for:
•	Allergies 
•	Bronchitis 
•	Colds 
•	Dental infections
•	Diarrhea
•	Ear pain 
•	Flu
•	Headache/migraines
•	Nausea 
•	PrEP
•	Pink eye
•	Pneumonia 
•	Rash
•	Sinus infection
•	Strep throat 
•	Mild to moderate sunburn
•	Tonsillitis 
•	UTIs 
•	Vaginitis 
•	Yeast Infections
•	And many more...



Common prescriptions our medical providers write:

•	Anti-inflammatories
•	Antibiotics 
•	Antiviral Medications
•	Antidepressants 
•	Antipsychotics 
•	Asthma control
•	Birth Control 
•	Cholesterol medications
•	Diabetic medications
•	Diuretics 
•	High blood pressure medication
•	PrEP
•	And many more...



Access a new kind of healthcare with LifeMD. It's transparent healthcare that you can trust, without co-pays, surprise medical bills, or unnecessary specialist visits and diagnostics. LifeMD offers the best virtual healthcare, at the best price, from the best medical providers. 

Please also review our privacy policy.

Notice of Collection: https://lifemd.com/ccpa",LifeMD,"50,000+",Health management,us, antiinflammatory medication,,TRUE
com.lifemd.care,LifeMD,4.876923,Medical,0,TRUE,"Nationwide access to the best online medical providers and prescriptions. No insurance needed. 


Access a new kind of healthcare with LifeMD. It's transparent healthcare that you can trust, without co-pays, surprise medical bills, or unnecessary specialist visits and diagnostics. LifeMD offers the best virtual healthcare, at the best price, from the best medical providers. 


Our medical providers aren't influenced by insurance companies or motivated by referrals.  Their care and focus is only on providing their patients with the highest quality virtual care. Our providers can treat over 3,500 medical conditions online and are committed to providing exceptional care and a healthier you! 

LifeMD's medical providers are highly rated, well educated, and committed to your long term health. While many telehealth platforms assign you a random provider for each visit, LifeMD gives you a medical provider that gets to know you and your health, works with you over time to optimize your health, helps you to manage chronic conditions, and delivers personalized care for better outcomes and a healthier life. 

Your virtual visit with a LifeMD provider may be one of the most thorough medical visits you've ever had. Your provider will ask about your medical history, current symptoms, lifestyle, and the medications and supplements you currently take. Your provider will then provide a personalized treatment plan for you, and if appropriate, a prescription. 

What does LifeMD treat?

Primary care for: 
•	Acne 
•	Allergies
•	Anxiety 
•	Asthma
•	Back pain 
•	Constipation
•	Depression 
•	Diabetes
•	Erectile Dysfunction 
•	Hair Loss 
•	High Blood Pressure
•	High cholesterol/triglycerides
•	Insomnia/Sleep
•	Nail fungus
•	Osteoarthritis
•	Reflux [GERD]
•	Thyroid conditions
•	Weight-Loss 



Urgent Care for:
•	Allergies 
•	Bronchitis 
•	Colds 
•	Dental infections
•	Diarrhea
•	Ear pain 
•	Flu
•	Headache/migraines
•	Nausea 
•	PrEP
•	Pink eye
•	Pneumonia 
•	Rash
•	Sinus infection
•	Strep throat 
•	Mild to moderate sunburn
•	Tonsillitis 
•	UTIs 
•	Vaginitis 
•	Yeast Infections
•	And many more...



Common prescriptions our medical providers write:

•	Anti-inflammatories
•	Antibiotics 
•	Antiviral Medications
•	Antidepressants 
•	Antipsychotics 
•	Asthma control
•	Birth Control 
•	Cholesterol medications
•	Diabetic medications
•	Diuretics 
•	High blood pressure medication
•	PrEP
•	And many more...



Access a new kind of healthcare with LifeMD. It's transparent healthcare that you can trust, without co-pays, surprise medical bills, or unnecessary specialist visits and diagnostics. LifeMD offers the best virtual healthcare, at the best price, from the best medical providers. 

Please also review our privacy policy.

Notice of Collection: https://lifemd.com/ccpa",LifeMD,"50,000+",Health management,us, antibiotic medication,,TRUE
com.lifemd.care,LifeMD,4.876923,Medical,0,TRUE,"Nationwide access to the best online medical providers and prescriptions. No insurance needed. 


Access a new kind of healthcare with LifeMD. It's transparent healthcare that you can trust, without co-pays, surprise medical bills, or unnecessary specialist visits and diagnostics. LifeMD offers the best virtual healthcare, at the best price, from the best medical providers. 


Our medical providers aren't influenced by insurance companies or motivated by referrals.  Their care and focus is only on providing their patients with the highest quality virtual care. Our providers can treat over 3,500 medical conditions online and are committed to providing exceptional care and a healthier you! 

LifeMD's medical providers are highly rated, well educated, and committed to your long term health. While many telehealth platforms assign you a random provider for each visit, LifeMD gives you a medical provider that gets to know you and your health, works with you over time to optimize your health, helps you to manage chronic conditions, and delivers personalized care for better outcomes and a healthier life. 

Your virtual visit with a LifeMD provider may be one of the most thorough medical visits you've ever had. Your provider will ask about your medical history, current symptoms, lifestyle, and the medications and supplements you currently take. Your provider will then provide a personalized treatment plan for you, and if appropriate, a prescription. 

What does LifeMD treat?

Primary care for: 
•	Acne 
•	Allergies
•	Anxiety 
•	Asthma
•	Back pain 
•	Constipation
•	Depression 
•	Diabetes
•	Erectile Dysfunction 
•	Hair Loss 
•	High Blood Pressure
•	High cholesterol/triglycerides
•	Insomnia/Sleep
•	Nail fungus
•	Osteoarthritis
•	Reflux [GERD]
•	Thyroid conditions
•	Weight-Loss 



Urgent Care for:
•	Allergies 
•	Bronchitis 
•	Colds 
•	Dental infections
•	Diarrhea
•	Ear pain 
•	Flu
•	Headache/migraines
•	Nausea 
•	PrEP
•	Pink eye
•	Pneumonia 
•	Rash
•	Sinus infection
•	Strep throat 
•	Mild to moderate sunburn
•	Tonsillitis 
•	UTIs 
•	Vaginitis 
•	Yeast Infections
•	And many more...



Common prescriptions our medical providers write:

•	Anti-inflammatories
•	Antibiotics 
•	Antiviral Medications
•	Antidepressants 
•	Antipsychotics 
•	Asthma control
•	Birth Control 
•	Cholesterol medications
•	Diabetic medications
•	Diuretics 
•	High blood pressure medication
•	PrEP
•	And many more...



Access a new kind of healthcare with LifeMD. It's transparent healthcare that you can trust, without co-pays, surprise medical bills, or unnecessary specialist visits and diagnostics. LifeMD offers the best virtual healthcare, at the best price, from the best medical providers. 

Please also review our privacy policy.

Notice of Collection: https://lifemd.com/ccpa",LifeMD,"50,000+",Health management,us, antiviral medication,,TRUE
com.lifemd.care,LifeMD,4.876923,Medical,0,TRUE,"Nationwide access to the best online medical providers and prescriptions. No insurance needed. 


Access a new kind of healthcare with LifeMD. It's transparent healthcare that you can trust, without co-pays, surprise medical bills, or unnecessary specialist visits and diagnostics. LifeMD offers the best virtual healthcare, at the best price, from the best medical providers. 


Our medical providers aren't influenced by insurance companies or motivated by referrals.  Their care and focus is only on providing their patients with the highest quality virtual care. Our providers can treat over 3,500 medical conditions online and are committed to providing exceptional care and a healthier you! 

LifeMD's medical providers are highly rated, well educated, and committed to your long term health. While many telehealth platforms assign you a random provider for each visit, LifeMD gives you a medical provider that gets to know you and your health, works with you over time to optimize your health, helps you to manage chronic conditions, and delivers personalized care for better outcomes and a healthier life. 

Your virtual visit with a LifeMD provider may be one of the most thorough medical visits you've ever had. Your provider will ask about your medical history, current symptoms, lifestyle, and the medications and supplements you currently take. Your provider will then provide a personalized treatment plan for you, and if appropriate, a prescription. 

What does LifeMD treat?

Primary care for: 
•	Acne 
•	Allergies
•	Anxiety 
•	Asthma
•	Back pain 
•	Constipation
•	Depression 
•	Diabetes
•	Erectile Dysfunction 
•	Hair Loss 
•	High Blood Pressure
•	High cholesterol/triglycerides
•	Insomnia/Sleep
•	Nail fungus
•	Osteoarthritis
•	Reflux [GERD]
•	Thyroid conditions
•	Weight-Loss 



Urgent Care for:
•	Allergies 
•	Bronchitis 
•	Colds 
•	Dental infections
•	Diarrhea
•	Ear pain 
•	Flu
•	Headache/migraines
•	Nausea 
•	PrEP
•	Pink eye
•	Pneumonia 
•	Rash
•	Sinus infection
•	Strep throat 
•	Mild to moderate sunburn
•	Tonsillitis 
•	UTIs 
•	Vaginitis 
•	Yeast Infections
•	And many more...



Common prescriptions our medical providers write:

•	Anti-inflammatories
•	Antibiotics 
•	Antiviral Medications
•	Antidepressants 
•	Antipsychotics 
•	Asthma control
•	Birth Control 
•	Cholesterol medications
•	Diabetic medications
•	Diuretics 
•	High blood pressure medication
•	PrEP
•	And many more...



Access a new kind of healthcare with LifeMD. It's transparent healthcare that you can trust, without co-pays, surprise medical bills, or unnecessary specialist visits and diagnostics. LifeMD offers the best virtual healthcare, at the best price, from the best medical providers. 

Please also review our privacy policy.

Notice of Collection: https://lifemd.com/ccpa",LifeMD,"50,000+",Health management,us, antidepressant medication,,TRUE
com.lifemd.care,LifeMD,4.876923,Medical,0,TRUE,"Nationwide access to the best online medical providers and prescriptions. No insurance needed. 


Access a new kind of healthcare with LifeMD. It's transparent healthcare that you can trust, without co-pays, surprise medical bills, or unnecessary specialist visits and diagnostics. LifeMD offers the best virtual healthcare, at the best price, from the best medical providers. 


Our medical providers aren't influenced by insurance companies or motivated by referrals.  Their care and focus is only on providing their patients with the highest quality virtual care. Our providers can treat over 3,500 medical conditions online and are committed to providing exceptional care and a healthier you! 

LifeMD's medical providers are highly rated, well educated, and committed to your long term health. While many telehealth platforms assign you a random provider for each visit, LifeMD gives you a medical provider that gets to know you and your health, works with you over time to optimize your health, helps you to manage chronic conditions, and delivers personalized care for better outcomes and a healthier life. 

Your virtual visit with a LifeMD provider may be one of the most thorough medical visits you've ever had. Your provider will ask about your medical history, current symptoms, lifestyle, and the medications and supplements you currently take. Your provider will then provide a personalized treatment plan for you, and if appropriate, a prescription. 

What does LifeMD treat?

Primary care for: 
•	Acne 
•	Allergies
•	Anxiety 
•	Asthma
•	Back pain 
•	Constipation
•	Depression 
•	Diabetes
•	Erectile Dysfunction 
•	Hair Loss 
•	High Blood Pressure
•	High cholesterol/triglycerides
•	Insomnia/Sleep
•	Nail fungus
•	Osteoarthritis
•	Reflux [GERD]
•	Thyroid conditions
•	Weight-Loss 



Urgent Care for:
•	Allergies 
•	Bronchitis 
•	Colds 
•	Dental infections
•	Diarrhea
•	Ear pain 
•	Flu
•	Headache/migraines
•	Nausea 
•	PrEP
•	Pink eye
•	Pneumonia 
•	Rash
•	Sinus infection
•	Strep throat 
•	Mild to moderate sunburn
•	Tonsillitis 
•	UTIs 
•	Vaginitis 
•	Yeast Infections
•	And many more...



Common prescriptions our medical providers write:

•	Anti-inflammatories
•	Antibiotics 
•	Antiviral Medications
•	Antidepressants 
•	Antipsychotics 
•	Asthma control
•	Birth Control 
•	Cholesterol medications
•	Diabetic medications
•	Diuretics 
•	High blood pressure medication
•	PrEP
•	And many more...



Access a new kind of healthcare with LifeMD. It's transparent healthcare that you can trust, without co-pays, surprise medical bills, or unnecessary specialist visits and diagnostics. LifeMD offers the best virtual healthcare, at the best price, from the best medical providers. 

Please also review our privacy policy.

Notice of Collection: https://lifemd.com/ccpa",LifeMD,"50,000+",Health management,us, antipsychotic medication,,TRUE
com.lifemd.care,LifeMD,4.876923,Medical,0,TRUE,"Nationwide access to the best online medical providers and prescriptions. No insurance needed. 


Access a new kind of healthcare with LifeMD. It's transparent healthcare that you can trust, without co-pays, surprise medical bills, or unnecessary specialist visits and diagnostics. LifeMD offers the best virtual healthcare, at the best price, from the best medical providers. 


Our medical providers aren't influenced by insurance companies or motivated by referrals.  Their care and focus is only on providing their patients with the highest quality virtual care. Our providers can treat over 3,500 medical conditions online and are committed to providing exceptional care and a healthier you! 

LifeMD's medical providers are highly rated, well educated, and committed to your long term health. While many telehealth platforms assign you a random provider for each visit, LifeMD gives you a medical provider that gets to know you and your health, works with you over time to optimize your health, helps you to manage chronic conditions, and delivers personalized care for better outcomes and a healthier life. 

Your virtual visit with a LifeMD provider may be one of the most thorough medical visits you've ever had. Your provider will ask about your medical history, current symptoms, lifestyle, and the medications and supplements you currently take. Your provider will then provide a personalized treatment plan for you, and if appropriate, a prescription. 

What does LifeMD treat?

Primary care for: 
•	Acne 
•	Allergies
•	Anxiety 
•	Asthma
•	Back pain 
•	Constipation
•	Depression 
•	Diabetes
•	Erectile Dysfunction 
•	Hair Loss 
•	High Blood Pressure
•	High cholesterol/triglycerides
•	Insomnia/Sleep
•	Nail fungus
•	Osteoarthritis
•	Reflux [GERD]
•	Thyroid conditions
•	Weight-Loss 



Urgent Care for:
•	Allergies 
•	Bronchitis 
•	Colds 
•	Dental infections
•	Diarrhea
•	Ear pain 
•	Flu
•	Headache/migraines
•	Nausea 
•	PrEP
•	Pink eye
•	Pneumonia 
•	Rash
•	Sinus infection
•	Strep throat 
•	Mild to moderate sunburn
•	Tonsillitis 
•	UTIs 
•	Vaginitis 
•	Yeast Infections
•	And many more...



Common prescriptions our medical providers write:

•	Anti-inflammatories
•	Antibiotics 
•	Antiviral Medications
•	Antidepressants 
•	Antipsychotics 
•	Asthma control
•	Birth Control 
•	Cholesterol medications
•	Diabetic medications
•	Diuretics 
•	High blood pressure medication
•	PrEP
•	And many more...



Access a new kind of healthcare with LifeMD. It's transparent healthcare that you can trust, without co-pays, surprise medical bills, or unnecessary specialist visits and diagnostics. LifeMD offers the best virtual healthcare, at the best price, from the best medical providers. 

Please also review our privacy policy.

Notice of Collection: https://lifemd.com/ccpa",LifeMD,"50,000+",Health management,us, asthma control medication,,TRUE
com.lifemd.care,LifeMD,4.876923,Medical,0,TRUE,"Nationwide access to the best online medical providers and prescriptions. No insurance needed. 


Access a new kind of healthcare with LifeMD. It's transparent healthcare that you can trust, without co-pays, surprise medical bills, or unnecessary specialist visits and diagnostics. LifeMD offers the best virtual healthcare, at the best price, from the best medical providers. 


Our medical providers aren't influenced by insurance companies or motivated by referrals.  Their care and focus is only on providing their patients with the highest quality virtual care. Our providers can treat over 3,500 medical conditions online and are committed to providing exceptional care and a healthier you! 

LifeMD's medical providers are highly rated, well educated, and committed to your long term health. While many telehealth platforms assign you a random provider for each visit, LifeMD gives you a medical provider that gets to know you and your health, works with you over time to optimize your health, helps you to manage chronic conditions, and delivers personalized care for better outcomes and a healthier life. 

Your virtual visit with a LifeMD provider may be one of the most thorough medical visits you've ever had. Your provider will ask about your medical history, current symptoms, lifestyle, and the medications and supplements you currently take. Your provider will then provide a personalized treatment plan for you, and if appropriate, a prescription. 

What does LifeMD treat?

Primary care for: 
•	Acne 
•	Allergies
•	Anxiety 
•	Asthma
•	Back pain 
•	Constipation
•	Depression 
•	Diabetes
•	Erectile Dysfunction 
•	Hair Loss 
•	High Blood Pressure
•	High cholesterol/triglycerides
•	Insomnia/Sleep
•	Nail fungus
•	Osteoarthritis
•	Reflux [GERD]
•	Thyroid conditions
•	Weight-Loss 



Urgent Care for:
•	Allergies 
•	Bronchitis 
•	Colds 
•	Dental infections
•	Diarrhea
•	Ear pain 
•	Flu
•	Headache/migraines
•	Nausea 
•	PrEP
•	Pink eye
•	Pneumonia 
•	Rash
•	Sinus infection
•	Strep throat 
•	Mild to moderate sunburn
•	Tonsillitis 
•	UTIs 
•	Vaginitis 
•	Yeast Infections
•	And many more...



Common prescriptions our medical providers write:

•	Anti-inflammatories
•	Antibiotics 
•	Antiviral Medications
•	Antidepressants 
•	Antipsychotics 
•	Asthma control
•	Birth Control 
•	Cholesterol medications
•	Diabetic medications
•	Diuretics 
•	High blood pressure medication
•	PrEP
•	And many more...



Access a new kind of healthcare with LifeMD. It's transparent healthcare that you can trust, without co-pays, surprise medical bills, or unnecessary specialist visits and diagnostics. LifeMD offers the best virtual healthcare, at the best price, from the best medical providers. 

Please also review our privacy policy.

Notice of Collection: https://lifemd.com/ccpa",LifeMD,"50,000+",Health management,us, birth control medication,,TRUE
com.lifemd.care,LifeMD,4.876923,Medical,0,TRUE,"Nationwide access to the best online medical providers and prescriptions. No insurance needed. 


Access a new kind of healthcare with LifeMD. It's transparent healthcare that you can trust, without co-pays, surprise medical bills, or unnecessary specialist visits and diagnostics. LifeMD offers the best virtual healthcare, at the best price, from the best medical providers. 


Our medical providers aren't influenced by insurance companies or motivated by referrals.  Their care and focus is only on providing their patients with the highest quality virtual care. Our providers can treat over 3,500 medical conditions online and are committed to providing exceptional care and a healthier you! 

LifeMD's medical providers are highly rated, well educated, and committed to your long term health. While many telehealth platforms assign you a random provider for each visit, LifeMD gives you a medical provider that gets to know you and your health, works with you over time to optimize your health, helps you to manage chronic conditions, and delivers personalized care for better outcomes and a healthier life. 

Your virtual visit with a LifeMD provider may be one of the most thorough medical visits you've ever had. Your provider will ask about your medical history, current symptoms, lifestyle, and the medications and supplements you currently take. Your provider will then provide a personalized treatment plan for you, and if appropriate, a prescription. 

What does LifeMD treat?

Primary care for: 
•	Acne 
•	Allergies
•	Anxiety 
•	Asthma
•	Back pain 
•	Constipation
•	Depression 
•	Diabetes
•	Erectile Dysfunction 
•	Hair Loss 
•	High Blood Pressure
•	High cholesterol/triglycerides
•	Insomnia/Sleep
•	Nail fungus
•	Osteoarthritis
•	Reflux [GERD]
•	Thyroid conditions
•	Weight-Loss 



Urgent Care for:
•	Allergies 
•	Bronchitis 
•	Colds 
•	Dental infections
•	Diarrhea
•	Ear pain 
•	Flu
•	Headache/migraines
•	Nausea 
•	PrEP
•	Pink eye
•	Pneumonia 
•	Rash
•	Sinus infection
•	Strep throat 
•	Mild to moderate sunburn
•	Tonsillitis 
•	UTIs 
•	Vaginitis 
•	Yeast Infections
•	And many more...



Common prescriptions our medical providers write:

•	Anti-inflammatories
•	Antibiotics 
•	Antiviral Medications
•	Antidepressants 
•	Antipsychotics 
•	Asthma control
•	Birth Control 
•	Cholesterol medications
•	Diabetic medications
•	Diuretics 
•	High blood pressure medication
•	PrEP
•	And many more...



Access a new kind of healthcare with LifeMD. It's transparent healthcare that you can trust, without co-pays, surprise medical bills, or unnecessary specialist visits and diagnostics. LifeMD offers the best virtual healthcare, at the best price, from the best medical providers. 

Please also review our privacy policy.

Notice of Collection: https://lifemd.com/ccpa",LifeMD,"50,000+",Health management,us, cholesterol medication,,TRUE
com.lifemd.care,LifeMD,4.876923,Medical,0,TRUE,"Nationwide access to the best online medical providers and prescriptions. No insurance needed. 


Access a new kind of healthcare with LifeMD. It's transparent healthcare that you can trust, without co-pays, surprise medical bills, or unnecessary specialist visits and diagnostics. LifeMD offers the best virtual healthcare, at the best price, from the best medical providers. 


Our medical providers aren't influenced by insurance companies or motivated by referrals.  Their care and focus is only on providing their patients with the highest quality virtual care. Our providers can treat over 3,500 medical conditions online and are committed to providing exceptional care and a healthier you! 

LifeMD's medical providers are highly rated, well educated, and committed to your long term health. While many telehealth platforms assign you a random provider for each visit, LifeMD gives you a medical provider that gets to know you and your health, works with you over time to optimize your health, helps you to manage chronic conditions, and delivers personalized care for better outcomes and a healthier life. 

Your virtual visit with a LifeMD provider may be one of the most thorough medical visits you've ever had. Your provider will ask about your medical history, current symptoms, lifestyle, and the medications and supplements you currently take. Your provider will then provide a personalized treatment plan for you, and if appropriate, a prescription. 

What does LifeMD treat?

Primary care for: 
•	Acne 
•	Allergies
•	Anxiety 
•	Asthma
•	Back pain 
•	Constipation
•	Depression 
•	Diabetes
•	Erectile Dysfunction 
•	Hair Loss 
•	High Blood Pressure
•	High cholesterol/triglycerides
•	Insomnia/Sleep
•	Nail fungus
•	Osteoarthritis
•	Reflux [GERD]
•	Thyroid conditions
•	Weight-Loss 



Urgent Care for:
•	Allergies 
•	Bronchitis 
•	Colds 
•	Dental infections
•	Diarrhea
•	Ear pain 
•	Flu
•	Headache/migraines
•	Nausea 
•	PrEP
•	Pink eye
•	Pneumonia 
•	Rash
•	Sinus infection
•	Strep throat 
•	Mild to moderate sunburn
•	Tonsillitis 
•	UTIs 
•	Vaginitis 
•	Yeast Infections
•	And many more...



Common prescriptions our medical providers write:

•	Anti-inflammatories
•	Antibiotics 
•	Antiviral Medications
•	Antidepressants 
•	Antipsychotics 
•	Asthma control
•	Birth Control 
•	Cholesterol medications
•	Diabetic medications
•	Diuretics 
•	High blood pressure medication
•	PrEP
•	And many more...



Access a new kind of healthcare with LifeMD. It's transparent healthcare that you can trust, without co-pays, surprise medical bills, or unnecessary specialist visits and diagnostics. LifeMD offers the best virtual healthcare, at the best price, from the best medical providers. 

Please also review our privacy policy.

Notice of Collection: https://lifemd.com/ccpa",LifeMD,"50,000+",Health management,us, diabetic medication,,TRUE
com.lifemd.care,LifeMD,4.876923,Medical,0,TRUE,"Nationwide access to the best online medical providers and prescriptions. No insurance needed. 


Access a new kind of healthcare with LifeMD. It's transparent healthcare that you can trust, without co-pays, surprise medical bills, or unnecessary specialist visits and diagnostics. LifeMD offers the best virtual healthcare, at the best price, from the best medical providers. 


Our medical providers aren't influenced by insurance companies or motivated by referrals.  Their care and focus is only on providing their patients with the highest quality virtual care. Our providers can treat over 3,500 medical conditions online and are committed to providing exceptional care and a healthier you! 

LifeMD's medical providers are highly rated, well educated, and committed to your long term health. While many telehealth platforms assign you a random provider for each visit, LifeMD gives you a medical provider that gets to know you and your health, works with you over time to optimize your health, helps you to manage chronic conditions, and delivers personalized care for better outcomes and a healthier life. 

Your virtual visit with a LifeMD provider may be one of the most thorough medical visits you've ever had. Your provider will ask about your medical history, current symptoms, lifestyle, and the medications and supplements you currently take. Your provider will then provide a personalized treatment plan for you, and if appropriate, a prescription. 

What does LifeMD treat?

Primary care for: 
•	Acne 
•	Allergies
•	Anxiety 
•	Asthma
•	Back pain 
•	Constipation
•	Depression 
•	Diabetes
•	Erectile Dysfunction 
•	Hair Loss 
•	High Blood Pressure
•	High cholesterol/triglycerides
•	Insomnia/Sleep
•	Nail fungus
•	Osteoarthritis
•	Reflux [GERD]
•	Thyroid conditions
•	Weight-Loss 



Urgent Care for:
•	Allergies 
•	Bronchitis 
•	Colds 
•	Dental infections
•	Diarrhea
•	Ear pain 
•	Flu
•	Headache/migraines
•	Nausea 
•	PrEP
•	Pink eye
•	Pneumonia 
•	Rash
•	Sinus infection
•	Strep throat 
•	Mild to moderate sunburn
•	Tonsillitis 
•	UTIs 
•	Vaginitis 
•	Yeast Infections
•	And many more...



Common prescriptions our medical providers write:

•	Anti-inflammatories
•	Antibiotics 
•	Antiviral Medications
•	Antidepressants 
•	Antipsychotics 
•	Asthma control
•	Birth Control 
•	Cholesterol medications
•	Diabetic medications
•	Diuretics 
•	High blood pressure medication
•	PrEP
•	And many more...



Access a new kind of healthcare with LifeMD. It's transparent healthcare that you can trust, without co-pays, surprise medical bills, or unnecessary specialist visits and diagnostics. LifeMD offers the best virtual healthcare, at the best price, from the best medical providers. 

Please also review our privacy policy.

Notice of Collection: https://lifemd.com/ccpa",LifeMD,"50,000+",Health management,us, diuretic medication,,TRUE
com.lifemd.care,LifeMD,4.876923,Medical,0,TRUE,"Nationwide access to the best online medical providers and prescriptions. No insurance needed. 


Access a new kind of healthcare with LifeMD. It's transparent healthcare that you can trust, without co-pays, surprise medical bills, or unnecessary specialist visits and diagnostics. LifeMD offers the best virtual healthcare, at the best price, from the best medical providers. 


Our medical providers aren't influenced by insurance companies or motivated by referrals.  Their care and focus is only on providing their patients with the highest quality virtual care. Our providers can treat over 3,500 medical conditions online and are committed to providing exceptional care and a healthier you! 

LifeMD's medical providers are highly rated, well educated, and committed to your long term health. While many telehealth platforms assign you a random provider for each visit, LifeMD gives you a medical provider that gets to know you and your health, works with you over time to optimize your health, helps you to manage chronic conditions, and delivers personalized care for better outcomes and a healthier life. 

Your virtual visit with a LifeMD provider may be one of the most thorough medical visits you've ever had. Your provider will ask about your medical history, current symptoms, lifestyle, and the medications and supplements you currently take. Your provider will then provide a personalized treatment plan for you, and if appropriate, a prescription. 

What does LifeMD treat?

Primary care for: 
•	Acne 
•	Allergies
•	Anxiety 
•	Asthma
•	Back pain 
•	Constipation
•	Depression 
•	Diabetes
•	Erectile Dysfunction 
•	Hair Loss 
•	High Blood Pressure
•	High cholesterol/triglycerides
•	Insomnia/Sleep
•	Nail fungus
•	Osteoarthritis
•	Reflux [GERD]
•	Thyroid conditions
•	Weight-Loss 



Urgent Care for:
•	Allergies 
•	Bronchitis 
•	Colds 
•	Dental infections
•	Diarrhea
•	Ear pain 
•	Flu
•	Headache/migraines
•	Nausea 
•	PrEP
•	Pink eye
•	Pneumonia 
•	Rash
•	Sinus infection
•	Strep throat 
•	Mild to moderate sunburn
•	Tonsillitis 
•	UTIs 
•	Vaginitis 
•	Yeast Infections
•	And many more...



Common prescriptions our medical providers write:

•	Anti-inflammatories
•	Antibiotics 
•	Antiviral Medications
•	Antidepressants 
•	Antipsychotics 
•	Asthma control
•	Birth Control 
•	Cholesterol medications
•	Diabetic medications
•	Diuretics 
•	High blood pressure medication
•	PrEP
•	And many more...



Access a new kind of healthcare with LifeMD. It's transparent healthcare that you can trust, without co-pays, surprise medical bills, or unnecessary specialist visits and diagnostics. LifeMD offers the best virtual healthcare, at the best price, from the best medical providers. 

Please also review our privacy policy.

Notice of Collection: https://lifemd.com/ccpa",LifeMD,"50,000+",Health management,us, high blood pressure medication,,TRUE
com.lifemd.care,LifeMD,4.876923,Medical,0,TRUE,"Nationwide access to the best online medical providers and prescriptions. No insurance needed. 


Access a new kind of healthcare with LifeMD. It's transparent healthcare that you can trust, without co-pays, surprise medical bills, or unnecessary specialist visits and diagnostics. LifeMD offers the best virtual healthcare, at the best price, from the best medical providers. 


Our medical providers aren't influenced by insurance companies or motivated by referrals.  Their care and focus is only on providing their patients with the highest quality virtual care. Our providers can treat over 3,500 medical conditions online and are committed to providing exceptional care and a healthier you! 

LifeMD's medical providers are highly rated, well educated, and committed to your long term health. While many telehealth platforms assign you a random provider for each visit, LifeMD gives you a medical provider that gets to know you and your health, works with you over time to optimize your health, helps you to manage chronic conditions, and delivers personalized care for better outcomes and a healthier life. 

Your virtual visit with a LifeMD provider may be one of the most thorough medical visits you've ever had. Your provider will ask about your medical history, current symptoms, lifestyle, and the medications and supplements you currently take. Your provider will then provide a personalized treatment plan for you, and if appropriate, a prescription. 

What does LifeMD treat?

Primary care for: 
•	Acne 
•	Allergies
•	Anxiety 
•	Asthma
•	Back pain 
•	Constipation
•	Depression 
•	Diabetes
•	Erectile Dysfunction 
•	Hair Loss 
•	High Blood Pressure
•	High cholesterol/triglycerides
•	Insomnia/Sleep
•	Nail fungus
•	Osteoarthritis
•	Reflux [GERD]
•	Thyroid conditions
•	Weight-Loss 



Urgent Care for:
•	Allergies 
•	Bronchitis 
•	Colds 
•	Dental infections
•	Diarrhea
•	Ear pain 
•	Flu
•	Headache/migraines
•	Nausea 
•	PrEP
•	Pink eye
•	Pneumonia 
•	Rash
•	Sinus infection
•	Strep throat 
•	Mild to moderate sunburn
•	Tonsillitis 
•	UTIs 
•	Vaginitis 
•	Yeast Infections
•	And many more...



Common prescriptions our medical providers write:

•	Anti-inflammatories
•	Antibiotics 
•	Antiviral Medications
•	Antidepressants 
•	Antipsychotics 
•	Asthma control
•	Birth Control 
•	Cholesterol medications
•	Diabetic medications
•	Diuretics 
•	High blood pressure medication
•	PrEP
•	And many more...



Access a new kind of healthcare with LifeMD. It's transparent healthcare that you can trust, without co-pays, surprise medical bills, or unnecessary specialist visits and diagnostics. LifeMD offers the best virtual healthcare, at the best price, from the best medical providers. 

Please also review our privacy policy.

Notice of Collection: https://lifemd.com/ccpa",LifeMD,"50,000+",Health management,us, prEP medication,,TRUE
com.careclinicsoftware.careclinic,Symptom & Mood Tracker,2.81,Health & Fitness,0,TRUE,"<strong>✅  Take Control of Your Health. Track symptoms, medications & mood all from one App.</strong>

We are a <strong>clinically studied</strong> health tracker app that simplifies managing your chronic, mental, and overall health. Easily track your treatments to better understand how your or a loved one’s health is changing over time.

👩‍⚕️Designed with input from patients, parents, & medical experts from top US universities. Discover and monitor trends and easily share it all with your doctor and caregivers.

⭐ 1000’S of 5-STAR REVIEWS
""I love this health app! It lets me gain insights into how I am doing overall with just a few taps a day. I love that I can track all aspects of my treatment in one place."" -Nat

<strong>Why Use the CareClinic App?</strong>
- Your health data is encrypted, private and never shared without consent 🔐
- Our AI helps manage your health in just 5 minutes a day
- Unlock insights about your health with just a few check-ins
- Integrates well with wearables, Google Fit & works across devices

CareClinic is <u>more</u> than health <strong>symptom tracker</strong> app.

<strong>We Help You Simplify Your Health Journey</strong> - Build healthy habits and remain accountable
- Share data with your doctor, insurance, or employer
- See what works and get a correct diagnosis quicker

📲 <strong>Over 15 Trackers included</strong> (Toggle only the ones you need!)

🤒 <strong>Symptom Tracker</strong>
💊 <strong>Medication Tracker</strong> - For prescriptions, birth control, vitamins & supplements. Indicates interactions & synergies
❤️ <strong>Measurements</strong> - For vitals, blood pressure, blood sugar, weight, temperature/fever, pulse, or add a custom metric
📝 <strong>Health Journal</strong> - Freeform or guided with prompts
😀 <strong>Mood Tracker</strong> - Comes with a medical-grade assessment scale
🥗 <strong>Nutrition Tracker</strong> - Track micros, macros, calories or just log meals with a built-in database
☕️ <strong>Fluids</strong>
🚶‍♀️‍➡️ <strong>Activities </strong> - Track physical activities like walking, steps and exercises
⚠️ <strong>Factors</strong> - Environmental factors, social factors, more
🛌 <strong>Sleep Tracker</strong> - Try sleep sounds
🚽 <strong>Stool Tracker</strong> - Use the Bristol Stool Scale & Urine
📋 <strong>Assessments</strong> - Complete standardized medical questionnaires like the PHQ9, GAD7
⭕️ <strong>Cycle Tracker</strong> - Track your menstrual cycle, period, and ovulation and get predictions
🧘🏻 <strong>Therapies</strong>
☀️ <strong>Weather</strong> - Tracks automatically, helpful for those with migraines & mood

📲 <strong>And many Modules!</strong>

👪 <strong>Care Teams</strong>: Add your dependents and caregivers, share, nudge & view their data remotely
⏰ <strong>Reminders: </strong>Easily set reminders for pills, symptom check-ins, activity & more

➕ Store health Goals, Conditions (comorbidities), Allergies, Test Results, Immunizations (vaccines), surgeries
➕ Educational content, soundscapes, quotes, built-in care plans, exercise & medication library
➕ Monitor progress in charts, logs & AI based trends
➕ Trusted by doctors

<strong>CUSTOMIZABLE</strong>
- Very little manual entry required, use AI + built-in suggestions
- Export PDF reports

<strong>👉🏻  Your Complete Health Planner</strong>

Essential for chronic illness and mental health, used for ADHD, Anxiety, Bipolar Disorder, Depression, Panic Attacks, PTSD, PMDD, Chronic Pain, Fibromyalgia, IBD, IBS, Diabetes, Rheumatoid Arthritis (RA), Multiple Sclerosis (MS), Chronic Fatigue (ME/CFS), POTS, Epilepsy, Vertigo, Cancer, Lupus, Psoriasis, IPF, Endometriosis, PCOS, Ehlers-Danlos Syndrome (EDS), MCAS, Dysautonomia, flu, food allergies, gut health, pregnancy symptoms, and other disorders.

Free to use forever or $5.99/m, $39.99/yr for power users. More bearable than using multiple apps. We're here to support as many people as possible with our symptom tracker. If you have concerns, email us.",CareClinic Tracker & Reminder,"100,000+",Chronic disease management,us,track symptoms,,TRUE
com.careclinicsoftware.careclinic,Symptom & Mood Tracker,2.81,Health & Fitness,0,TRUE,"<strong>✅  Take Control of Your Health. Track symptoms, medications & mood all from one App.</strong>

We are a <strong>clinically studied</strong> health tracker app that simplifies managing your chronic, mental, and overall health. Easily track your treatments to better understand how your or a loved one’s health is changing over time.

👩‍⚕️Designed with input from patients, parents, & medical experts from top US universities. Discover and monitor trends and easily share it all with your doctor and caregivers.

⭐ 1000’S of 5-STAR REVIEWS
""I love this health app! It lets me gain insights into how I am doing overall with just a few taps a day. I love that I can track all aspects of my treatment in one place."" -Nat

<strong>Why Use the CareClinic App?</strong>
- Your health data is encrypted, private and never shared without consent 🔐
- Our AI helps manage your health in just 5 minutes a day
- Unlock insights about your health with just a few check-ins
- Integrates well with wearables, Google Fit & works across devices

CareClinic is <u>more</u> than health <strong>symptom tracker</strong> app.

<strong>We Help You Simplify Your Health Journey</strong> - Build healthy habits and remain accountable
- Share data with your doctor, insurance, or employer
- See what works and get a correct diagnosis quicker

📲 <strong>Over 15 Trackers included</strong> (Toggle only the ones you need!)

🤒 <strong>Symptom Tracker</strong>
💊 <strong>Medication Tracker</strong> - For prescriptions, birth control, vitamins & supplements. Indicates interactions & synergies
❤️ <strong>Measurements</strong> - For vitals, blood pressure, blood sugar, weight, temperature/fever, pulse, or add a custom metric
📝 <strong>Health Journal</strong> - Freeform or guided with prompts
😀 <strong>Mood Tracker</strong> - Comes with a medical-grade assessment scale
🥗 <strong>Nutrition Tracker</strong> - Track micros, macros, calories or just log meals with a built-in database
☕️ <strong>Fluids</strong>
🚶‍♀️‍➡️ <strong>Activities </strong> - Track physical activities like walking, steps and exercises
⚠️ <strong>Factors</strong> - Environmental factors, social factors, more
🛌 <strong>Sleep Tracker</strong> - Try sleep sounds
🚽 <strong>Stool Tracker</strong> - Use the Bristol Stool Scale & Urine
📋 <strong>Assessments</strong> - Complete standardized medical questionnaires like the PHQ9, GAD7
⭕️ <strong>Cycle Tracker</strong> - Track your menstrual cycle, period, and ovulation and get predictions
🧘🏻 <strong>Therapies</strong>
☀️ <strong>Weather</strong> - Tracks automatically, helpful for those with migraines & mood

📲 <strong>And many Modules!</strong>

👪 <strong>Care Teams</strong>: Add your dependents and caregivers, share, nudge & view their data remotely
⏰ <strong>Reminders: </strong>Easily set reminders for pills, symptom check-ins, activity & more

➕ Store health Goals, Conditions (comorbidities), Allergies, Test Results, Immunizations (vaccines), surgeries
➕ Educational content, soundscapes, quotes, built-in care plans, exercise & medication library
➕ Monitor progress in charts, logs & AI based trends
➕ Trusted by doctors

<strong>CUSTOMIZABLE</strong>
- Very little manual entry required, use AI + built-in suggestions
- Export PDF reports

<strong>👉🏻  Your Complete Health Planner</strong>

Essential for chronic illness and mental health, used for ADHD, Anxiety, Bipolar Disorder, Depression, Panic Attacks, PTSD, PMDD, Chronic Pain, Fibromyalgia, IBD, IBS, Diabetes, Rheumatoid Arthritis (RA), Multiple Sclerosis (MS), Chronic Fatigue (ME/CFS), POTS, Epilepsy, Vertigo, Cancer, Lupus, Psoriasis, IPF, Endometriosis, PCOS, Ehlers-Danlos Syndrome (EDS), MCAS, Dysautonomia, flu, food allergies, gut health, pregnancy symptoms, and other disorders.

Free to use forever or $5.99/m, $39.99/yr for power users. More bearable than using multiple apps. We're here to support as many people as possible with our symptom tracker. If you have concerns, email us.",CareClinic Tracker & Reminder,"100,000+",Chronic disease management,us, track medications,,TRUE
com.careclinicsoftware.careclinic,Symptom & Mood Tracker,2.81,Health & Fitness,0,TRUE,"<strong>✅  Take Control of Your Health. Track symptoms, medications & mood all from one App.</strong>

We are a <strong>clinically studied</strong> health tracker app that simplifies managing your chronic, mental, and overall health. Easily track your treatments to better understand how your or a loved one’s health is changing over time.

👩‍⚕️Designed with input from patients, parents, & medical experts from top US universities. Discover and monitor trends and easily share it all with your doctor and caregivers.

⭐ 1000’S of 5-STAR REVIEWS
""I love this health app! It lets me gain insights into how I am doing overall with just a few taps a day. I love that I can track all aspects of my treatment in one place."" -Nat

<strong>Why Use the CareClinic App?</strong>
- Your health data is encrypted, private and never shared without consent 🔐
- Our AI helps manage your health in just 5 minutes a day
- Unlock insights about your health with just a few check-ins
- Integrates well with wearables, Google Fit & works across devices

CareClinic is <u>more</u> than health <strong>symptom tracker</strong> app.

<strong>We Help You Simplify Your Health Journey</strong> - Build healthy habits and remain accountable
- Share data with your doctor, insurance, or employer
- See what works and get a correct diagnosis quicker

📲 <strong>Over 15 Trackers included</strong> (Toggle only the ones you need!)

🤒 <strong>Symptom Tracker</strong>
💊 <strong>Medication Tracker</strong> - For prescriptions, birth control, vitamins & supplements. Indicates interactions & synergies
❤️ <strong>Measurements</strong> - For vitals, blood pressure, blood sugar, weight, temperature/fever, pulse, or add a custom metric
📝 <strong>Health Journal</strong> - Freeform or guided with prompts
😀 <strong>Mood Tracker</strong> - Comes with a medical-grade assessment scale
🥗 <strong>Nutrition Tracker</strong> - Track micros, macros, calories or just log meals with a built-in database
☕️ <strong>Fluids</strong>
🚶‍♀️‍➡️ <strong>Activities </strong> - Track physical activities like walking, steps and exercises
⚠️ <strong>Factors</strong> - Environmental factors, social factors, more
🛌 <strong>Sleep Tracker</strong> - Try sleep sounds
🚽 <strong>Stool Tracker</strong> - Use the Bristol Stool Scale & Urine
📋 <strong>Assessments</strong> - Complete standardized medical questionnaires like the PHQ9, GAD7
⭕️ <strong>Cycle Tracker</strong> - Track your menstrual cycle, period, and ovulation and get predictions
🧘🏻 <strong>Therapies</strong>
☀️ <strong>Weather</strong> - Tracks automatically, helpful for those with migraines & mood

📲 <strong>And many Modules!</strong>

👪 <strong>Care Teams</strong>: Add your dependents and caregivers, share, nudge & view their data remotely
⏰ <strong>Reminders: </strong>Easily set reminders for pills, symptom check-ins, activity & more

➕ Store health Goals, Conditions (comorbidities), Allergies, Test Results, Immunizations (vaccines), surgeries
➕ Educational content, soundscapes, quotes, built-in care plans, exercise & medication library
➕ Monitor progress in charts, logs & AI based trends
➕ Trusted by doctors

<strong>CUSTOMIZABLE</strong>
- Very little manual entry required, use AI + built-in suggestions
- Export PDF reports

<strong>👉🏻  Your Complete Health Planner</strong>

Essential for chronic illness and mental health, used for ADHD, Anxiety, Bipolar Disorder, Depression, Panic Attacks, PTSD, PMDD, Chronic Pain, Fibromyalgia, IBD, IBS, Diabetes, Rheumatoid Arthritis (RA), Multiple Sclerosis (MS), Chronic Fatigue (ME/CFS), POTS, Epilepsy, Vertigo, Cancer, Lupus, Psoriasis, IPF, Endometriosis, PCOS, Ehlers-Danlos Syndrome (EDS), MCAS, Dysautonomia, flu, food allergies, gut health, pregnancy symptoms, and other disorders.

Free to use forever or $5.99/m, $39.99/yr for power users. More bearable than using multiple apps. We're here to support as many people as possible with our symptom tracker. If you have concerns, email us.",CareClinic Tracker & Reminder,"100,000+",Chronic disease management,us, track mood,,TRUE
com.careclinicsoftware.careclinic,Symptom & Mood Tracker,2.81,Health & Fitness,0,TRUE,"<strong>✅  Take Control of Your Health. Track symptoms, medications & mood all from one App.</strong>

We are a <strong>clinically studied</strong> health tracker app that simplifies managing your chronic, mental, and overall health. Easily track your treatments to better understand how your or a loved one’s health is changing over time.

👩‍⚕️Designed with input from patients, parents, & medical experts from top US universities. Discover and monitor trends and easily share it all with your doctor and caregivers.

⭐ 1000’S of 5-STAR REVIEWS
""I love this health app! It lets me gain insights into how I am doing overall with just a few taps a day. I love that I can track all aspects of my treatment in one place."" -Nat

<strong>Why Use the CareClinic App?</strong>
- Your health data is encrypted, private and never shared without consent 🔐
- Our AI helps manage your health in just 5 minutes a day
- Unlock insights about your health with just a few check-ins
- Integrates well with wearables, Google Fit & works across devices

CareClinic is <u>more</u> than health <strong>symptom tracker</strong> app.

<strong>We Help You Simplify Your Health Journey</strong> - Build healthy habits and remain accountable
- Share data with your doctor, insurance, or employer
- See what works and get a correct diagnosis quicker

📲 <strong>Over 15 Trackers included</strong> (Toggle only the ones you need!)

🤒 <strong>Symptom Tracker</strong>
💊 <strong>Medication Tracker</strong> - For prescriptions, birth control, vitamins & supplements. Indicates interactions & synergies
❤️ <strong>Measurements</strong> - For vitals, blood pressure, blood sugar, weight, temperature/fever, pulse, or add a custom metric
📝 <strong>Health Journal</strong> - Freeform or guided with prompts
😀 <strong>Mood Tracker</strong> - Comes with a medical-grade assessment scale
🥗 <strong>Nutrition Tracker</strong> - Track micros, macros, calories or just log meals with a built-in database
☕️ <strong>Fluids</strong>
🚶‍♀️‍➡️ <strong>Activities </strong> - Track physical activities like walking, steps and exercises
⚠️ <strong>Factors</strong> - Environmental factors, social factors, more
🛌 <strong>Sleep Tracker</strong> - Try sleep sounds
🚽 <strong>Stool Tracker</strong> - Use the Bristol Stool Scale & Urine
📋 <strong>Assessments</strong> - Complete standardized medical questionnaires like the PHQ9, GAD7
⭕️ <strong>Cycle Tracker</strong> - Track your menstrual cycle, period, and ovulation and get predictions
🧘🏻 <strong>Therapies</strong>
☀️ <strong>Weather</strong> - Tracks automatically, helpful for those with migraines & mood

📲 <strong>And many Modules!</strong>

👪 <strong>Care Teams</strong>: Add your dependents and caregivers, share, nudge & view their data remotely
⏰ <strong>Reminders: </strong>Easily set reminders for pills, symptom check-ins, activity & more

➕ Store health Goals, Conditions (comorbidities), Allergies, Test Results, Immunizations (vaccines), surgeries
➕ Educational content, soundscapes, quotes, built-in care plans, exercise & medication library
➕ Monitor progress in charts, logs & AI based trends
➕ Trusted by doctors

<strong>CUSTOMIZABLE</strong>
- Very little manual entry required, use AI + built-in suggestions
- Export PDF reports

<strong>👉🏻  Your Complete Health Planner</strong>

Essential for chronic illness and mental health, used for ADHD, Anxiety, Bipolar Disorder, Depression, Panic Attacks, PTSD, PMDD, Chronic Pain, Fibromyalgia, IBD, IBS, Diabetes, Rheumatoid Arthritis (RA), Multiple Sclerosis (MS), Chronic Fatigue (ME/CFS), POTS, Epilepsy, Vertigo, Cancer, Lupus, Psoriasis, IPF, Endometriosis, PCOS, Ehlers-Danlos Syndrome (EDS), MCAS, Dysautonomia, flu, food allergies, gut health, pregnancy symptoms, and other disorders.

Free to use forever or $5.99/m, $39.99/yr for power users. More bearable than using multiple apps. We're here to support as many people as possible with our symptom tracker. If you have concerns, email us.",CareClinic Tracker & Reminder,"100,000+",Chronic disease management,us, clinically studied health tracker,,FALSE
com.careclinicsoftware.careclinic,Symptom & Mood Tracker,2.81,Health & Fitness,0,TRUE,"<strong>✅  Take Control of Your Health. Track symptoms, medications & mood all from one App.</strong>

We are a <strong>clinically studied</strong> health tracker app that simplifies managing your chronic, mental, and overall health. Easily track your treatments to better understand how your or a loved one’s health is changing over time.

👩‍⚕️Designed with input from patients, parents, & medical experts from top US universities. Discover and monitor trends and easily share it all with your doctor and caregivers.

⭐ 1000’S of 5-STAR REVIEWS
""I love this health app! It lets me gain insights into how I am doing overall with just a few taps a day. I love that I can track all aspects of my treatment in one place."" -Nat

<strong>Why Use the CareClinic App?</strong>
- Your health data is encrypted, private and never shared without consent 🔐
- Our AI helps manage your health in just 5 minutes a day
- Unlock insights about your health with just a few check-ins
- Integrates well with wearables, Google Fit & works across devices

CareClinic is <u>more</u> than health <strong>symptom tracker</strong> app.

<strong>We Help You Simplify Your Health Journey</strong> - Build healthy habits and remain accountable
- Share data with your doctor, insurance, or employer
- See what works and get a correct diagnosis quicker

📲 <strong>Over 15 Trackers included</strong> (Toggle only the ones you need!)

🤒 <strong>Symptom Tracker</strong>
💊 <strong>Medication Tracker</strong> - For prescriptions, birth control, vitamins & supplements. Indicates interactions & synergies
❤️ <strong>Measurements</strong> - For vitals, blood pressure, blood sugar, weight, temperature/fever, pulse, or add a custom metric
📝 <strong>Health Journal</strong> - Freeform or guided with prompts
😀 <strong>Mood Tracker</strong> - Comes with a medical-grade assessment scale
🥗 <strong>Nutrition Tracker</strong> - Track micros, macros, calories or just log meals with a built-in database
☕️ <strong>Fluids</strong>
🚶‍♀️‍➡️ <strong>Activities </strong> - Track physical activities like walking, steps and exercises
⚠️ <strong>Factors</strong> - Environmental factors, social factors, more
🛌 <strong>Sleep Tracker</strong> - Try sleep sounds
🚽 <strong>Stool Tracker</strong> - Use the Bristol Stool Scale & Urine
📋 <strong>Assessments</strong> - Complete standardized medical questionnaires like the PHQ9, GAD7
⭕️ <strong>Cycle Tracker</strong> - Track your menstrual cycle, period, and ovulation and get predictions
🧘🏻 <strong>Therapies</strong>
☀️ <strong>Weather</strong> - Tracks automatically, helpful for those with migraines & mood

📲 <strong>And many Modules!</strong>

👪 <strong>Care Teams</strong>: Add your dependents and caregivers, share, nudge & view their data remotely
⏰ <strong>Reminders: </strong>Easily set reminders for pills, symptom check-ins, activity & more

➕ Store health Goals, Conditions (comorbidities), Allergies, Test Results, Immunizations (vaccines), surgeries
➕ Educational content, soundscapes, quotes, built-in care plans, exercise & medication library
➕ Monitor progress in charts, logs & AI based trends
➕ Trusted by doctors

<strong>CUSTOMIZABLE</strong>
- Very little manual entry required, use AI + built-in suggestions
- Export PDF reports

<strong>👉🏻  Your Complete Health Planner</strong>

Essential for chronic illness and mental health, used for ADHD, Anxiety, Bipolar Disorder, Depression, Panic Attacks, PTSD, PMDD, Chronic Pain, Fibromyalgia, IBD, IBS, Diabetes, Rheumatoid Arthritis (RA), Multiple Sclerosis (MS), Chronic Fatigue (ME/CFS), POTS, Epilepsy, Vertigo, Cancer, Lupus, Psoriasis, IPF, Endometriosis, PCOS, Ehlers-Danlos Syndrome (EDS), MCAS, Dysautonomia, flu, food allergies, gut health, pregnancy symptoms, and other disorders.

Free to use forever or $5.99/m, $39.99/yr for power users. More bearable than using multiple apps. We're here to support as many people as possible with our symptom tracker. If you have concerns, email us.",CareClinic Tracker & Reminder,"100,000+",Chronic disease management,us, design with patient input,,TRUE
com.careclinicsoftware.careclinic,Symptom & Mood Tracker,2.81,Health & Fitness,0,TRUE,"<strong>✅  Take Control of Your Health. Track symptoms, medications & mood all from one App.</strong>

We are a <strong>clinically studied</strong> health tracker app that simplifies managing your chronic, mental, and overall health. Easily track your treatments to better understand how your or a loved one’s health is changing over time.

👩‍⚕️Designed with input from patients, parents, & medical experts from top US universities. Discover and monitor trends and easily share it all with your doctor and caregivers.

⭐ 1000’S of 5-STAR REVIEWS
""I love this health app! It lets me gain insights into how I am doing overall with just a few taps a day. I love that I can track all aspects of my treatment in one place."" -Nat

<strong>Why Use the CareClinic App?</strong>
- Your health data is encrypted, private and never shared without consent 🔐
- Our AI helps manage your health in just 5 minutes a day
- Unlock insights about your health with just a few check-ins
- Integrates well with wearables, Google Fit & works across devices

CareClinic is <u>more</u> than health <strong>symptom tracker</strong> app.

<strong>We Help You Simplify Your Health Journey</strong> - Build healthy habits and remain accountable
- Share data with your doctor, insurance, or employer
- See what works and get a correct diagnosis quicker

📲 <strong>Over 15 Trackers included</strong> (Toggle only the ones you need!)

🤒 <strong>Symptom Tracker</strong>
💊 <strong>Medication Tracker</strong> - For prescriptions, birth control, vitamins & supplements. Indicates interactions & synergies
❤️ <strong>Measurements</strong> - For vitals, blood pressure, blood sugar, weight, temperature/fever, pulse, or add a custom metric
📝 <strong>Health Journal</strong> - Freeform or guided with prompts
😀 <strong>Mood Tracker</strong> - Comes with a medical-grade assessment scale
🥗 <strong>Nutrition Tracker</strong> - Track micros, macros, calories or just log meals with a built-in database
☕️ <strong>Fluids</strong>
🚶‍♀️‍➡️ <strong>Activities </strong> - Track physical activities like walking, steps and exercises
⚠️ <strong>Factors</strong> - Environmental factors, social factors, more
🛌 <strong>Sleep Tracker</strong> - Try sleep sounds
🚽 <strong>Stool Tracker</strong> - Use the Bristol Stool Scale & Urine
📋 <strong>Assessments</strong> - Complete standardized medical questionnaires like the PHQ9, GAD7
⭕️ <strong>Cycle Tracker</strong> - Track your menstrual cycle, period, and ovulation and get predictions
🧘🏻 <strong>Therapies</strong>
☀️ <strong>Weather</strong> - Tracks automatically, helpful for those with migraines & mood

📲 <strong>And many Modules!</strong>

👪 <strong>Care Teams</strong>: Add your dependents and caregivers, share, nudge & view their data remotely
⏰ <strong>Reminders: </strong>Easily set reminders for pills, symptom check-ins, activity & more

➕ Store health Goals, Conditions (comorbidities), Allergies, Test Results, Immunizations (vaccines), surgeries
➕ Educational content, soundscapes, quotes, built-in care plans, exercise & medication library
➕ Monitor progress in charts, logs & AI based trends
➕ Trusted by doctors

<strong>CUSTOMIZABLE</strong>
- Very little manual entry required, use AI + built-in suggestions
- Export PDF reports

<strong>👉🏻  Your Complete Health Planner</strong>

Essential for chronic illness and mental health, used for ADHD, Anxiety, Bipolar Disorder, Depression, Panic Attacks, PTSD, PMDD, Chronic Pain, Fibromyalgia, IBD, IBS, Diabetes, Rheumatoid Arthritis (RA), Multiple Sclerosis (MS), Chronic Fatigue (ME/CFS), POTS, Epilepsy, Vertigo, Cancer, Lupus, Psoriasis, IPF, Endometriosis, PCOS, Ehlers-Danlos Syndrome (EDS), MCAS, Dysautonomia, flu, food allergies, gut health, pregnancy symptoms, and other disorders.

Free to use forever or $5.99/m, $39.99/yr for power users. More bearable than using multiple apps. We're here to support as many people as possible with our symptom tracker. If you have concerns, email us.",CareClinic Tracker & Reminder,"100,000+",Chronic disease management,us, 1000s of 5star reviews,,FALSE
com.careclinicsoftware.careclinic,Symptom & Mood Tracker,2.81,Health & Fitness,0,TRUE,"<strong>✅  Take Control of Your Health. Track symptoms, medications & mood all from one App.</strong>

We are a <strong>clinically studied</strong> health tracker app that simplifies managing your chronic, mental, and overall health. Easily track your treatments to better understand how your or a loved one’s health is changing over time.

👩‍⚕️Designed with input from patients, parents, & medical experts from top US universities. Discover and monitor trends and easily share it all with your doctor and caregivers.

⭐ 1000’S of 5-STAR REVIEWS
""I love this health app! It lets me gain insights into how I am doing overall with just a few taps a day. I love that I can track all aspects of my treatment in one place."" -Nat

<strong>Why Use the CareClinic App?</strong>
- Your health data is encrypted, private and never shared without consent 🔐
- Our AI helps manage your health in just 5 minutes a day
- Unlock insights about your health with just a few check-ins
- Integrates well with wearables, Google Fit & works across devices

CareClinic is <u>more</u> than health <strong>symptom tracker</strong> app.

<strong>We Help You Simplify Your Health Journey</strong> - Build healthy habits and remain accountable
- Share data with your doctor, insurance, or employer
- See what works and get a correct diagnosis quicker

📲 <strong>Over 15 Trackers included</strong> (Toggle only the ones you need!)

🤒 <strong>Symptom Tracker</strong>
💊 <strong>Medication Tracker</strong> - For prescriptions, birth control, vitamins & supplements. Indicates interactions & synergies
❤️ <strong>Measurements</strong> - For vitals, blood pressure, blood sugar, weight, temperature/fever, pulse, or add a custom metric
📝 <strong>Health Journal</strong> - Freeform or guided with prompts
😀 <strong>Mood Tracker</strong> - Comes with a medical-grade assessment scale
🥗 <strong>Nutrition Tracker</strong> - Track micros, macros, calories or just log meals with a built-in database
☕️ <strong>Fluids</strong>
🚶‍♀️‍➡️ <strong>Activities </strong> - Track physical activities like walking, steps and exercises
⚠️ <strong>Factors</strong> - Environmental factors, social factors, more
🛌 <strong>Sleep Tracker</strong> - Try sleep sounds
🚽 <strong>Stool Tracker</strong> - Use the Bristol Stool Scale & Urine
📋 <strong>Assessments</strong> - Complete standardized medical questionnaires like the PHQ9, GAD7
⭕️ <strong>Cycle Tracker</strong> - Track your menstrual cycle, period, and ovulation and get predictions
🧘🏻 <strong>Therapies</strong>
☀️ <strong>Weather</strong> - Tracks automatically, helpful for those with migraines & mood

📲 <strong>And many Modules!</strong>

👪 <strong>Care Teams</strong>: Add your dependents and caregivers, share, nudge & view their data remotely
⏰ <strong>Reminders: </strong>Easily set reminders for pills, symptom check-ins, activity & more

➕ Store health Goals, Conditions (comorbidities), Allergies, Test Results, Immunizations (vaccines), surgeries
➕ Educational content, soundscapes, quotes, built-in care plans, exercise & medication library
➕ Monitor progress in charts, logs & AI based trends
➕ Trusted by doctors

<strong>CUSTOMIZABLE</strong>
- Very little manual entry required, use AI + built-in suggestions
- Export PDF reports

<strong>👉🏻  Your Complete Health Planner</strong>

Essential for chronic illness and mental health, used for ADHD, Anxiety, Bipolar Disorder, Depression, Panic Attacks, PTSD, PMDD, Chronic Pain, Fibromyalgia, IBD, IBS, Diabetes, Rheumatoid Arthritis (RA), Multiple Sclerosis (MS), Chronic Fatigue (ME/CFS), POTS, Epilepsy, Vertigo, Cancer, Lupus, Psoriasis, IPF, Endometriosis, PCOS, Ehlers-Danlos Syndrome (EDS), MCAS, Dysautonomia, flu, food allergies, gut health, pregnancy symptoms, and other disorders.

Free to use forever or $5.99/m, $39.99/yr for power users. More bearable than using multiple apps. We're here to support as many people as possible with our symptom tracker. If you have concerns, email us.",CareClinic Tracker & Reminder,"100,000+",Chronic disease management,us, encrypted health data,,TRUE
com.careclinicsoftware.careclinic,Symptom & Mood Tracker,2.81,Health & Fitness,0,TRUE,"<strong>✅  Take Control of Your Health. Track symptoms, medications & mood all from one App.</strong>

We are a <strong>clinically studied</strong> health tracker app that simplifies managing your chronic, mental, and overall health. Easily track your treatments to better understand how your or a loved one’s health is changing over time.

👩‍⚕️Designed with input from patients, parents, & medical experts from top US universities. Discover and monitor trends and easily share it all with your doctor and caregivers.

⭐ 1000’S of 5-STAR REVIEWS
""I love this health app! It lets me gain insights into how I am doing overall with just a few taps a day. I love that I can track all aspects of my treatment in one place."" -Nat

<strong>Why Use the CareClinic App?</strong>
- Your health data is encrypted, private and never shared without consent 🔐
- Our AI helps manage your health in just 5 minutes a day
- Unlock insights about your health with just a few check-ins
- Integrates well with wearables, Google Fit & works across devices

CareClinic is <u>more</u> than health <strong>symptom tracker</strong> app.

<strong>We Help You Simplify Your Health Journey</strong> - Build healthy habits and remain accountable
- Share data with your doctor, insurance, or employer
- See what works and get a correct diagnosis quicker

📲 <strong>Over 15 Trackers included</strong> (Toggle only the ones you need!)

🤒 <strong>Symptom Tracker</strong>
💊 <strong>Medication Tracker</strong> - For prescriptions, birth control, vitamins & supplements. Indicates interactions & synergies
❤️ <strong>Measurements</strong> - For vitals, blood pressure, blood sugar, weight, temperature/fever, pulse, or add a custom metric
📝 <strong>Health Journal</strong> - Freeform or guided with prompts
😀 <strong>Mood Tracker</strong> - Comes with a medical-grade assessment scale
🥗 <strong>Nutrition Tracker</strong> - Track micros, macros, calories or just log meals with a built-in database
☕️ <strong>Fluids</strong>
🚶‍♀️‍➡️ <strong>Activities </strong> - Track physical activities like walking, steps and exercises
⚠️ <strong>Factors</strong> - Environmental factors, social factors, more
🛌 <strong>Sleep Tracker</strong> - Try sleep sounds
🚽 <strong>Stool Tracker</strong> - Use the Bristol Stool Scale & Urine
📋 <strong>Assessments</strong> - Complete standardized medical questionnaires like the PHQ9, GAD7
⭕️ <strong>Cycle Tracker</strong> - Track your menstrual cycle, period, and ovulation and get predictions
🧘🏻 <strong>Therapies</strong>
☀️ <strong>Weather</strong> - Tracks automatically, helpful for those with migraines & mood

📲 <strong>And many Modules!</strong>

👪 <strong>Care Teams</strong>: Add your dependents and caregivers, share, nudge & view their data remotely
⏰ <strong>Reminders: </strong>Easily set reminders for pills, symptom check-ins, activity & more

➕ Store health Goals, Conditions (comorbidities), Allergies, Test Results, Immunizations (vaccines), surgeries
➕ Educational content, soundscapes, quotes, built-in care plans, exercise & medication library
➕ Monitor progress in charts, logs & AI based trends
➕ Trusted by doctors

<strong>CUSTOMIZABLE</strong>
- Very little manual entry required, use AI + built-in suggestions
- Export PDF reports

<strong>👉🏻  Your Complete Health Planner</strong>

Essential for chronic illness and mental health, used for ADHD, Anxiety, Bipolar Disorder, Depression, Panic Attacks, PTSD, PMDD, Chronic Pain, Fibromyalgia, IBD, IBS, Diabetes, Rheumatoid Arthritis (RA), Multiple Sclerosis (MS), Chronic Fatigue (ME/CFS), POTS, Epilepsy, Vertigo, Cancer, Lupus, Psoriasis, IPF, Endometriosis, PCOS, Ehlers-Danlos Syndrome (EDS), MCAS, Dysautonomia, flu, food allergies, gut health, pregnancy symptoms, and other disorders.

Free to use forever or $5.99/m, $39.99/yr for power users. More bearable than using multiple apps. We're here to support as many people as possible with our symptom tracker. If you have concerns, email us.",CareClinic Tracker & Reminder,"100,000+",Chronic disease management,us, aipowered health management,,TRUE
com.careclinicsoftware.careclinic,Symptom & Mood Tracker,2.81,Health & Fitness,0,TRUE,"<strong>✅  Take Control of Your Health. Track symptoms, medications & mood all from one App.</strong>

We are a <strong>clinically studied</strong> health tracker app that simplifies managing your chronic, mental, and overall health. Easily track your treatments to better understand how your or a loved one’s health is changing over time.

👩‍⚕️Designed with input from patients, parents, & medical experts from top US universities. Discover and monitor trends and easily share it all with your doctor and caregivers.

⭐ 1000’S of 5-STAR REVIEWS
""I love this health app! It lets me gain insights into how I am doing overall with just a few taps a day. I love that I can track all aspects of my treatment in one place."" -Nat

<strong>Why Use the CareClinic App?</strong>
- Your health data is encrypted, private and never shared without consent 🔐
- Our AI helps manage your health in just 5 minutes a day
- Unlock insights about your health with just a few check-ins
- Integrates well with wearables, Google Fit & works across devices

CareClinic is <u>more</u> than health <strong>symptom tracker</strong> app.

<strong>We Help You Simplify Your Health Journey</strong> - Build healthy habits and remain accountable
- Share data with your doctor, insurance, or employer
- See what works and get a correct diagnosis quicker

📲 <strong>Over 15 Trackers included</strong> (Toggle only the ones you need!)

🤒 <strong>Symptom Tracker</strong>
💊 <strong>Medication Tracker</strong> - For prescriptions, birth control, vitamins & supplements. Indicates interactions & synergies
❤️ <strong>Measurements</strong> - For vitals, blood pressure, blood sugar, weight, temperature/fever, pulse, or add a custom metric
📝 <strong>Health Journal</strong> - Freeform or guided with prompts
😀 <strong>Mood Tracker</strong> - Comes with a medical-grade assessment scale
🥗 <strong>Nutrition Tracker</strong> - Track micros, macros, calories or just log meals with a built-in database
☕️ <strong>Fluids</strong>
🚶‍♀️‍➡️ <strong>Activities </strong> - Track physical activities like walking, steps and exercises
⚠️ <strong>Factors</strong> - Environmental factors, social factors, more
🛌 <strong>Sleep Tracker</strong> - Try sleep sounds
🚽 <strong>Stool Tracker</strong> - Use the Bristol Stool Scale & Urine
📋 <strong>Assessments</strong> - Complete standardized medical questionnaires like the PHQ9, GAD7
⭕️ <strong>Cycle Tracker</strong> - Track your menstrual cycle, period, and ovulation and get predictions
🧘🏻 <strong>Therapies</strong>
☀️ <strong>Weather</strong> - Tracks automatically, helpful for those with migraines & mood

📲 <strong>And many Modules!</strong>

👪 <strong>Care Teams</strong>: Add your dependents and caregivers, share, nudge & view their data remotely
⏰ <strong>Reminders: </strong>Easily set reminders for pills, symptom check-ins, activity & more

➕ Store health Goals, Conditions (comorbidities), Allergies, Test Results, Immunizations (vaccines), surgeries
➕ Educational content, soundscapes, quotes, built-in care plans, exercise & medication library
➕ Monitor progress in charts, logs & AI based trends
➕ Trusted by doctors

<strong>CUSTOMIZABLE</strong>
- Very little manual entry required, use AI + built-in suggestions
- Export PDF reports

<strong>👉🏻  Your Complete Health Planner</strong>

Essential for chronic illness and mental health, used for ADHD, Anxiety, Bipolar Disorder, Depression, Panic Attacks, PTSD, PMDD, Chronic Pain, Fibromyalgia, IBD, IBS, Diabetes, Rheumatoid Arthritis (RA), Multiple Sclerosis (MS), Chronic Fatigue (ME/CFS), POTS, Epilepsy, Vertigo, Cancer, Lupus, Psoriasis, IPF, Endometriosis, PCOS, Ehlers-Danlos Syndrome (EDS), MCAS, Dysautonomia, flu, food allergies, gut health, pregnancy symptoms, and other disorders.

Free to use forever or $5.99/m, $39.99/yr for power users. More bearable than using multiple apps. We're here to support as many people as possible with our symptom tracker. If you have concerns, email us.",CareClinic Tracker & Reminder,"100,000+",Chronic disease management,us, unlock health insights,,TRUE
com.careclinicsoftware.careclinic,Symptom & Mood Tracker,2.81,Health & Fitness,0,TRUE,"<strong>✅  Take Control of Your Health. Track symptoms, medications & mood all from one App.</strong>

We are a <strong>clinically studied</strong> health tracker app that simplifies managing your chronic, mental, and overall health. Easily track your treatments to better understand how your or a loved one’s health is changing over time.

👩‍⚕️Designed with input from patients, parents, & medical experts from top US universities. Discover and monitor trends and easily share it all with your doctor and caregivers.

⭐ 1000’S of 5-STAR REVIEWS
""I love this health app! It lets me gain insights into how I am doing overall with just a few taps a day. I love that I can track all aspects of my treatment in one place."" -Nat

<strong>Why Use the CareClinic App?</strong>
- Your health data is encrypted, private and never shared without consent 🔐
- Our AI helps manage your health in just 5 minutes a day
- Unlock insights about your health with just a few check-ins
- Integrates well with wearables, Google Fit & works across devices

CareClinic is <u>more</u> than health <strong>symptom tracker</strong> app.

<strong>We Help You Simplify Your Health Journey</strong> - Build healthy habits and remain accountable
- Share data with your doctor, insurance, or employer
- See what works and get a correct diagnosis quicker

📲 <strong>Over 15 Trackers included</strong> (Toggle only the ones you need!)

🤒 <strong>Symptom Tracker</strong>
💊 <strong>Medication Tracker</strong> - For prescriptions, birth control, vitamins & supplements. Indicates interactions & synergies
❤️ <strong>Measurements</strong> - For vitals, blood pressure, blood sugar, weight, temperature/fever, pulse, or add a custom metric
📝 <strong>Health Journal</strong> - Freeform or guided with prompts
😀 <strong>Mood Tracker</strong> - Comes with a medical-grade assessment scale
🥗 <strong>Nutrition Tracker</strong> - Track micros, macros, calories or just log meals with a built-in database
☕️ <strong>Fluids</strong>
🚶‍♀️‍➡️ <strong>Activities </strong> - Track physical activities like walking, steps and exercises
⚠️ <strong>Factors</strong> - Environmental factors, social factors, more
🛌 <strong>Sleep Tracker</strong> - Try sleep sounds
🚽 <strong>Stool Tracker</strong> - Use the Bristol Stool Scale & Urine
📋 <strong>Assessments</strong> - Complete standardized medical questionnaires like the PHQ9, GAD7
⭕️ <strong>Cycle Tracker</strong> - Track your menstrual cycle, period, and ovulation and get predictions
🧘🏻 <strong>Therapies</strong>
☀️ <strong>Weather</strong> - Tracks automatically, helpful for those with migraines & mood

📲 <strong>And many Modules!</strong>

👪 <strong>Care Teams</strong>: Add your dependents and caregivers, share, nudge & view their data remotely
⏰ <strong>Reminders: </strong>Easily set reminders for pills, symptom check-ins, activity & more

➕ Store health Goals, Conditions (comorbidities), Allergies, Test Results, Immunizations (vaccines), surgeries
➕ Educational content, soundscapes, quotes, built-in care plans, exercise & medication library
➕ Monitor progress in charts, logs & AI based trends
➕ Trusted by doctors

<strong>CUSTOMIZABLE</strong>
- Very little manual entry required, use AI + built-in suggestions
- Export PDF reports

<strong>👉🏻  Your Complete Health Planner</strong>

Essential for chronic illness and mental health, used for ADHD, Anxiety, Bipolar Disorder, Depression, Panic Attacks, PTSD, PMDD, Chronic Pain, Fibromyalgia, IBD, IBS, Diabetes, Rheumatoid Arthritis (RA), Multiple Sclerosis (MS), Chronic Fatigue (ME/CFS), POTS, Epilepsy, Vertigo, Cancer, Lupus, Psoriasis, IPF, Endometriosis, PCOS, Ehlers-Danlos Syndrome (EDS), MCAS, Dysautonomia, flu, food allergies, gut health, pregnancy symptoms, and other disorders.

Free to use forever or $5.99/m, $39.99/yr for power users. More bearable than using multiple apps. We're here to support as many people as possible with our symptom tracker. If you have concerns, email us.",CareClinic Tracker & Reminder,"100,000+",Chronic disease management,us, integrates with wearables,,TRUE
com.careclinicsoftware.careclinic,Symptom & Mood Tracker,2.81,Health & Fitness,0,TRUE,"<strong>✅  Take Control of Your Health. Track symptoms, medications & mood all from one App.</strong>

We are a <strong>clinically studied</strong> health tracker app that simplifies managing your chronic, mental, and overall health. Easily track your treatments to better understand how your or a loved one’s health is changing over time.

👩‍⚕️Designed with input from patients, parents, & medical experts from top US universities. Discover and monitor trends and easily share it all with your doctor and caregivers.

⭐ 1000’S of 5-STAR REVIEWS
""I love this health app! It lets me gain insights into how I am doing overall with just a few taps a day. I love that I can track all aspects of my treatment in one place."" -Nat

<strong>Why Use the CareClinic App?</strong>
- Your health data is encrypted, private and never shared without consent 🔐
- Our AI helps manage your health in just 5 minutes a day
- Unlock insights about your health with just a few check-ins
- Integrates well with wearables, Google Fit & works across devices

CareClinic is <u>more</u> than health <strong>symptom tracker</strong> app.

<strong>We Help You Simplify Your Health Journey</strong> - Build healthy habits and remain accountable
- Share data with your doctor, insurance, or employer
- See what works and get a correct diagnosis quicker

📲 <strong>Over 15 Trackers included</strong> (Toggle only the ones you need!)

🤒 <strong>Symptom Tracker</strong>
💊 <strong>Medication Tracker</strong> - For prescriptions, birth control, vitamins & supplements. Indicates interactions & synergies
❤️ <strong>Measurements</strong> - For vitals, blood pressure, blood sugar, weight, temperature/fever, pulse, or add a custom metric
📝 <strong>Health Journal</strong> - Freeform or guided with prompts
😀 <strong>Mood Tracker</strong> - Comes with a medical-grade assessment scale
🥗 <strong>Nutrition Tracker</strong> - Track micros, macros, calories or just log meals with a built-in database
☕️ <strong>Fluids</strong>
🚶‍♀️‍➡️ <strong>Activities </strong> - Track physical activities like walking, steps and exercises
⚠️ <strong>Factors</strong> - Environmental factors, social factors, more
🛌 <strong>Sleep Tracker</strong> - Try sleep sounds
🚽 <strong>Stool Tracker</strong> - Use the Bristol Stool Scale & Urine
📋 <strong>Assessments</strong> - Complete standardized medical questionnaires like the PHQ9, GAD7
⭕️ <strong>Cycle Tracker</strong> - Track your menstrual cycle, period, and ovulation and get predictions
🧘🏻 <strong>Therapies</strong>
☀️ <strong>Weather</strong> - Tracks automatically, helpful for those with migraines & mood

📲 <strong>And many Modules!</strong>

👪 <strong>Care Teams</strong>: Add your dependents and caregivers, share, nudge & view their data remotely
⏰ <strong>Reminders: </strong>Easily set reminders for pills, symptom check-ins, activity & more

➕ Store health Goals, Conditions (comorbidities), Allergies, Test Results, Immunizations (vaccines), surgeries
➕ Educational content, soundscapes, quotes, built-in care plans, exercise & medication library
➕ Monitor progress in charts, logs & AI based trends
➕ Trusted by doctors

<strong>CUSTOMIZABLE</strong>
- Very little manual entry required, use AI + built-in suggestions
- Export PDF reports

<strong>👉🏻  Your Complete Health Planner</strong>

Essential for chronic illness and mental health, used for ADHD, Anxiety, Bipolar Disorder, Depression, Panic Attacks, PTSD, PMDD, Chronic Pain, Fibromyalgia, IBD, IBS, Diabetes, Rheumatoid Arthritis (RA), Multiple Sclerosis (MS), Chronic Fatigue (ME/CFS), POTS, Epilepsy, Vertigo, Cancer, Lupus, Psoriasis, IPF, Endometriosis, PCOS, Ehlers-Danlos Syndrome (EDS), MCAS, Dysautonomia, flu, food allergies, gut health, pregnancy symptoms, and other disorders.

Free to use forever or $5.99/m, $39.99/yr for power users. More bearable than using multiple apps. We're here to support as many people as possible with our symptom tracker. If you have concerns, email us.",CareClinic Tracker & Reminder,"100,000+",Chronic disease management,us, customizable health tracking,,TRUE
com.careclinicsoftware.careclinic,Symptom & Mood Tracker,2.81,Health & Fitness,0,TRUE,"<strong>✅  Take Control of Your Health. Track symptoms, medications & mood all from one App.</strong>

We are a <strong>clinically studied</strong> health tracker app that simplifies managing your chronic, mental, and overall health. Easily track your treatments to better understand how your or a loved one’s health is changing over time.

👩‍⚕️Designed with input from patients, parents, & medical experts from top US universities. Discover and monitor trends and easily share it all with your doctor and caregivers.

⭐ 1000’S of 5-STAR REVIEWS
""I love this health app! It lets me gain insights into how I am doing overall with just a few taps a day. I love that I can track all aspects of my treatment in one place."" -Nat

<strong>Why Use the CareClinic App?</strong>
- Your health data is encrypted, private and never shared without consent 🔐
- Our AI helps manage your health in just 5 minutes a day
- Unlock insights about your health with just a few check-ins
- Integrates well with wearables, Google Fit & works across devices

CareClinic is <u>more</u> than health <strong>symptom tracker</strong> app.

<strong>We Help You Simplify Your Health Journey</strong> - Build healthy habits and remain accountable
- Share data with your doctor, insurance, or employer
- See what works and get a correct diagnosis quicker

📲 <strong>Over 15 Trackers included</strong> (Toggle only the ones you need!)

🤒 <strong>Symptom Tracker</strong>
💊 <strong>Medication Tracker</strong> - For prescriptions, birth control, vitamins & supplements. Indicates interactions & synergies
❤️ <strong>Measurements</strong> - For vitals, blood pressure, blood sugar, weight, temperature/fever, pulse, or add a custom metric
📝 <strong>Health Journal</strong> - Freeform or guided with prompts
😀 <strong>Mood Tracker</strong> - Comes with a medical-grade assessment scale
🥗 <strong>Nutrition Tracker</strong> - Track micros, macros, calories or just log meals with a built-in database
☕️ <strong>Fluids</strong>
🚶‍♀️‍➡️ <strong>Activities </strong> - Track physical activities like walking, steps and exercises
⚠️ <strong>Factors</strong> - Environmental factors, social factors, more
🛌 <strong>Sleep Tracker</strong> - Try sleep sounds
🚽 <strong>Stool Tracker</strong> - Use the Bristol Stool Scale & Urine
📋 <strong>Assessments</strong> - Complete standardized medical questionnaires like the PHQ9, GAD7
⭕️ <strong>Cycle Tracker</strong> - Track your menstrual cycle, period, and ovulation and get predictions
🧘🏻 <strong>Therapies</strong>
☀️ <strong>Weather</strong> - Tracks automatically, helpful for those with migraines & mood

📲 <strong>And many Modules!</strong>

👪 <strong>Care Teams</strong>: Add your dependents and caregivers, share, nudge & view their data remotely
⏰ <strong>Reminders: </strong>Easily set reminders for pills, symptom check-ins, activity & more

➕ Store health Goals, Conditions (comorbidities), Allergies, Test Results, Immunizations (vaccines), surgeries
➕ Educational content, soundscapes, quotes, built-in care plans, exercise & medication library
➕ Monitor progress in charts, logs & AI based trends
➕ Trusted by doctors

<strong>CUSTOMIZABLE</strong>
- Very little manual entry required, use AI + built-in suggestions
- Export PDF reports

<strong>👉🏻  Your Complete Health Planner</strong>

Essential for chronic illness and mental health, used for ADHD, Anxiety, Bipolar Disorder, Depression, Panic Attacks, PTSD, PMDD, Chronic Pain, Fibromyalgia, IBD, IBS, Diabetes, Rheumatoid Arthritis (RA), Multiple Sclerosis (MS), Chronic Fatigue (ME/CFS), POTS, Epilepsy, Vertigo, Cancer, Lupus, Psoriasis, IPF, Endometriosis, PCOS, Ehlers-Danlos Syndrome (EDS), MCAS, Dysautonomia, flu, food allergies, gut health, pregnancy symptoms, and other disorders.

Free to use forever or $5.99/m, $39.99/yr for power users. More bearable than using multiple apps. We're here to support as many people as possible with our symptom tracker. If you have concerns, email us.",CareClinic Tracker & Reminder,"100,000+",Chronic disease management,us, symptom tracker,,TRUE
com.careclinicsoftware.careclinic,Symptom & Mood Tracker,2.81,Health & Fitness,0,TRUE,"<strong>✅  Take Control of Your Health. Track symptoms, medications & mood all from one App.</strong>

We are a <strong>clinically studied</strong> health tracker app that simplifies managing your chronic, mental, and overall health. Easily track your treatments to better understand how your or a loved one’s health is changing over time.

👩‍⚕️Designed with input from patients, parents, & medical experts from top US universities. Discover and monitor trends and easily share it all with your doctor and caregivers.

⭐ 1000’S of 5-STAR REVIEWS
""I love this health app! It lets me gain insights into how I am doing overall with just a few taps a day. I love that I can track all aspects of my treatment in one place."" -Nat

<strong>Why Use the CareClinic App?</strong>
- Your health data is encrypted, private and never shared without consent 🔐
- Our AI helps manage your health in just 5 minutes a day
- Unlock insights about your health with just a few check-ins
- Integrates well with wearables, Google Fit & works across devices

CareClinic is <u>more</u> than health <strong>symptom tracker</strong> app.

<strong>We Help You Simplify Your Health Journey</strong> - Build healthy habits and remain accountable
- Share data with your doctor, insurance, or employer
- See what works and get a correct diagnosis quicker

📲 <strong>Over 15 Trackers included</strong> (Toggle only the ones you need!)

🤒 <strong>Symptom Tracker</strong>
💊 <strong>Medication Tracker</strong> - For prescriptions, birth control, vitamins & supplements. Indicates interactions & synergies
❤️ <strong>Measurements</strong> - For vitals, blood pressure, blood sugar, weight, temperature/fever, pulse, or add a custom metric
📝 <strong>Health Journal</strong> - Freeform or guided with prompts
😀 <strong>Mood Tracker</strong> - Comes with a medical-grade assessment scale
🥗 <strong>Nutrition Tracker</strong> - Track micros, macros, calories or just log meals with a built-in database
☕️ <strong>Fluids</strong>
🚶‍♀️‍➡️ <strong>Activities </strong> - Track physical activities like walking, steps and exercises
⚠️ <strong>Factors</strong> - Environmental factors, social factors, more
🛌 <strong>Sleep Tracker</strong> - Try sleep sounds
🚽 <strong>Stool Tracker</strong> - Use the Bristol Stool Scale & Urine
📋 <strong>Assessments</strong> - Complete standardized medical questionnaires like the PHQ9, GAD7
⭕️ <strong>Cycle Tracker</strong> - Track your menstrual cycle, period, and ovulation and get predictions
🧘🏻 <strong>Therapies</strong>
☀️ <strong>Weather</strong> - Tracks automatically, helpful for those with migraines & mood

📲 <strong>And many Modules!</strong>

👪 <strong>Care Teams</strong>: Add your dependents and caregivers, share, nudge & view their data remotely
⏰ <strong>Reminders: </strong>Easily set reminders for pills, symptom check-ins, activity & more

➕ Store health Goals, Conditions (comorbidities), Allergies, Test Results, Immunizations (vaccines), surgeries
➕ Educational content, soundscapes, quotes, built-in care plans, exercise & medication library
➕ Monitor progress in charts, logs & AI based trends
➕ Trusted by doctors

<strong>CUSTOMIZABLE</strong>
- Very little manual entry required, use AI + built-in suggestions
- Export PDF reports

<strong>👉🏻  Your Complete Health Planner</strong>

Essential for chronic illness and mental health, used for ADHD, Anxiety, Bipolar Disorder, Depression, Panic Attacks, PTSD, PMDD, Chronic Pain, Fibromyalgia, IBD, IBS, Diabetes, Rheumatoid Arthritis (RA), Multiple Sclerosis (MS), Chronic Fatigue (ME/CFS), POTS, Epilepsy, Vertigo, Cancer, Lupus, Psoriasis, IPF, Endometriosis, PCOS, Ehlers-Danlos Syndrome (EDS), MCAS, Dysautonomia, flu, food allergies, gut health, pregnancy symptoms, and other disorders.

Free to use forever or $5.99/m, $39.99/yr for power users. More bearable than using multiple apps. We're here to support as many people as possible with our symptom tracker. If you have concerns, email us.",CareClinic Tracker & Reminder,"100,000+",Chronic disease management,us, medication tracker,,TRUE
com.careclinicsoftware.careclinic,Symptom & Mood Tracker,2.81,Health & Fitness,0,TRUE,"<strong>✅  Take Control of Your Health. Track symptoms, medications & mood all from one App.</strong>

We are a <strong>clinically studied</strong> health tracker app that simplifies managing your chronic, mental, and overall health. Easily track your treatments to better understand how your or a loved one’s health is changing over time.

👩‍⚕️Designed with input from patients, parents, & medical experts from top US universities. Discover and monitor trends and easily share it all with your doctor and caregivers.

⭐ 1000’S of 5-STAR REVIEWS
""I love this health app! It lets me gain insights into how I am doing overall with just a few taps a day. I love that I can track all aspects of my treatment in one place."" -Nat

<strong>Why Use the CareClinic App?</strong>
- Your health data is encrypted, private and never shared without consent 🔐
- Our AI helps manage your health in just 5 minutes a day
- Unlock insights about your health with just a few check-ins
- Integrates well with wearables, Google Fit & works across devices

CareClinic is <u>more</u> than health <strong>symptom tracker</strong> app.

<strong>We Help You Simplify Your Health Journey</strong> - Build healthy habits and remain accountable
- Share data with your doctor, insurance, or employer
- See what works and get a correct diagnosis quicker

📲 <strong>Over 15 Trackers included</strong> (Toggle only the ones you need!)

🤒 <strong>Symptom Tracker</strong>
💊 <strong>Medication Tracker</strong> - For prescriptions, birth control, vitamins & supplements. Indicates interactions & synergies
❤️ <strong>Measurements</strong> - For vitals, blood pressure, blood sugar, weight, temperature/fever, pulse, or add a custom metric
📝 <strong>Health Journal</strong> - Freeform or guided with prompts
😀 <strong>Mood Tracker</strong> - Comes with a medical-grade assessment scale
🥗 <strong>Nutrition Tracker</strong> - Track micros, macros, calories or just log meals with a built-in database
☕️ <strong>Fluids</strong>
🚶‍♀️‍➡️ <strong>Activities </strong> - Track physical activities like walking, steps and exercises
⚠️ <strong>Factors</strong> - Environmental factors, social factors, more
🛌 <strong>Sleep Tracker</strong> - Try sleep sounds
🚽 <strong>Stool Tracker</strong> - Use the Bristol Stool Scale & Urine
📋 <strong>Assessments</strong> - Complete standardized medical questionnaires like the PHQ9, GAD7
⭕️ <strong>Cycle Tracker</strong> - Track your menstrual cycle, period, and ovulation and get predictions
🧘🏻 <strong>Therapies</strong>
☀️ <strong>Weather</strong> - Tracks automatically, helpful for those with migraines & mood

📲 <strong>And many Modules!</strong>

👪 <strong>Care Teams</strong>: Add your dependents and caregivers, share, nudge & view their data remotely
⏰ <strong>Reminders: </strong>Easily set reminders for pills, symptom check-ins, activity & more

➕ Store health Goals, Conditions (comorbidities), Allergies, Test Results, Immunizations (vaccines), surgeries
➕ Educational content, soundscapes, quotes, built-in care plans, exercise & medication library
➕ Monitor progress in charts, logs & AI based trends
➕ Trusted by doctors

<strong>CUSTOMIZABLE</strong>
- Very little manual entry required, use AI + built-in suggestions
- Export PDF reports

<strong>👉🏻  Your Complete Health Planner</strong>

Essential for chronic illness and mental health, used for ADHD, Anxiety, Bipolar Disorder, Depression, Panic Attacks, PTSD, PMDD, Chronic Pain, Fibromyalgia, IBD, IBS, Diabetes, Rheumatoid Arthritis (RA), Multiple Sclerosis (MS), Chronic Fatigue (ME/CFS), POTS, Epilepsy, Vertigo, Cancer, Lupus, Psoriasis, IPF, Endometriosis, PCOS, Ehlers-Danlos Syndrome (EDS), MCAS, Dysautonomia, flu, food allergies, gut health, pregnancy symptoms, and other disorders.

Free to use forever or $5.99/m, $39.99/yr for power users. More bearable than using multiple apps. We're here to support as many people as possible with our symptom tracker. If you have concerns, email us.",CareClinic Tracker & Reminder,"100,000+",Chronic disease management,us, measurements tracker,,TRUE
com.careclinicsoftware.careclinic,Symptom & Mood Tracker,2.81,Health & Fitness,0,TRUE,"<strong>✅  Take Control of Your Health. Track symptoms, medications & mood all from one App.</strong>

We are a <strong>clinically studied</strong> health tracker app that simplifies managing your chronic, mental, and overall health. Easily track your treatments to better understand how your or a loved one’s health is changing over time.

👩‍⚕️Designed with input from patients, parents, & medical experts from top US universities. Discover and monitor trends and easily share it all with your doctor and caregivers.

⭐ 1000’S of 5-STAR REVIEWS
""I love this health app! It lets me gain insights into how I am doing overall with just a few taps a day. I love that I can track all aspects of my treatment in one place."" -Nat

<strong>Why Use the CareClinic App?</strong>
- Your health data is encrypted, private and never shared without consent 🔐
- Our AI helps manage your health in just 5 minutes a day
- Unlock insights about your health with just a few check-ins
- Integrates well with wearables, Google Fit & works across devices

CareClinic is <u>more</u> than health <strong>symptom tracker</strong> app.

<strong>We Help You Simplify Your Health Journey</strong> - Build healthy habits and remain accountable
- Share data with your doctor, insurance, or employer
- See what works and get a correct diagnosis quicker

📲 <strong>Over 15 Trackers included</strong> (Toggle only the ones you need!)

🤒 <strong>Symptom Tracker</strong>
💊 <strong>Medication Tracker</strong> - For prescriptions, birth control, vitamins & supplements. Indicates interactions & synergies
❤️ <strong>Measurements</strong> - For vitals, blood pressure, blood sugar, weight, temperature/fever, pulse, or add a custom metric
📝 <strong>Health Journal</strong> - Freeform or guided with prompts
😀 <strong>Mood Tracker</strong> - Comes with a medical-grade assessment scale
🥗 <strong>Nutrition Tracker</strong> - Track micros, macros, calories or just log meals with a built-in database
☕️ <strong>Fluids</strong>
🚶‍♀️‍➡️ <strong>Activities </strong> - Track physical activities like walking, steps and exercises
⚠️ <strong>Factors</strong> - Environmental factors, social factors, more
🛌 <strong>Sleep Tracker</strong> - Try sleep sounds
🚽 <strong>Stool Tracker</strong> - Use the Bristol Stool Scale & Urine
📋 <strong>Assessments</strong> - Complete standardized medical questionnaires like the PHQ9, GAD7
⭕️ <strong>Cycle Tracker</strong> - Track your menstrual cycle, period, and ovulation and get predictions
🧘🏻 <strong>Therapies</strong>
☀️ <strong>Weather</strong> - Tracks automatically, helpful for those with migraines & mood

📲 <strong>And many Modules!</strong>

👪 <strong>Care Teams</strong>: Add your dependents and caregivers, share, nudge & view their data remotely
⏰ <strong>Reminders: </strong>Easily set reminders for pills, symptom check-ins, activity & more

➕ Store health Goals, Conditions (comorbidities), Allergies, Test Results, Immunizations (vaccines), surgeries
➕ Educational content, soundscapes, quotes, built-in care plans, exercise & medication library
➕ Monitor progress in charts, logs & AI based trends
➕ Trusted by doctors

<strong>CUSTOMIZABLE</strong>
- Very little manual entry required, use AI + built-in suggestions
- Export PDF reports

<strong>👉🏻  Your Complete Health Planner</strong>

Essential for chronic illness and mental health, used for ADHD, Anxiety, Bipolar Disorder, Depression, Panic Attacks, PTSD, PMDD, Chronic Pain, Fibromyalgia, IBD, IBS, Diabetes, Rheumatoid Arthritis (RA), Multiple Sclerosis (MS), Chronic Fatigue (ME/CFS), POTS, Epilepsy, Vertigo, Cancer, Lupus, Psoriasis, IPF, Endometriosis, PCOS, Ehlers-Danlos Syndrome (EDS), MCAS, Dysautonomia, flu, food allergies, gut health, pregnancy symptoms, and other disorders.

Free to use forever or $5.99/m, $39.99/yr for power users. More bearable than using multiple apps. We're here to support as many people as possible with our symptom tracker. If you have concerns, email us.",CareClinic Tracker & Reminder,"100,000+",Chronic disease management,us, health journal,,TRUE
com.careclinicsoftware.careclinic,Symptom & Mood Tracker,2.81,Health & Fitness,0,TRUE,"<strong>✅  Take Control of Your Health. Track symptoms, medications & mood all from one App.</strong>

We are a <strong>clinically studied</strong> health tracker app that simplifies managing your chronic, mental, and overall health. Easily track your treatments to better understand how your or a loved one’s health is changing over time.

👩‍⚕️Designed with input from patients, parents, & medical experts from top US universities. Discover and monitor trends and easily share it all with your doctor and caregivers.

⭐ 1000’S of 5-STAR REVIEWS
""I love this health app! It lets me gain insights into how I am doing overall with just a few taps a day. I love that I can track all aspects of my treatment in one place."" -Nat

<strong>Why Use the CareClinic App?</strong>
- Your health data is encrypted, private and never shared without consent 🔐
- Our AI helps manage your health in just 5 minutes a day
- Unlock insights about your health with just a few check-ins
- Integrates well with wearables, Google Fit & works across devices

CareClinic is <u>more</u> than health <strong>symptom tracker</strong> app.

<strong>We Help You Simplify Your Health Journey</strong> - Build healthy habits and remain accountable
- Share data with your doctor, insurance, or employer
- See what works and get a correct diagnosis quicker

📲 <strong>Over 15 Trackers included</strong> (Toggle only the ones you need!)

🤒 <strong>Symptom Tracker</strong>
💊 <strong>Medication Tracker</strong> - For prescriptions, birth control, vitamins & supplements. Indicates interactions & synergies
❤️ <strong>Measurements</strong> - For vitals, blood pressure, blood sugar, weight, temperature/fever, pulse, or add a custom metric
📝 <strong>Health Journal</strong> - Freeform or guided with prompts
😀 <strong>Mood Tracker</strong> - Comes with a medical-grade assessment scale
🥗 <strong>Nutrition Tracker</strong> - Track micros, macros, calories or just log meals with a built-in database
☕️ <strong>Fluids</strong>
🚶‍♀️‍➡️ <strong>Activities </strong> - Track physical activities like walking, steps and exercises
⚠️ <strong>Factors</strong> - Environmental factors, social factors, more
🛌 <strong>Sleep Tracker</strong> - Try sleep sounds
🚽 <strong>Stool Tracker</strong> - Use the Bristol Stool Scale & Urine
📋 <strong>Assessments</strong> - Complete standardized medical questionnaires like the PHQ9, GAD7
⭕️ <strong>Cycle Tracker</strong> - Track your menstrual cycle, period, and ovulation and get predictions
🧘🏻 <strong>Therapies</strong>
☀️ <strong>Weather</strong> - Tracks automatically, helpful for those with migraines & mood

📲 <strong>And many Modules!</strong>

👪 <strong>Care Teams</strong>: Add your dependents and caregivers, share, nudge & view their data remotely
⏰ <strong>Reminders: </strong>Easily set reminders for pills, symptom check-ins, activity & more

➕ Store health Goals, Conditions (comorbidities), Allergies, Test Results, Immunizations (vaccines), surgeries
➕ Educational content, soundscapes, quotes, built-in care plans, exercise & medication library
➕ Monitor progress in charts, logs & AI based trends
➕ Trusted by doctors

<strong>CUSTOMIZABLE</strong>
- Very little manual entry required, use AI + built-in suggestions
- Export PDF reports

<strong>👉🏻  Your Complete Health Planner</strong>

Essential for chronic illness and mental health, used for ADHD, Anxiety, Bipolar Disorder, Depression, Panic Attacks, PTSD, PMDD, Chronic Pain, Fibromyalgia, IBD, IBS, Diabetes, Rheumatoid Arthritis (RA), Multiple Sclerosis (MS), Chronic Fatigue (ME/CFS), POTS, Epilepsy, Vertigo, Cancer, Lupus, Psoriasis, IPF, Endometriosis, PCOS, Ehlers-Danlos Syndrome (EDS), MCAS, Dysautonomia, flu, food allergies, gut health, pregnancy symptoms, and other disorders.

Free to use forever or $5.99/m, $39.99/yr for power users. More bearable than using multiple apps. We're here to support as many people as possible with our symptom tracker. If you have concerns, email us.",CareClinic Tracker & Reminder,"100,000+",Chronic disease management,us, mood tracker,,TRUE
com.careclinicsoftware.careclinic,Symptom & Mood Tracker,2.81,Health & Fitness,0,TRUE,"<strong>✅  Take Control of Your Health. Track symptoms, medications & mood all from one App.</strong>

We are a <strong>clinically studied</strong> health tracker app that simplifies managing your chronic, mental, and overall health. Easily track your treatments to better understand how your or a loved one’s health is changing over time.

👩‍⚕️Designed with input from patients, parents, & medical experts from top US universities. Discover and monitor trends and easily share it all with your doctor and caregivers.

⭐ 1000’S of 5-STAR REVIEWS
""I love this health app! It lets me gain insights into how I am doing overall with just a few taps a day. I love that I can track all aspects of my treatment in one place."" -Nat

<strong>Why Use the CareClinic App?</strong>
- Your health data is encrypted, private and never shared without consent 🔐
- Our AI helps manage your health in just 5 minutes a day
- Unlock insights about your health with just a few check-ins
- Integrates well with wearables, Google Fit & works across devices

CareClinic is <u>more</u> than health <strong>symptom tracker</strong> app.

<strong>We Help You Simplify Your Health Journey</strong> - Build healthy habits and remain accountable
- Share data with your doctor, insurance, or employer
- See what works and get a correct diagnosis quicker

📲 <strong>Over 15 Trackers included</strong> (Toggle only the ones you need!)

🤒 <strong>Symptom Tracker</strong>
💊 <strong>Medication Tracker</strong> - For prescriptions, birth control, vitamins & supplements. Indicates interactions & synergies
❤️ <strong>Measurements</strong> - For vitals, blood pressure, blood sugar, weight, temperature/fever, pulse, or add a custom metric
📝 <strong>Health Journal</strong> - Freeform or guided with prompts
😀 <strong>Mood Tracker</strong> - Comes with a medical-grade assessment scale
🥗 <strong>Nutrition Tracker</strong> - Track micros, macros, calories or just log meals with a built-in database
☕️ <strong>Fluids</strong>
🚶‍♀️‍➡️ <strong>Activities </strong> - Track physical activities like walking, steps and exercises
⚠️ <strong>Factors</strong> - Environmental factors, social factors, more
🛌 <strong>Sleep Tracker</strong> - Try sleep sounds
🚽 <strong>Stool Tracker</strong> - Use the Bristol Stool Scale & Urine
📋 <strong>Assessments</strong> - Complete standardized medical questionnaires like the PHQ9, GAD7
⭕️ <strong>Cycle Tracker</strong> - Track your menstrual cycle, period, and ovulation and get predictions
🧘🏻 <strong>Therapies</strong>
☀️ <strong>Weather</strong> - Tracks automatically, helpful for those with migraines & mood

📲 <strong>And many Modules!</strong>

👪 <strong>Care Teams</strong>: Add your dependents and caregivers, share, nudge & view their data remotely
⏰ <strong>Reminders: </strong>Easily set reminders for pills, symptom check-ins, activity & more

➕ Store health Goals, Conditions (comorbidities), Allergies, Test Results, Immunizations (vaccines), surgeries
➕ Educational content, soundscapes, quotes, built-in care plans, exercise & medication library
➕ Monitor progress in charts, logs & AI based trends
➕ Trusted by doctors

<strong>CUSTOMIZABLE</strong>
- Very little manual entry required, use AI + built-in suggestions
- Export PDF reports

<strong>👉🏻  Your Complete Health Planner</strong>

Essential for chronic illness and mental health, used for ADHD, Anxiety, Bipolar Disorder, Depression, Panic Attacks, PTSD, PMDD, Chronic Pain, Fibromyalgia, IBD, IBS, Diabetes, Rheumatoid Arthritis (RA), Multiple Sclerosis (MS), Chronic Fatigue (ME/CFS), POTS, Epilepsy, Vertigo, Cancer, Lupus, Psoriasis, IPF, Endometriosis, PCOS, Ehlers-Danlos Syndrome (EDS), MCAS, Dysautonomia, flu, food allergies, gut health, pregnancy symptoms, and other disorders.

Free to use forever or $5.99/m, $39.99/yr for power users. More bearable than using multiple apps. We're here to support as many people as possible with our symptom tracker. If you have concerns, email us.",CareClinic Tracker & Reminder,"100,000+",Chronic disease management,us, nutrition tracker,,TRUE
com.careclinicsoftware.careclinic,Symptom & Mood Tracker,2.81,Health & Fitness,0,TRUE,"<strong>✅  Take Control of Your Health. Track symptoms, medications & mood all from one App.</strong>

We are a <strong>clinically studied</strong> health tracker app that simplifies managing your chronic, mental, and overall health. Easily track your treatments to better understand how your or a loved one’s health is changing over time.

👩‍⚕️Designed with input from patients, parents, & medical experts from top US universities. Discover and monitor trends and easily share it all with your doctor and caregivers.

⭐ 1000’S of 5-STAR REVIEWS
""I love this health app! It lets me gain insights into how I am doing overall with just a few taps a day. I love that I can track all aspects of my treatment in one place."" -Nat

<strong>Why Use the CareClinic App?</strong>
- Your health data is encrypted, private and never shared without consent 🔐
- Our AI helps manage your health in just 5 minutes a day
- Unlock insights about your health with just a few check-ins
- Integrates well with wearables, Google Fit & works across devices

CareClinic is <u>more</u> than health <strong>symptom tracker</strong> app.

<strong>We Help You Simplify Your Health Journey</strong> - Build healthy habits and remain accountable
- Share data with your doctor, insurance, or employer
- See what works and get a correct diagnosis quicker

📲 <strong>Over 15 Trackers included</strong> (Toggle only the ones you need!)

🤒 <strong>Symptom Tracker</strong>
💊 <strong>Medication Tracker</strong> - For prescriptions, birth control, vitamins & supplements. Indicates interactions & synergies
❤️ <strong>Measurements</strong> - For vitals, blood pressure, blood sugar, weight, temperature/fever, pulse, or add a custom metric
📝 <strong>Health Journal</strong> - Freeform or guided with prompts
😀 <strong>Mood Tracker</strong> - Comes with a medical-grade assessment scale
🥗 <strong>Nutrition Tracker</strong> - Track micros, macros, calories or just log meals with a built-in database
☕️ <strong>Fluids</strong>
🚶‍♀️‍➡️ <strong>Activities </strong> - Track physical activities like walking, steps and exercises
⚠️ <strong>Factors</strong> - Environmental factors, social factors, more
🛌 <strong>Sleep Tracker</strong> - Try sleep sounds
🚽 <strong>Stool Tracker</strong> - Use the Bristol Stool Scale & Urine
📋 <strong>Assessments</strong> - Complete standardized medical questionnaires like the PHQ9, GAD7
⭕️ <strong>Cycle Tracker</strong> - Track your menstrual cycle, period, and ovulation and get predictions
🧘🏻 <strong>Therapies</strong>
☀️ <strong>Weather</strong> - Tracks automatically, helpful for those with migraines & mood

📲 <strong>And many Modules!</strong>

👪 <strong>Care Teams</strong>: Add your dependents and caregivers, share, nudge & view their data remotely
⏰ <strong>Reminders: </strong>Easily set reminders for pills, symptom check-ins, activity & more

➕ Store health Goals, Conditions (comorbidities), Allergies, Test Results, Immunizations (vaccines), surgeries
➕ Educational content, soundscapes, quotes, built-in care plans, exercise & medication library
➕ Monitor progress in charts, logs & AI based trends
➕ Trusted by doctors

<strong>CUSTOMIZABLE</strong>
- Very little manual entry required, use AI + built-in suggestions
- Export PDF reports

<strong>👉🏻  Your Complete Health Planner</strong>

Essential for chronic illness and mental health, used for ADHD, Anxiety, Bipolar Disorder, Depression, Panic Attacks, PTSD, PMDD, Chronic Pain, Fibromyalgia, IBD, IBS, Diabetes, Rheumatoid Arthritis (RA), Multiple Sclerosis (MS), Chronic Fatigue (ME/CFS), POTS, Epilepsy, Vertigo, Cancer, Lupus, Psoriasis, IPF, Endometriosis, PCOS, Ehlers-Danlos Syndrome (EDS), MCAS, Dysautonomia, flu, food allergies, gut health, pregnancy symptoms, and other disorders.

Free to use forever or $5.99/m, $39.99/yr for power users. More bearable than using multiple apps. We're here to support as many people as possible with our symptom tracker. If you have concerns, email us.",CareClinic Tracker & Reminder,"100,000+",Chronic disease management,us, fluids tracker,,TRUE
com.careclinicsoftware.careclinic,Symptom & Mood Tracker,2.81,Health & Fitness,0,TRUE,"<strong>✅  Take Control of Your Health. Track symptoms, medications & mood all from one App.</strong>

We are a <strong>clinically studied</strong> health tracker app that simplifies managing your chronic, mental, and overall health. Easily track your treatments to better understand how your or a loved one’s health is changing over time.

👩‍⚕️Designed with input from patients, parents, & medical experts from top US universities. Discover and monitor trends and easily share it all with your doctor and caregivers.

⭐ 1000’S of 5-STAR REVIEWS
""I love this health app! It lets me gain insights into how I am doing overall with just a few taps a day. I love that I can track all aspects of my treatment in one place."" -Nat

<strong>Why Use the CareClinic App?</strong>
- Your health data is encrypted, private and never shared without consent 🔐
- Our AI helps manage your health in just 5 minutes a day
- Unlock insights about your health with just a few check-ins
- Integrates well with wearables, Google Fit & works across devices

CareClinic is <u>more</u> than health <strong>symptom tracker</strong> app.

<strong>We Help You Simplify Your Health Journey</strong> - Build healthy habits and remain accountable
- Share data with your doctor, insurance, or employer
- See what works and get a correct diagnosis quicker

📲 <strong>Over 15 Trackers included</strong> (Toggle only the ones you need!)

🤒 <strong>Symptom Tracker</strong>
💊 <strong>Medication Tracker</strong> - For prescriptions, birth control, vitamins & supplements. Indicates interactions & synergies
❤️ <strong>Measurements</strong> - For vitals, blood pressure, blood sugar, weight, temperature/fever, pulse, or add a custom metric
📝 <strong>Health Journal</strong> - Freeform or guided with prompts
😀 <strong>Mood Tracker</strong> - Comes with a medical-grade assessment scale
🥗 <strong>Nutrition Tracker</strong> - Track micros, macros, calories or just log meals with a built-in database
☕️ <strong>Fluids</strong>
🚶‍♀️‍➡️ <strong>Activities </strong> - Track physical activities like walking, steps and exercises
⚠️ <strong>Factors</strong> - Environmental factors, social factors, more
🛌 <strong>Sleep Tracker</strong> - Try sleep sounds
🚽 <strong>Stool Tracker</strong> - Use the Bristol Stool Scale & Urine
📋 <strong>Assessments</strong> - Complete standardized medical questionnaires like the PHQ9, GAD7
⭕️ <strong>Cycle Tracker</strong> - Track your menstrual cycle, period, and ovulation and get predictions
🧘🏻 <strong>Therapies</strong>
☀️ <strong>Weather</strong> - Tracks automatically, helpful for those with migraines & mood

📲 <strong>And many Modules!</strong>

👪 <strong>Care Teams</strong>: Add your dependents and caregivers, share, nudge & view their data remotely
⏰ <strong>Reminders: </strong>Easily set reminders for pills, symptom check-ins, activity & more

➕ Store health Goals, Conditions (comorbidities), Allergies, Test Results, Immunizations (vaccines), surgeries
➕ Educational content, soundscapes, quotes, built-in care plans, exercise & medication library
➕ Monitor progress in charts, logs & AI based trends
➕ Trusted by doctors

<strong>CUSTOMIZABLE</strong>
- Very little manual entry required, use AI + built-in suggestions
- Export PDF reports

<strong>👉🏻  Your Complete Health Planner</strong>

Essential for chronic illness and mental health, used for ADHD, Anxiety, Bipolar Disorder, Depression, Panic Attacks, PTSD, PMDD, Chronic Pain, Fibromyalgia, IBD, IBS, Diabetes, Rheumatoid Arthritis (RA), Multiple Sclerosis (MS), Chronic Fatigue (ME/CFS), POTS, Epilepsy, Vertigo, Cancer, Lupus, Psoriasis, IPF, Endometriosis, PCOS, Ehlers-Danlos Syndrome (EDS), MCAS, Dysautonomia, flu, food allergies, gut health, pregnancy symptoms, and other disorders.

Free to use forever or $5.99/m, $39.99/yr for power users. More bearable than using multiple apps. We're here to support as many people as possible with our symptom tracker. If you have concerns, email us.",CareClinic Tracker & Reminder,"100,000+",Chronic disease management,us, activities tracker,,TRUE
com.careclinicsoftware.careclinic,Symptom & Mood Tracker,2.81,Health & Fitness,0,TRUE,"<strong>✅  Take Control of Your Health. Track symptoms, medications & mood all from one App.</strong>

We are a <strong>clinically studied</strong> health tracker app that simplifies managing your chronic, mental, and overall health. Easily track your treatments to better understand how your or a loved one’s health is changing over time.

👩‍⚕️Designed with input from patients, parents, & medical experts from top US universities. Discover and monitor trends and easily share it all with your doctor and caregivers.

⭐ 1000’S of 5-STAR REVIEWS
""I love this health app! It lets me gain insights into how I am doing overall with just a few taps a day. I love that I can track all aspects of my treatment in one place."" -Nat

<strong>Why Use the CareClinic App?</strong>
- Your health data is encrypted, private and never shared without consent 🔐
- Our AI helps manage your health in just 5 minutes a day
- Unlock insights about your health with just a few check-ins
- Integrates well with wearables, Google Fit & works across devices

CareClinic is <u>more</u> than health <strong>symptom tracker</strong> app.

<strong>We Help You Simplify Your Health Journey</strong> - Build healthy habits and remain accountable
- Share data with your doctor, insurance, or employer
- See what works and get a correct diagnosis quicker

📲 <strong>Over 15 Trackers included</strong> (Toggle only the ones you need!)

🤒 <strong>Symptom Tracker</strong>
💊 <strong>Medication Tracker</strong> - For prescriptions, birth control, vitamins & supplements. Indicates interactions & synergies
❤️ <strong>Measurements</strong> - For vitals, blood pressure, blood sugar, weight, temperature/fever, pulse, or add a custom metric
📝 <strong>Health Journal</strong> - Freeform or guided with prompts
😀 <strong>Mood Tracker</strong> - Comes with a medical-grade assessment scale
🥗 <strong>Nutrition Tracker</strong> - Track micros, macros, calories or just log meals with a built-in database
☕️ <strong>Fluids</strong>
🚶‍♀️‍➡️ <strong>Activities </strong> - Track physical activities like walking, steps and exercises
⚠️ <strong>Factors</strong> - Environmental factors, social factors, more
🛌 <strong>Sleep Tracker</strong> - Try sleep sounds
🚽 <strong>Stool Tracker</strong> - Use the Bristol Stool Scale & Urine
📋 <strong>Assessments</strong> - Complete standardized medical questionnaires like the PHQ9, GAD7
⭕️ <strong>Cycle Tracker</strong> - Track your menstrual cycle, period, and ovulation and get predictions
🧘🏻 <strong>Therapies</strong>
☀️ <strong>Weather</strong> - Tracks automatically, helpful for those with migraines & mood

📲 <strong>And many Modules!</strong>

👪 <strong>Care Teams</strong>: Add your dependents and caregivers, share, nudge & view their data remotely
⏰ <strong>Reminders: </strong>Easily set reminders for pills, symptom check-ins, activity & more

➕ Store health Goals, Conditions (comorbidities), Allergies, Test Results, Immunizations (vaccines), surgeries
➕ Educational content, soundscapes, quotes, built-in care plans, exercise & medication library
➕ Monitor progress in charts, logs & AI based trends
➕ Trusted by doctors

<strong>CUSTOMIZABLE</strong>
- Very little manual entry required, use AI + built-in suggestions
- Export PDF reports

<strong>👉🏻  Your Complete Health Planner</strong>

Essential for chronic illness and mental health, used for ADHD, Anxiety, Bipolar Disorder, Depression, Panic Attacks, PTSD, PMDD, Chronic Pain, Fibromyalgia, IBD, IBS, Diabetes, Rheumatoid Arthritis (RA), Multiple Sclerosis (MS), Chronic Fatigue (ME/CFS), POTS, Epilepsy, Vertigo, Cancer, Lupus, Psoriasis, IPF, Endometriosis, PCOS, Ehlers-Danlos Syndrome (EDS), MCAS, Dysautonomia, flu, food allergies, gut health, pregnancy symptoms, and other disorders.

Free to use forever or $5.99/m, $39.99/yr for power users. More bearable than using multiple apps. We're here to support as many people as possible with our symptom tracker. If you have concerns, email us.",CareClinic Tracker & Reminder,"100,000+",Chronic disease management,us, factors tracker,,TRUE
com.careclinicsoftware.careclinic,Symptom & Mood Tracker,2.81,Health & Fitness,0,TRUE,"<strong>✅  Take Control of Your Health. Track symptoms, medications & mood all from one App.</strong>

We are a <strong>clinically studied</strong> health tracker app that simplifies managing your chronic, mental, and overall health. Easily track your treatments to better understand how your or a loved one’s health is changing over time.

👩‍⚕️Designed with input from patients, parents, & medical experts from top US universities. Discover and monitor trends and easily share it all with your doctor and caregivers.

⭐ 1000’S of 5-STAR REVIEWS
""I love this health app! It lets me gain insights into how I am doing overall with just a few taps a day. I love that I can track all aspects of my treatment in one place."" -Nat

<strong>Why Use the CareClinic App?</strong>
- Your health data is encrypted, private and never shared without consent 🔐
- Our AI helps manage your health in just 5 minutes a day
- Unlock insights about your health with just a few check-ins
- Integrates well with wearables, Google Fit & works across devices

CareClinic is <u>more</u> than health <strong>symptom tracker</strong> app.

<strong>We Help You Simplify Your Health Journey</strong> - Build healthy habits and remain accountable
- Share data with your doctor, insurance, or employer
- See what works and get a correct diagnosis quicker

📲 <strong>Over 15 Trackers included</strong> (Toggle only the ones you need!)

🤒 <strong>Symptom Tracker</strong>
💊 <strong>Medication Tracker</strong> - For prescriptions, birth control, vitamins & supplements. Indicates interactions & synergies
❤️ <strong>Measurements</strong> - For vitals, blood pressure, blood sugar, weight, temperature/fever, pulse, or add a custom metric
📝 <strong>Health Journal</strong> - Freeform or guided with prompts
😀 <strong>Mood Tracker</strong> - Comes with a medical-grade assessment scale
🥗 <strong>Nutrition Tracker</strong> - Track micros, macros, calories or just log meals with a built-in database
☕️ <strong>Fluids</strong>
🚶‍♀️‍➡️ <strong>Activities </strong> - Track physical activities like walking, steps and exercises
⚠️ <strong>Factors</strong> - Environmental factors, social factors, more
🛌 <strong>Sleep Tracker</strong> - Try sleep sounds
🚽 <strong>Stool Tracker</strong> - Use the Bristol Stool Scale & Urine
📋 <strong>Assessments</strong> - Complete standardized medical questionnaires like the PHQ9, GAD7
⭕️ <strong>Cycle Tracker</strong> - Track your menstrual cycle, period, and ovulation and get predictions
🧘🏻 <strong>Therapies</strong>
☀️ <strong>Weather</strong> - Tracks automatically, helpful for those with migraines & mood

📲 <strong>And many Modules!</strong>

👪 <strong>Care Teams</strong>: Add your dependents and caregivers, share, nudge & view their data remotely
⏰ <strong>Reminders: </strong>Easily set reminders for pills, symptom check-ins, activity & more

➕ Store health Goals, Conditions (comorbidities), Allergies, Test Results, Immunizations (vaccines), surgeries
➕ Educational content, soundscapes, quotes, built-in care plans, exercise & medication library
➕ Monitor progress in charts, logs & AI based trends
➕ Trusted by doctors

<strong>CUSTOMIZABLE</strong>
- Very little manual entry required, use AI + built-in suggestions
- Export PDF reports

<strong>👉🏻  Your Complete Health Planner</strong>

Essential for chronic illness and mental health, used for ADHD, Anxiety, Bipolar Disorder, Depression, Panic Attacks, PTSD, PMDD, Chronic Pain, Fibromyalgia, IBD, IBS, Diabetes, Rheumatoid Arthritis (RA), Multiple Sclerosis (MS), Chronic Fatigue (ME/CFS), POTS, Epilepsy, Vertigo, Cancer, Lupus, Psoriasis, IPF, Endometriosis, PCOS, Ehlers-Danlos Syndrome (EDS), MCAS, Dysautonomia, flu, food allergies, gut health, pregnancy symptoms, and other disorders.

Free to use forever or $5.99/m, $39.99/yr for power users. More bearable than using multiple apps. We're here to support as many people as possible with our symptom tracker. If you have concerns, email us.",CareClinic Tracker & Reminder,"100,000+",Chronic disease management,us, sleep tracker,,TRUE
com.careclinicsoftware.careclinic,Symptom & Mood Tracker,2.81,Health & Fitness,0,TRUE,"<strong>✅  Take Control of Your Health. Track symptoms, medications & mood all from one App.</strong>

We are a <strong>clinically studied</strong> health tracker app that simplifies managing your chronic, mental, and overall health. Easily track your treatments to better understand how your or a loved one’s health is changing over time.

👩‍⚕️Designed with input from patients, parents, & medical experts from top US universities. Discover and monitor trends and easily share it all with your doctor and caregivers.

⭐ 1000’S of 5-STAR REVIEWS
""I love this health app! It lets me gain insights into how I am doing overall with just a few taps a day. I love that I can track all aspects of my treatment in one place."" -Nat

<strong>Why Use the CareClinic App?</strong>
- Your health data is encrypted, private and never shared without consent 🔐
- Our AI helps manage your health in just 5 minutes a day
- Unlock insights about your health with just a few check-ins
- Integrates well with wearables, Google Fit & works across devices

CareClinic is <u>more</u> than health <strong>symptom tracker</strong> app.

<strong>We Help You Simplify Your Health Journey</strong> - Build healthy habits and remain accountable
- Share data with your doctor, insurance, or employer
- See what works and get a correct diagnosis quicker

📲 <strong>Over 15 Trackers included</strong> (Toggle only the ones you need!)

🤒 <strong>Symptom Tracker</strong>
💊 <strong>Medication Tracker</strong> - For prescriptions, birth control, vitamins & supplements. Indicates interactions & synergies
❤️ <strong>Measurements</strong> - For vitals, blood pressure, blood sugar, weight, temperature/fever, pulse, or add a custom metric
📝 <strong>Health Journal</strong> - Freeform or guided with prompts
😀 <strong>Mood Tracker</strong> - Comes with a medical-grade assessment scale
🥗 <strong>Nutrition Tracker</strong> - Track micros, macros, calories or just log meals with a built-in database
☕️ <strong>Fluids</strong>
🚶‍♀️‍➡️ <strong>Activities </strong> - Track physical activities like walking, steps and exercises
⚠️ <strong>Factors</strong> - Environmental factors, social factors, more
🛌 <strong>Sleep Tracker</strong> - Try sleep sounds
🚽 <strong>Stool Tracker</strong> - Use the Bristol Stool Scale & Urine
📋 <strong>Assessments</strong> - Complete standardized medical questionnaires like the PHQ9, GAD7
⭕️ <strong>Cycle Tracker</strong> - Track your menstrual cycle, period, and ovulation and get predictions
🧘🏻 <strong>Therapies</strong>
☀️ <strong>Weather</strong> - Tracks automatically, helpful for those with migraines & mood

📲 <strong>And many Modules!</strong>

👪 <strong>Care Teams</strong>: Add your dependents and caregivers, share, nudge & view their data remotely
⏰ <strong>Reminders: </strong>Easily set reminders for pills, symptom check-ins, activity & more

➕ Store health Goals, Conditions (comorbidities), Allergies, Test Results, Immunizations (vaccines), surgeries
➕ Educational content, soundscapes, quotes, built-in care plans, exercise & medication library
➕ Monitor progress in charts, logs & AI based trends
➕ Trusted by doctors

<strong>CUSTOMIZABLE</strong>
- Very little manual entry required, use AI + built-in suggestions
- Export PDF reports

<strong>👉🏻  Your Complete Health Planner</strong>

Essential for chronic illness and mental health, used for ADHD, Anxiety, Bipolar Disorder, Depression, Panic Attacks, PTSD, PMDD, Chronic Pain, Fibromyalgia, IBD, IBS, Diabetes, Rheumatoid Arthritis (RA), Multiple Sclerosis (MS), Chronic Fatigue (ME/CFS), POTS, Epilepsy, Vertigo, Cancer, Lupus, Psoriasis, IPF, Endometriosis, PCOS, Ehlers-Danlos Syndrome (EDS), MCAS, Dysautonomia, flu, food allergies, gut health, pregnancy symptoms, and other disorders.

Free to use forever or $5.99/m, $39.99/yr for power users. More bearable than using multiple apps. We're here to support as many people as possible with our symptom tracker. If you have concerns, email us.",CareClinic Tracker & Reminder,"100,000+",Chronic disease management,us, stool tracker,,TRUE
com.careclinicsoftware.careclinic,Symptom & Mood Tracker,2.81,Health & Fitness,0,TRUE,"<strong>✅  Take Control of Your Health. Track symptoms, medications & mood all from one App.</strong>

We are a <strong>clinically studied</strong> health tracker app that simplifies managing your chronic, mental, and overall health. Easily track your treatments to better understand how your or a loved one’s health is changing over time.

👩‍⚕️Designed with input from patients, parents, & medical experts from top US universities. Discover and monitor trends and easily share it all with your doctor and caregivers.

⭐ 1000’S of 5-STAR REVIEWS
""I love this health app! It lets me gain insights into how I am doing overall with just a few taps a day. I love that I can track all aspects of my treatment in one place."" -Nat

<strong>Why Use the CareClinic App?</strong>
- Your health data is encrypted, private and never shared without consent 🔐
- Our AI helps manage your health in just 5 minutes a day
- Unlock insights about your health with just a few check-ins
- Integrates well with wearables, Google Fit & works across devices

CareClinic is <u>more</u> than health <strong>symptom tracker</strong> app.

<strong>We Help You Simplify Your Health Journey</strong> - Build healthy habits and remain accountable
- Share data with your doctor, insurance, or employer
- See what works and get a correct diagnosis quicker

📲 <strong>Over 15 Trackers included</strong> (Toggle only the ones you need!)

🤒 <strong>Symptom Tracker</strong>
💊 <strong>Medication Tracker</strong> - For prescriptions, birth control, vitamins & supplements. Indicates interactions & synergies
❤️ <strong>Measurements</strong> - For vitals, blood pressure, blood sugar, weight, temperature/fever, pulse, or add a custom metric
📝 <strong>Health Journal</strong> - Freeform or guided with prompts
😀 <strong>Mood Tracker</strong> - Comes with a medical-grade assessment scale
🥗 <strong>Nutrition Tracker</strong> - Track micros, macros, calories or just log meals with a built-in database
☕️ <strong>Fluids</strong>
🚶‍♀️‍➡️ <strong>Activities </strong> - Track physical activities like walking, steps and exercises
⚠️ <strong>Factors</strong> - Environmental factors, social factors, more
🛌 <strong>Sleep Tracker</strong> - Try sleep sounds
🚽 <strong>Stool Tracker</strong> - Use the Bristol Stool Scale & Urine
📋 <strong>Assessments</strong> - Complete standardized medical questionnaires like the PHQ9, GAD7
⭕️ <strong>Cycle Tracker</strong> - Track your menstrual cycle, period, and ovulation and get predictions
🧘🏻 <strong>Therapies</strong>
☀️ <strong>Weather</strong> - Tracks automatically, helpful for those with migraines & mood

📲 <strong>And many Modules!</strong>

👪 <strong>Care Teams</strong>: Add your dependents and caregivers, share, nudge & view their data remotely
⏰ <strong>Reminders: </strong>Easily set reminders for pills, symptom check-ins, activity & more

➕ Store health Goals, Conditions (comorbidities), Allergies, Test Results, Immunizations (vaccines), surgeries
➕ Educational content, soundscapes, quotes, built-in care plans, exercise & medication library
➕ Monitor progress in charts, logs & AI based trends
➕ Trusted by doctors

<strong>CUSTOMIZABLE</strong>
- Very little manual entry required, use AI + built-in suggestions
- Export PDF reports

<strong>👉🏻  Your Complete Health Planner</strong>

Essential for chronic illness and mental health, used for ADHD, Anxiety, Bipolar Disorder, Depression, Panic Attacks, PTSD, PMDD, Chronic Pain, Fibromyalgia, IBD, IBS, Diabetes, Rheumatoid Arthritis (RA), Multiple Sclerosis (MS), Chronic Fatigue (ME/CFS), POTS, Epilepsy, Vertigo, Cancer, Lupus, Psoriasis, IPF, Endometriosis, PCOS, Ehlers-Danlos Syndrome (EDS), MCAS, Dysautonomia, flu, food allergies, gut health, pregnancy symptoms, and other disorders.

Free to use forever or $5.99/m, $39.99/yr for power users. More bearable than using multiple apps. We're here to support as many people as possible with our symptom tracker. If you have concerns, email us.",CareClinic Tracker & Reminder,"100,000+",Chronic disease management,us, assessments tracker,,TRUE
com.careclinicsoftware.careclinic,Symptom & Mood Tracker,2.81,Health & Fitness,0,TRUE,"<strong>✅  Take Control of Your Health. Track symptoms, medications & mood all from one App.</strong>

We are a <strong>clinically studied</strong> health tracker app that simplifies managing your chronic, mental, and overall health. Easily track your treatments to better understand how your or a loved one’s health is changing over time.

👩‍⚕️Designed with input from patients, parents, & medical experts from top US universities. Discover and monitor trends and easily share it all with your doctor and caregivers.

⭐ 1000’S of 5-STAR REVIEWS
""I love this health app! It lets me gain insights into how I am doing overall with just a few taps a day. I love that I can track all aspects of my treatment in one place."" -Nat

<strong>Why Use the CareClinic App?</strong>
- Your health data is encrypted, private and never shared without consent 🔐
- Our AI helps manage your health in just 5 minutes a day
- Unlock insights about your health with just a few check-ins
- Integrates well with wearables, Google Fit & works across devices

CareClinic is <u>more</u> than health <strong>symptom tracker</strong> app.

<strong>We Help You Simplify Your Health Journey</strong> - Build healthy habits and remain accountable
- Share data with your doctor, insurance, or employer
- See what works and get a correct diagnosis quicker

📲 <strong>Over 15 Trackers included</strong> (Toggle only the ones you need!)

🤒 <strong>Symptom Tracker</strong>
💊 <strong>Medication Tracker</strong> - For prescriptions, birth control, vitamins & supplements. Indicates interactions & synergies
❤️ <strong>Measurements</strong> - For vitals, blood pressure, blood sugar, weight, temperature/fever, pulse, or add a custom metric
📝 <strong>Health Journal</strong> - Freeform or guided with prompts
😀 <strong>Mood Tracker</strong> - Comes with a medical-grade assessment scale
🥗 <strong>Nutrition Tracker</strong> - Track micros, macros, calories or just log meals with a built-in database
☕️ <strong>Fluids</strong>
🚶‍♀️‍➡️ <strong>Activities </strong> - Track physical activities like walking, steps and exercises
⚠️ <strong>Factors</strong> - Environmental factors, social factors, more
🛌 <strong>Sleep Tracker</strong> - Try sleep sounds
🚽 <strong>Stool Tracker</strong> - Use the Bristol Stool Scale & Urine
📋 <strong>Assessments</strong> - Complete standardized medical questionnaires like the PHQ9, GAD7
⭕️ <strong>Cycle Tracker</strong> - Track your menstrual cycle, period, and ovulation and get predictions
🧘🏻 <strong>Therapies</strong>
☀️ <strong>Weather</strong> - Tracks automatically, helpful for those with migraines & mood

📲 <strong>And many Modules!</strong>

👪 <strong>Care Teams</strong>: Add your dependents and caregivers, share, nudge & view their data remotely
⏰ <strong>Reminders: </strong>Easily set reminders for pills, symptom check-ins, activity & more

➕ Store health Goals, Conditions (comorbidities), Allergies, Test Results, Immunizations (vaccines), surgeries
➕ Educational content, soundscapes, quotes, built-in care plans, exercise & medication library
➕ Monitor progress in charts, logs & AI based trends
➕ Trusted by doctors

<strong>CUSTOMIZABLE</strong>
- Very little manual entry required, use AI + built-in suggestions
- Export PDF reports

<strong>👉🏻  Your Complete Health Planner</strong>

Essential for chronic illness and mental health, used for ADHD, Anxiety, Bipolar Disorder, Depression, Panic Attacks, PTSD, PMDD, Chronic Pain, Fibromyalgia, IBD, IBS, Diabetes, Rheumatoid Arthritis (RA), Multiple Sclerosis (MS), Chronic Fatigue (ME/CFS), POTS, Epilepsy, Vertigo, Cancer, Lupus, Psoriasis, IPF, Endometriosis, PCOS, Ehlers-Danlos Syndrome (EDS), MCAS, Dysautonomia, flu, food allergies, gut health, pregnancy symptoms, and other disorders.

Free to use forever or $5.99/m, $39.99/yr for power users. More bearable than using multiple apps. We're here to support as many people as possible with our symptom tracker. If you have concerns, email us.",CareClinic Tracker & Reminder,"100,000+",Chronic disease management,us, cycle tracker,,TRUE
com.careclinicsoftware.careclinic,Symptom & Mood Tracker,2.81,Health & Fitness,0,TRUE,"<strong>✅  Take Control of Your Health. Track symptoms, medications & mood all from one App.</strong>

We are a <strong>clinically studied</strong> health tracker app that simplifies managing your chronic, mental, and overall health. Easily track your treatments to better understand how your or a loved one’s health is changing over time.

👩‍⚕️Designed with input from patients, parents, & medical experts from top US universities. Discover and monitor trends and easily share it all with your doctor and caregivers.

⭐ 1000’S of 5-STAR REVIEWS
""I love this health app! It lets me gain insights into how I am doing overall with just a few taps a day. I love that I can track all aspects of my treatment in one place."" -Nat

<strong>Why Use the CareClinic App?</strong>
- Your health data is encrypted, private and never shared without consent 🔐
- Our AI helps manage your health in just 5 minutes a day
- Unlock insights about your health with just a few check-ins
- Integrates well with wearables, Google Fit & works across devices

CareClinic is <u>more</u> than health <strong>symptom tracker</strong> app.

<strong>We Help You Simplify Your Health Journey</strong> - Build healthy habits and remain accountable
- Share data with your doctor, insurance, or employer
- See what works and get a correct diagnosis quicker

📲 <strong>Over 15 Trackers included</strong> (Toggle only the ones you need!)

🤒 <strong>Symptom Tracker</strong>
💊 <strong>Medication Tracker</strong> - For prescriptions, birth control, vitamins & supplements. Indicates interactions & synergies
❤️ <strong>Measurements</strong> - For vitals, blood pressure, blood sugar, weight, temperature/fever, pulse, or add a custom metric
📝 <strong>Health Journal</strong> - Freeform or guided with prompts
😀 <strong>Mood Tracker</strong> - Comes with a medical-grade assessment scale
🥗 <strong>Nutrition Tracker</strong> - Track micros, macros, calories or just log meals with a built-in database
☕️ <strong>Fluids</strong>
🚶‍♀️‍➡️ <strong>Activities </strong> - Track physical activities like walking, steps and exercises
⚠️ <strong>Factors</strong> - Environmental factors, social factors, more
🛌 <strong>Sleep Tracker</strong> - Try sleep sounds
🚽 <strong>Stool Tracker</strong> - Use the Bristol Stool Scale & Urine
📋 <strong>Assessments</strong> - Complete standardized medical questionnaires like the PHQ9, GAD7
⭕️ <strong>Cycle Tracker</strong> - Track your menstrual cycle, period, and ovulation and get predictions
🧘🏻 <strong>Therapies</strong>
☀️ <strong>Weather</strong> - Tracks automatically, helpful for those with migraines & mood

📲 <strong>And many Modules!</strong>

👪 <strong>Care Teams</strong>: Add your dependents and caregivers, share, nudge & view their data remotely
⏰ <strong>Reminders: </strong>Easily set reminders for pills, symptom check-ins, activity & more

➕ Store health Goals, Conditions (comorbidities), Allergies, Test Results, Immunizations (vaccines), surgeries
➕ Educational content, soundscapes, quotes, built-in care plans, exercise & medication library
➕ Monitor progress in charts, logs & AI based trends
➕ Trusted by doctors

<strong>CUSTOMIZABLE</strong>
- Very little manual entry required, use AI + built-in suggestions
- Export PDF reports

<strong>👉🏻  Your Complete Health Planner</strong>

Essential for chronic illness and mental health, used for ADHD, Anxiety, Bipolar Disorder, Depression, Panic Attacks, PTSD, PMDD, Chronic Pain, Fibromyalgia, IBD, IBS, Diabetes, Rheumatoid Arthritis (RA), Multiple Sclerosis (MS), Chronic Fatigue (ME/CFS), POTS, Epilepsy, Vertigo, Cancer, Lupus, Psoriasis, IPF, Endometriosis, PCOS, Ehlers-Danlos Syndrome (EDS), MCAS, Dysautonomia, flu, food allergies, gut health, pregnancy symptoms, and other disorders.

Free to use forever or $5.99/m, $39.99/yr for power users. More bearable than using multiple apps. We're here to support as many people as possible with our symptom tracker. If you have concerns, email us.",CareClinic Tracker & Reminder,"100,000+",Chronic disease management,us, therapies tracker,,TRUE
com.careclinicsoftware.careclinic,Symptom & Mood Tracker,2.81,Health & Fitness,0,TRUE,"<strong>✅  Take Control of Your Health. Track symptoms, medications & mood all from one App.</strong>

We are a <strong>clinically studied</strong> health tracker app that simplifies managing your chronic, mental, and overall health. Easily track your treatments to better understand how your or a loved one’s health is changing over time.

👩‍⚕️Designed with input from patients, parents, & medical experts from top US universities. Discover and monitor trends and easily share it all with your doctor and caregivers.

⭐ 1000’S of 5-STAR REVIEWS
""I love this health app! It lets me gain insights into how I am doing overall with just a few taps a day. I love that I can track all aspects of my treatment in one place."" -Nat

<strong>Why Use the CareClinic App?</strong>
- Your health data is encrypted, private and never shared without consent 🔐
- Our AI helps manage your health in just 5 minutes a day
- Unlock insights about your health with just a few check-ins
- Integrates well with wearables, Google Fit & works across devices

CareClinic is <u>more</u> than health <strong>symptom tracker</strong> app.

<strong>We Help You Simplify Your Health Journey</strong> - Build healthy habits and remain accountable
- Share data with your doctor, insurance, or employer
- See what works and get a correct diagnosis quicker

📲 <strong>Over 15 Trackers included</strong> (Toggle only the ones you need!)

🤒 <strong>Symptom Tracker</strong>
💊 <strong>Medication Tracker</strong> - For prescriptions, birth control, vitamins & supplements. Indicates interactions & synergies
❤️ <strong>Measurements</strong> - For vitals, blood pressure, blood sugar, weight, temperature/fever, pulse, or add a custom metric
📝 <strong>Health Journal</strong> - Freeform or guided with prompts
😀 <strong>Mood Tracker</strong> - Comes with a medical-grade assessment scale
🥗 <strong>Nutrition Tracker</strong> - Track micros, macros, calories or just log meals with a built-in database
☕️ <strong>Fluids</strong>
🚶‍♀️‍➡️ <strong>Activities </strong> - Track physical activities like walking, steps and exercises
⚠️ <strong>Factors</strong> - Environmental factors, social factors, more
🛌 <strong>Sleep Tracker</strong> - Try sleep sounds
🚽 <strong>Stool Tracker</strong> - Use the Bristol Stool Scale & Urine
📋 <strong>Assessments</strong> - Complete standardized medical questionnaires like the PHQ9, GAD7
⭕️ <strong>Cycle Tracker</strong> - Track your menstrual cycle, period, and ovulation and get predictions
🧘🏻 <strong>Therapies</strong>
☀️ <strong>Weather</strong> - Tracks automatically, helpful for those with migraines & mood

📲 <strong>And many Modules!</strong>

👪 <strong>Care Teams</strong>: Add your dependents and caregivers, share, nudge & view their data remotely
⏰ <strong>Reminders: </strong>Easily set reminders for pills, symptom check-ins, activity & more

➕ Store health Goals, Conditions (comorbidities), Allergies, Test Results, Immunizations (vaccines), surgeries
➕ Educational content, soundscapes, quotes, built-in care plans, exercise & medication library
➕ Monitor progress in charts, logs & AI based trends
➕ Trusted by doctors

<strong>CUSTOMIZABLE</strong>
- Very little manual entry required, use AI + built-in suggestions
- Export PDF reports

<strong>👉🏻  Your Complete Health Planner</strong>

Essential for chronic illness and mental health, used for ADHD, Anxiety, Bipolar Disorder, Depression, Panic Attacks, PTSD, PMDD, Chronic Pain, Fibromyalgia, IBD, IBS, Diabetes, Rheumatoid Arthritis (RA), Multiple Sclerosis (MS), Chronic Fatigue (ME/CFS), POTS, Epilepsy, Vertigo, Cancer, Lupus, Psoriasis, IPF, Endometriosis, PCOS, Ehlers-Danlos Syndrome (EDS), MCAS, Dysautonomia, flu, food allergies, gut health, pregnancy symptoms, and other disorders.

Free to use forever or $5.99/m, $39.99/yr for power users. More bearable than using multiple apps. We're here to support as many people as possible with our symptom tracker. If you have concerns, email us.",CareClinic Tracker & Reminder,"100,000+",Chronic disease management,us, weather tracker,,TRUE
com.careclinicsoftware.careclinic,Symptom & Mood Tracker,2.81,Health & Fitness,0,TRUE,"<strong>✅  Take Control of Your Health. Track symptoms, medications & mood all from one App.</strong>

We are a <strong>clinically studied</strong> health tracker app that simplifies managing your chronic, mental, and overall health. Easily track your treatments to better understand how your or a loved one’s health is changing over time.

👩‍⚕️Designed with input from patients, parents, & medical experts from top US universities. Discover and monitor trends and easily share it all with your doctor and caregivers.

⭐ 1000’S of 5-STAR REVIEWS
""I love this health app! It lets me gain insights into how I am doing overall with just a few taps a day. I love that I can track all aspects of my treatment in one place."" -Nat

<strong>Why Use the CareClinic App?</strong>
- Your health data is encrypted, private and never shared without consent 🔐
- Our AI helps manage your health in just 5 minutes a day
- Unlock insights about your health with just a few check-ins
- Integrates well with wearables, Google Fit & works across devices

CareClinic is <u>more</u> than health <strong>symptom tracker</strong> app.

<strong>We Help You Simplify Your Health Journey</strong> - Build healthy habits and remain accountable
- Share data with your doctor, insurance, or employer
- See what works and get a correct diagnosis quicker

📲 <strong>Over 15 Trackers included</strong> (Toggle only the ones you need!)

🤒 <strong>Symptom Tracker</strong>
💊 <strong>Medication Tracker</strong> - For prescriptions, birth control, vitamins & supplements. Indicates interactions & synergies
❤️ <strong>Measurements</strong> - For vitals, blood pressure, blood sugar, weight, temperature/fever, pulse, or add a custom metric
📝 <strong>Health Journal</strong> - Freeform or guided with prompts
😀 <strong>Mood Tracker</strong> - Comes with a medical-grade assessment scale
🥗 <strong>Nutrition Tracker</strong> - Track micros, macros, calories or just log meals with a built-in database
☕️ <strong>Fluids</strong>
🚶‍♀️‍➡️ <strong>Activities </strong> - Track physical activities like walking, steps and exercises
⚠️ <strong>Factors</strong> - Environmental factors, social factors, more
🛌 <strong>Sleep Tracker</strong> - Try sleep sounds
🚽 <strong>Stool Tracker</strong> - Use the Bristol Stool Scale & Urine
📋 <strong>Assessments</strong> - Complete standardized medical questionnaires like the PHQ9, GAD7
⭕️ <strong>Cycle Tracker</strong> - Track your menstrual cycle, period, and ovulation and get predictions
🧘🏻 <strong>Therapies</strong>
☀️ <strong>Weather</strong> - Tracks automatically, helpful for those with migraines & mood

📲 <strong>And many Modules!</strong>

👪 <strong>Care Teams</strong>: Add your dependents and caregivers, share, nudge & view their data remotely
⏰ <strong>Reminders: </strong>Easily set reminders for pills, symptom check-ins, activity & more

➕ Store health Goals, Conditions (comorbidities), Allergies, Test Results, Immunizations (vaccines), surgeries
➕ Educational content, soundscapes, quotes, built-in care plans, exercise & medication library
➕ Monitor progress in charts, logs & AI based trends
➕ Trusted by doctors

<strong>CUSTOMIZABLE</strong>
- Very little manual entry required, use AI + built-in suggestions
- Export PDF reports

<strong>👉🏻  Your Complete Health Planner</strong>

Essential for chronic illness and mental health, used for ADHD, Anxiety, Bipolar Disorder, Depression, Panic Attacks, PTSD, PMDD, Chronic Pain, Fibromyalgia, IBD, IBS, Diabetes, Rheumatoid Arthritis (RA), Multiple Sclerosis (MS), Chronic Fatigue (ME/CFS), POTS, Epilepsy, Vertigo, Cancer, Lupus, Psoriasis, IPF, Endometriosis, PCOS, Ehlers-Danlos Syndrome (EDS), MCAS, Dysautonomia, flu, food allergies, gut health, pregnancy symptoms, and other disorders.

Free to use forever or $5.99/m, $39.99/yr for power users. More bearable than using multiple apps. We're here to support as many people as possible with our symptom tracker. If you have concerns, email us.",CareClinic Tracker & Reminder,"100,000+",Chronic disease management,us, care teams,,TRUE
com.careclinicsoftware.careclinic,Symptom & Mood Tracker,2.81,Health & Fitness,0,TRUE,"<strong>✅  Take Control of Your Health. Track symptoms, medications & mood all from one App.</strong>

We are a <strong>clinically studied</strong> health tracker app that simplifies managing your chronic, mental, and overall health. Easily track your treatments to better understand how your or a loved one’s health is changing over time.

👩‍⚕️Designed with input from patients, parents, & medical experts from top US universities. Discover and monitor trends and easily share it all with your doctor and caregivers.

⭐ 1000’S of 5-STAR REVIEWS
""I love this health app! It lets me gain insights into how I am doing overall with just a few taps a day. I love that I can track all aspects of my treatment in one place."" -Nat

<strong>Why Use the CareClinic App?</strong>
- Your health data is encrypted, private and never shared without consent 🔐
- Our AI helps manage your health in just 5 minutes a day
- Unlock insights about your health with just a few check-ins
- Integrates well with wearables, Google Fit & works across devices

CareClinic is <u>more</u> than health <strong>symptom tracker</strong> app.

<strong>We Help You Simplify Your Health Journey</strong> - Build healthy habits and remain accountable
- Share data with your doctor, insurance, or employer
- See what works and get a correct diagnosis quicker

📲 <strong>Over 15 Trackers included</strong> (Toggle only the ones you need!)

🤒 <strong>Symptom Tracker</strong>
💊 <strong>Medication Tracker</strong> - For prescriptions, birth control, vitamins & supplements. Indicates interactions & synergies
❤️ <strong>Measurements</strong> - For vitals, blood pressure, blood sugar, weight, temperature/fever, pulse, or add a custom metric
📝 <strong>Health Journal</strong> - Freeform or guided with prompts
😀 <strong>Mood Tracker</strong> - Comes with a medical-grade assessment scale
🥗 <strong>Nutrition Tracker</strong> - Track micros, macros, calories or just log meals with a built-in database
☕️ <strong>Fluids</strong>
🚶‍♀️‍➡️ <strong>Activities </strong> - Track physical activities like walking, steps and exercises
⚠️ <strong>Factors</strong> - Environmental factors, social factors, more
🛌 <strong>Sleep Tracker</strong> - Try sleep sounds
🚽 <strong>Stool Tracker</strong> - Use the Bristol Stool Scale & Urine
📋 <strong>Assessments</strong> - Complete standardized medical questionnaires like the PHQ9, GAD7
⭕️ <strong>Cycle Tracker</strong> - Track your menstrual cycle, period, and ovulation and get predictions
🧘🏻 <strong>Therapies</strong>
☀️ <strong>Weather</strong> - Tracks automatically, helpful for those with migraines & mood

📲 <strong>And many Modules!</strong>

👪 <strong>Care Teams</strong>: Add your dependents and caregivers, share, nudge & view their data remotely
⏰ <strong>Reminders: </strong>Easily set reminders for pills, symptom check-ins, activity & more

➕ Store health Goals, Conditions (comorbidities), Allergies, Test Results, Immunizations (vaccines), surgeries
➕ Educational content, soundscapes, quotes, built-in care plans, exercise & medication library
➕ Monitor progress in charts, logs & AI based trends
➕ Trusted by doctors

<strong>CUSTOMIZABLE</strong>
- Very little manual entry required, use AI + built-in suggestions
- Export PDF reports

<strong>👉🏻  Your Complete Health Planner</strong>

Essential for chronic illness and mental health, used for ADHD, Anxiety, Bipolar Disorder, Depression, Panic Attacks, PTSD, PMDD, Chronic Pain, Fibromyalgia, IBD, IBS, Diabetes, Rheumatoid Arthritis (RA), Multiple Sclerosis (MS), Chronic Fatigue (ME/CFS), POTS, Epilepsy, Vertigo, Cancer, Lupus, Psoriasis, IPF, Endometriosis, PCOS, Ehlers-Danlos Syndrome (EDS), MCAS, Dysautonomia, flu, food allergies, gut health, pregnancy symptoms, and other disorders.

Free to use forever or $5.99/m, $39.99/yr for power users. More bearable than using multiple apps. We're here to support as many people as possible with our symptom tracker. If you have concerns, email us.",CareClinic Tracker & Reminder,"100,000+",Chronic disease management,us, reminders,,TRUE
com.careclinicsoftware.careclinic,Symptom & Mood Tracker,2.81,Health & Fitness,0,TRUE,"<strong>✅  Take Control of Your Health. Track symptoms, medications & mood all from one App.</strong>

We are a <strong>clinically studied</strong> health tracker app that simplifies managing your chronic, mental, and overall health. Easily track your treatments to better understand how your or a loved one’s health is changing over time.

👩‍⚕️Designed with input from patients, parents, & medical experts from top US universities. Discover and monitor trends and easily share it all with your doctor and caregivers.

⭐ 1000’S of 5-STAR REVIEWS
""I love this health app! It lets me gain insights into how I am doing overall with just a few taps a day. I love that I can track all aspects of my treatment in one place."" -Nat

<strong>Why Use the CareClinic App?</strong>
- Your health data is encrypted, private and never shared without consent 🔐
- Our AI helps manage your health in just 5 minutes a day
- Unlock insights about your health with just a few check-ins
- Integrates well with wearables, Google Fit & works across devices

CareClinic is <u>more</u> than health <strong>symptom tracker</strong> app.

<strong>We Help You Simplify Your Health Journey</strong> - Build healthy habits and remain accountable
- Share data with your doctor, insurance, or employer
- See what works and get a correct diagnosis quicker

📲 <strong>Over 15 Trackers included</strong> (Toggle only the ones you need!)

🤒 <strong>Symptom Tracker</strong>
💊 <strong>Medication Tracker</strong> - For prescriptions, birth control, vitamins & supplements. Indicates interactions & synergies
❤️ <strong>Measurements</strong> - For vitals, blood pressure, blood sugar, weight, temperature/fever, pulse, or add a custom metric
📝 <strong>Health Journal</strong> - Freeform or guided with prompts
😀 <strong>Mood Tracker</strong> - Comes with a medical-grade assessment scale
🥗 <strong>Nutrition Tracker</strong> - Track micros, macros, calories or just log meals with a built-in database
☕️ <strong>Fluids</strong>
🚶‍♀️‍➡️ <strong>Activities </strong> - Track physical activities like walking, steps and exercises
⚠️ <strong>Factors</strong> - Environmental factors, social factors, more
🛌 <strong>Sleep Tracker</strong> - Try sleep sounds
🚽 <strong>Stool Tracker</strong> - Use the Bristol Stool Scale & Urine
📋 <strong>Assessments</strong> - Complete standardized medical questionnaires like the PHQ9, GAD7
⭕️ <strong>Cycle Tracker</strong> - Track your menstrual cycle, period, and ovulation and get predictions
🧘🏻 <strong>Therapies</strong>
☀️ <strong>Weather</strong> - Tracks automatically, helpful for those with migraines & mood

📲 <strong>And many Modules!</strong>

👪 <strong>Care Teams</strong>: Add your dependents and caregivers, share, nudge & view their data remotely
⏰ <strong>Reminders: </strong>Easily set reminders for pills, symptom check-ins, activity & more

➕ Store health Goals, Conditions (comorbidities), Allergies, Test Results, Immunizations (vaccines), surgeries
➕ Educational content, soundscapes, quotes, built-in care plans, exercise & medication library
➕ Monitor progress in charts, logs & AI based trends
➕ Trusted by doctors

<strong>CUSTOMIZABLE</strong>
- Very little manual entry required, use AI + built-in suggestions
- Export PDF reports

<strong>👉🏻  Your Complete Health Planner</strong>

Essential for chronic illness and mental health, used for ADHD, Anxiety, Bipolar Disorder, Depression, Panic Attacks, PTSD, PMDD, Chronic Pain, Fibromyalgia, IBD, IBS, Diabetes, Rheumatoid Arthritis (RA), Multiple Sclerosis (MS), Chronic Fatigue (ME/CFS), POTS, Epilepsy, Vertigo, Cancer, Lupus, Psoriasis, IPF, Endometriosis, PCOS, Ehlers-Danlos Syndrome (EDS), MCAS, Dysautonomia, flu, food allergies, gut health, pregnancy symptoms, and other disorders.

Free to use forever or $5.99/m, $39.99/yr for power users. More bearable than using multiple apps. We're here to support as many people as possible with our symptom tracker. If you have concerns, email us.",CareClinic Tracker & Reminder,"100,000+",Chronic disease management,us, store health goals,,TRUE
com.careclinicsoftware.careclinic,Symptom & Mood Tracker,2.81,Health & Fitness,0,TRUE,"<strong>✅  Take Control of Your Health. Track symptoms, medications & mood all from one App.</strong>

We are a <strong>clinically studied</strong> health tracker app that simplifies managing your chronic, mental, and overall health. Easily track your treatments to better understand how your or a loved one’s health is changing over time.

👩‍⚕️Designed with input from patients, parents, & medical experts from top US universities. Discover and monitor trends and easily share it all with your doctor and caregivers.

⭐ 1000’S of 5-STAR REVIEWS
""I love this health app! It lets me gain insights into how I am doing overall with just a few taps a day. I love that I can track all aspects of my treatment in one place."" -Nat

<strong>Why Use the CareClinic App?</strong>
- Your health data is encrypted, private and never shared without consent 🔐
- Our AI helps manage your health in just 5 minutes a day
- Unlock insights about your health with just a few check-ins
- Integrates well with wearables, Google Fit & works across devices

CareClinic is <u>more</u> than health <strong>symptom tracker</strong> app.

<strong>We Help You Simplify Your Health Journey</strong> - Build healthy habits and remain accountable
- Share data with your doctor, insurance, or employer
- See what works and get a correct diagnosis quicker

📲 <strong>Over 15 Trackers included</strong> (Toggle only the ones you need!)

🤒 <strong>Symptom Tracker</strong>
💊 <strong>Medication Tracker</strong> - For prescriptions, birth control, vitamins & supplements. Indicates interactions & synergies
❤️ <strong>Measurements</strong> - For vitals, blood pressure, blood sugar, weight, temperature/fever, pulse, or add a custom metric
📝 <strong>Health Journal</strong> - Freeform or guided with prompts
😀 <strong>Mood Tracker</strong> - Comes with a medical-grade assessment scale
🥗 <strong>Nutrition Tracker</strong> - Track micros, macros, calories or just log meals with a built-in database
☕️ <strong>Fluids</strong>
🚶‍♀️‍➡️ <strong>Activities </strong> - Track physical activities like walking, steps and exercises
⚠️ <strong>Factors</strong> - Environmental factors, social factors, more
🛌 <strong>Sleep Tracker</strong> - Try sleep sounds
🚽 <strong>Stool Tracker</strong> - Use the Bristol Stool Scale & Urine
📋 <strong>Assessments</strong> - Complete standardized medical questionnaires like the PHQ9, GAD7
⭕️ <strong>Cycle Tracker</strong> - Track your menstrual cycle, period, and ovulation and get predictions
🧘🏻 <strong>Therapies</strong>
☀️ <strong>Weather</strong> - Tracks automatically, helpful for those with migraines & mood

📲 <strong>And many Modules!</strong>

👪 <strong>Care Teams</strong>: Add your dependents and caregivers, share, nudge & view their data remotely
⏰ <strong>Reminders: </strong>Easily set reminders for pills, symptom check-ins, activity & more

➕ Store health Goals, Conditions (comorbidities), Allergies, Test Results, Immunizations (vaccines), surgeries
➕ Educational content, soundscapes, quotes, built-in care plans, exercise & medication library
➕ Monitor progress in charts, logs & AI based trends
➕ Trusted by doctors

<strong>CUSTOMIZABLE</strong>
- Very little manual entry required, use AI + built-in suggestions
- Export PDF reports

<strong>👉🏻  Your Complete Health Planner</strong>

Essential for chronic illness and mental health, used for ADHD, Anxiety, Bipolar Disorder, Depression, Panic Attacks, PTSD, PMDD, Chronic Pain, Fibromyalgia, IBD, IBS, Diabetes, Rheumatoid Arthritis (RA), Multiple Sclerosis (MS), Chronic Fatigue (ME/CFS), POTS, Epilepsy, Vertigo, Cancer, Lupus, Psoriasis, IPF, Endometriosis, PCOS, Ehlers-Danlos Syndrome (EDS), MCAS, Dysautonomia, flu, food allergies, gut health, pregnancy symptoms, and other disorders.

Free to use forever or $5.99/m, $39.99/yr for power users. More bearable than using multiple apps. We're here to support as many people as possible with our symptom tracker. If you have concerns, email us.",CareClinic Tracker & Reminder,"100,000+",Chronic disease management,us, educational content,,TRUE
com.careclinicsoftware.careclinic,Symptom & Mood Tracker,2.81,Health & Fitness,0,TRUE,"<strong>✅  Take Control of Your Health. Track symptoms, medications & mood all from one App.</strong>

We are a <strong>clinically studied</strong> health tracker app that simplifies managing your chronic, mental, and overall health. Easily track your treatments to better understand how your or a loved one’s health is changing over time.

👩‍⚕️Designed with input from patients, parents, & medical experts from top US universities. Discover and monitor trends and easily share it all with your doctor and caregivers.

⭐ 1000’S of 5-STAR REVIEWS
""I love this health app! It lets me gain insights into how I am doing overall with just a few taps a day. I love that I can track all aspects of my treatment in one place."" -Nat

<strong>Why Use the CareClinic App?</strong>
- Your health data is encrypted, private and never shared without consent 🔐
- Our AI helps manage your health in just 5 minutes a day
- Unlock insights about your health with just a few check-ins
- Integrates well with wearables, Google Fit & works across devices

CareClinic is <u>more</u> than health <strong>symptom tracker</strong> app.

<strong>We Help You Simplify Your Health Journey</strong> - Build healthy habits and remain accountable
- Share data with your doctor, insurance, or employer
- See what works and get a correct diagnosis quicker

📲 <strong>Over 15 Trackers included</strong> (Toggle only the ones you need!)

🤒 <strong>Symptom Tracker</strong>
💊 <strong>Medication Tracker</strong> - For prescriptions, birth control, vitamins & supplements. Indicates interactions & synergies
❤️ <strong>Measurements</strong> - For vitals, blood pressure, blood sugar, weight, temperature/fever, pulse, or add a custom metric
📝 <strong>Health Journal</strong> - Freeform or guided with prompts
😀 <strong>Mood Tracker</strong> - Comes with a medical-grade assessment scale
🥗 <strong>Nutrition Tracker</strong> - Track micros, macros, calories or just log meals with a built-in database
☕️ <strong>Fluids</strong>
🚶‍♀️‍➡️ <strong>Activities </strong> - Track physical activities like walking, steps and exercises
⚠️ <strong>Factors</strong> - Environmental factors, social factors, more
🛌 <strong>Sleep Tracker</strong> - Try sleep sounds
🚽 <strong>Stool Tracker</strong> - Use the Bristol Stool Scale & Urine
📋 <strong>Assessments</strong> - Complete standardized medical questionnaires like the PHQ9, GAD7
⭕️ <strong>Cycle Tracker</strong> - Track your menstrual cycle, period, and ovulation and get predictions
🧘🏻 <strong>Therapies</strong>
☀️ <strong>Weather</strong> - Tracks automatically, helpful for those with migraines & mood

📲 <strong>And many Modules!</strong>

👪 <strong>Care Teams</strong>: Add your dependents and caregivers, share, nudge & view their data remotely
⏰ <strong>Reminders: </strong>Easily set reminders for pills, symptom check-ins, activity & more

➕ Store health Goals, Conditions (comorbidities), Allergies, Test Results, Immunizations (vaccines), surgeries
➕ Educational content, soundscapes, quotes, built-in care plans, exercise & medication library
➕ Monitor progress in charts, logs & AI based trends
➕ Trusted by doctors

<strong>CUSTOMIZABLE</strong>
- Very little manual entry required, use AI + built-in suggestions
- Export PDF reports

<strong>👉🏻  Your Complete Health Planner</strong>

Essential for chronic illness and mental health, used for ADHD, Anxiety, Bipolar Disorder, Depression, Panic Attacks, PTSD, PMDD, Chronic Pain, Fibromyalgia, IBD, IBS, Diabetes, Rheumatoid Arthritis (RA), Multiple Sclerosis (MS), Chronic Fatigue (ME/CFS), POTS, Epilepsy, Vertigo, Cancer, Lupus, Psoriasis, IPF, Endometriosis, PCOS, Ehlers-Danlos Syndrome (EDS), MCAS, Dysautonomia, flu, food allergies, gut health, pregnancy symptoms, and other disorders.

Free to use forever or $5.99/m, $39.99/yr for power users. More bearable than using multiple apps. We're here to support as many people as possible with our symptom tracker. If you have concerns, email us.",CareClinic Tracker & Reminder,"100,000+",Chronic disease management,us, export pdf reports,,TRUE
com.careclinicsoftware.careclinic,Symptom & Mood Tracker,2.81,Health & Fitness,0,TRUE,"<strong>✅  Take Control of Your Health. Track symptoms, medications & mood all from one App.</strong>

We are a <strong>clinically studied</strong> health tracker app that simplifies managing your chronic, mental, and overall health. Easily track your treatments to better understand how your or a loved one’s health is changing over time.

👩‍⚕️Designed with input from patients, parents, & medical experts from top US universities. Discover and monitor trends and easily share it all with your doctor and caregivers.

⭐ 1000’S of 5-STAR REVIEWS
""I love this health app! It lets me gain insights into how I am doing overall with just a few taps a day. I love that I can track all aspects of my treatment in one place."" -Nat

<strong>Why Use the CareClinic App?</strong>
- Your health data is encrypted, private and never shared without consent 🔐
- Our AI helps manage your health in just 5 minutes a day
- Unlock insights about your health with just a few check-ins
- Integrates well with wearables, Google Fit & works across devices

CareClinic is <u>more</u> than health <strong>symptom tracker</strong> app.

<strong>We Help You Simplify Your Health Journey</strong> - Build healthy habits and remain accountable
- Share data with your doctor, insurance, or employer
- See what works and get a correct diagnosis quicker

📲 <strong>Over 15 Trackers included</strong> (Toggle only the ones you need!)

🤒 <strong>Symptom Tracker</strong>
💊 <strong>Medication Tracker</strong> - For prescriptions, birth control, vitamins & supplements. Indicates interactions & synergies
❤️ <strong>Measurements</strong> - For vitals, blood pressure, blood sugar, weight, temperature/fever, pulse, or add a custom metric
📝 <strong>Health Journal</strong> - Freeform or guided with prompts
😀 <strong>Mood Tracker</strong> - Comes with a medical-grade assessment scale
🥗 <strong>Nutrition Tracker</strong> - Track micros, macros, calories or just log meals with a built-in database
☕️ <strong>Fluids</strong>
🚶‍♀️‍➡️ <strong>Activities </strong> - Track physical activities like walking, steps and exercises
⚠️ <strong>Factors</strong> - Environmental factors, social factors, more
🛌 <strong>Sleep Tracker</strong> - Try sleep sounds
🚽 <strong>Stool Tracker</strong> - Use the Bristol Stool Scale & Urine
📋 <strong>Assessments</strong> - Complete standardized medical questionnaires like the PHQ9, GAD7
⭕️ <strong>Cycle Tracker</strong> - Track your menstrual cycle, period, and ovulation and get predictions
🧘🏻 <strong>Therapies</strong>
☀️ <strong>Weather</strong> - Tracks automatically, helpful for those with migraines & mood

📲 <strong>And many Modules!</strong>

👪 <strong>Care Teams</strong>: Add your dependents and caregivers, share, nudge & view their data remotely
⏰ <strong>Reminders: </strong>Easily set reminders for pills, symptom check-ins, activity & more

➕ Store health Goals, Conditions (comorbidities), Allergies, Test Results, Immunizations (vaccines), surgeries
➕ Educational content, soundscapes, quotes, built-in care plans, exercise & medication library
➕ Monitor progress in charts, logs & AI based trends
➕ Trusted by doctors

<strong>CUSTOMIZABLE</strong>
- Very little manual entry required, use AI + built-in suggestions
- Export PDF reports

<strong>👉🏻  Your Complete Health Planner</strong>

Essential for chronic illness and mental health, used for ADHD, Anxiety, Bipolar Disorder, Depression, Panic Attacks, PTSD, PMDD, Chronic Pain, Fibromyalgia, IBD, IBS, Diabetes, Rheumatoid Arthritis (RA), Multiple Sclerosis (MS), Chronic Fatigue (ME/CFS), POTS, Epilepsy, Vertigo, Cancer, Lupus, Psoriasis, IPF, Endometriosis, PCOS, Ehlers-Danlos Syndrome (EDS), MCAS, Dysautonomia, flu, food allergies, gut health, pregnancy symptoms, and other disorders.

Free to use forever or $5.99/m, $39.99/yr for power users. More bearable than using multiple apps. We're here to support as many people as possible with our symptom tracker. If you have concerns, email us.",CareClinic Tracker & Reminder,"100,000+",Chronic disease management,us, build healthy habits,,TRUE
com.careclinicsoftware.careclinic,Symptom & Mood Tracker,2.81,Health & Fitness,0,TRUE,"<strong>✅  Take Control of Your Health. Track symptoms, medications & mood all from one App.</strong>

We are a <strong>clinically studied</strong> health tracker app that simplifies managing your chronic, mental, and overall health. Easily track your treatments to better understand how your or a loved one’s health is changing over time.

👩‍⚕️Designed with input from patients, parents, & medical experts from top US universities. Discover and monitor trends and easily share it all with your doctor and caregivers.

⭐ 1000’S of 5-STAR REVIEWS
""I love this health app! It lets me gain insights into how I am doing overall with just a few taps a day. I love that I can track all aspects of my treatment in one place."" -Nat

<strong>Why Use the CareClinic App?</strong>
- Your health data is encrypted, private and never shared without consent 🔐
- Our AI helps manage your health in just 5 minutes a day
- Unlock insights about your health with just a few check-ins
- Integrates well with wearables, Google Fit & works across devices

CareClinic is <u>more</u> than health <strong>symptom tracker</strong> app.

<strong>We Help You Simplify Your Health Journey</strong> - Build healthy habits and remain accountable
- Share data with your doctor, insurance, or employer
- See what works and get a correct diagnosis quicker

📲 <strong>Over 15 Trackers included</strong> (Toggle only the ones you need!)

🤒 <strong>Symptom Tracker</strong>
💊 <strong>Medication Tracker</strong> - For prescriptions, birth control, vitamins & supplements. Indicates interactions & synergies
❤️ <strong>Measurements</strong> - For vitals, blood pressure, blood sugar, weight, temperature/fever, pulse, or add a custom metric
📝 <strong>Health Journal</strong> - Freeform or guided with prompts
😀 <strong>Mood Tracker</strong> - Comes with a medical-grade assessment scale
🥗 <strong>Nutrition Tracker</strong> - Track micros, macros, calories or just log meals with a built-in database
☕️ <strong>Fluids</strong>
🚶‍♀️‍➡️ <strong>Activities </strong> - Track physical activities like walking, steps and exercises
⚠️ <strong>Factors</strong> - Environmental factors, social factors, more
🛌 <strong>Sleep Tracker</strong> - Try sleep sounds
🚽 <strong>Stool Tracker</strong> - Use the Bristol Stool Scale & Urine
📋 <strong>Assessments</strong> - Complete standardized medical questionnaires like the PHQ9, GAD7
⭕️ <strong>Cycle Tracker</strong> - Track your menstrual cycle, period, and ovulation and get predictions
🧘🏻 <strong>Therapies</strong>
☀️ <strong>Weather</strong> - Tracks automatically, helpful for those with migraines & mood

📲 <strong>And many Modules!</strong>

👪 <strong>Care Teams</strong>: Add your dependents and caregivers, share, nudge & view their data remotely
⏰ <strong>Reminders: </strong>Easily set reminders for pills, symptom check-ins, activity & more

➕ Store health Goals, Conditions (comorbidities), Allergies, Test Results, Immunizations (vaccines), surgeries
➕ Educational content, soundscapes, quotes, built-in care plans, exercise & medication library
➕ Monitor progress in charts, logs & AI based trends
➕ Trusted by doctors

<strong>CUSTOMIZABLE</strong>
- Very little manual entry required, use AI + built-in suggestions
- Export PDF reports

<strong>👉🏻  Your Complete Health Planner</strong>

Essential for chronic illness and mental health, used for ADHD, Anxiety, Bipolar Disorder, Depression, Panic Attacks, PTSD, PMDD, Chronic Pain, Fibromyalgia, IBD, IBS, Diabetes, Rheumatoid Arthritis (RA), Multiple Sclerosis (MS), Chronic Fatigue (ME/CFS), POTS, Epilepsy, Vertigo, Cancer, Lupus, Psoriasis, IPF, Endometriosis, PCOS, Ehlers-Danlos Syndrome (EDS), MCAS, Dysautonomia, flu, food allergies, gut health, pregnancy symptoms, and other disorders.

Free to use forever or $5.99/m, $39.99/yr for power users. More bearable than using multiple apps. We're here to support as many people as possible with our symptom tracker. If you have concerns, email us.",CareClinic Tracker & Reminder,"100,000+",Chronic disease management,us, share data with doctor,,TRUE
com.careclinicsoftware.careclinic,Symptom & Mood Tracker,2.81,Health & Fitness,0,TRUE,"<strong>✅  Take Control of Your Health. Track symptoms, medications & mood all from one App.</strong>

We are a <strong>clinically studied</strong> health tracker app that simplifies managing your chronic, mental, and overall health. Easily track your treatments to better understand how your or a loved one’s health is changing over time.

👩‍⚕️Designed with input from patients, parents, & medical experts from top US universities. Discover and monitor trends and easily share it all with your doctor and caregivers.

⭐ 1000’S of 5-STAR REVIEWS
""I love this health app! It lets me gain insights into how I am doing overall with just a few taps a day. I love that I can track all aspects of my treatment in one place."" -Nat

<strong>Why Use the CareClinic App?</strong>
- Your health data is encrypted, private and never shared without consent 🔐
- Our AI helps manage your health in just 5 minutes a day
- Unlock insights about your health with just a few check-ins
- Integrates well with wearables, Google Fit & works across devices

CareClinic is <u>more</u> than health <strong>symptom tracker</strong> app.

<strong>We Help You Simplify Your Health Journey</strong> - Build healthy habits and remain accountable
- Share data with your doctor, insurance, or employer
- See what works and get a correct diagnosis quicker

📲 <strong>Over 15 Trackers included</strong> (Toggle only the ones you need!)

🤒 <strong>Symptom Tracker</strong>
💊 <strong>Medication Tracker</strong> - For prescriptions, birth control, vitamins & supplements. Indicates interactions & synergies
❤️ <strong>Measurements</strong> - For vitals, blood pressure, blood sugar, weight, temperature/fever, pulse, or add a custom metric
📝 <strong>Health Journal</strong> - Freeform or guided with prompts
😀 <strong>Mood Tracker</strong> - Comes with a medical-grade assessment scale
🥗 <strong>Nutrition Tracker</strong> - Track micros, macros, calories or just log meals with a built-in database
☕️ <strong>Fluids</strong>
🚶‍♀️‍➡️ <strong>Activities </strong> - Track physical activities like walking, steps and exercises
⚠️ <strong>Factors</strong> - Environmental factors, social factors, more
🛌 <strong>Sleep Tracker</strong> - Try sleep sounds
🚽 <strong>Stool Tracker</strong> - Use the Bristol Stool Scale & Urine
📋 <strong>Assessments</strong> - Complete standardized medical questionnaires like the PHQ9, GAD7
⭕️ <strong>Cycle Tracker</strong> - Track your menstrual cycle, period, and ovulation and get predictions
🧘🏻 <strong>Therapies</strong>
☀️ <strong>Weather</strong> - Tracks automatically, helpful for those with migraines & mood

📲 <strong>And many Modules!</strong>

👪 <strong>Care Teams</strong>: Add your dependents and caregivers, share, nudge & view their data remotely
⏰ <strong>Reminders: </strong>Easily set reminders for pills, symptom check-ins, activity & more

➕ Store health Goals, Conditions (comorbidities), Allergies, Test Results, Immunizations (vaccines), surgeries
➕ Educational content, soundscapes, quotes, built-in care plans, exercise & medication library
➕ Monitor progress in charts, logs & AI based trends
➕ Trusted by doctors

<strong>CUSTOMIZABLE</strong>
- Very little manual entry required, use AI + built-in suggestions
- Export PDF reports

<strong>👉🏻  Your Complete Health Planner</strong>

Essential for chronic illness and mental health, used for ADHD, Anxiety, Bipolar Disorder, Depression, Panic Attacks, PTSD, PMDD, Chronic Pain, Fibromyalgia, IBD, IBS, Diabetes, Rheumatoid Arthritis (RA), Multiple Sclerosis (MS), Chronic Fatigue (ME/CFS), POTS, Epilepsy, Vertigo, Cancer, Lupus, Psoriasis, IPF, Endometriosis, PCOS, Ehlers-Danlos Syndrome (EDS), MCAS, Dysautonomia, flu, food allergies, gut health, pregnancy symptoms, and other disorders.

Free to use forever or $5.99/m, $39.99/yr for power users. More bearable than using multiple apps. We're here to support as many people as possible with our symptom tracker. If you have concerns, email us.",CareClinic Tracker & Reminder,"100,000+",Chronic disease management,us, see what works,,TRUE
com.careclinicsoftware.careclinic,Symptom & Mood Tracker,2.81,Health & Fitness,0,TRUE,"<strong>✅  Take Control of Your Health. Track symptoms, medications & mood all from one App.</strong>

We are a <strong>clinically studied</strong> health tracker app that simplifies managing your chronic, mental, and overall health. Easily track your treatments to better understand how your or a loved one’s health is changing over time.

👩‍⚕️Designed with input from patients, parents, & medical experts from top US universities. Discover and monitor trends and easily share it all with your doctor and caregivers.

⭐ 1000’S of 5-STAR REVIEWS
""I love this health app! It lets me gain insights into how I am doing overall with just a few taps a day. I love that I can track all aspects of my treatment in one place."" -Nat

<strong>Why Use the CareClinic App?</strong>
- Your health data is encrypted, private and never shared without consent 🔐
- Our AI helps manage your health in just 5 minutes a day
- Unlock insights about your health with just a few check-ins
- Integrates well with wearables, Google Fit & works across devices

CareClinic is <u>more</u> than health <strong>symptom tracker</strong> app.

<strong>We Help You Simplify Your Health Journey</strong> - Build healthy habits and remain accountable
- Share data with your doctor, insurance, or employer
- See what works and get a correct diagnosis quicker

📲 <strong>Over 15 Trackers included</strong> (Toggle only the ones you need!)

🤒 <strong>Symptom Tracker</strong>
💊 <strong>Medication Tracker</strong> - For prescriptions, birth control, vitamins & supplements. Indicates interactions & synergies
❤️ <strong>Measurements</strong> - For vitals, blood pressure, blood sugar, weight, temperature/fever, pulse, or add a custom metric
📝 <strong>Health Journal</strong> - Freeform or guided with prompts
😀 <strong>Mood Tracker</strong> - Comes with a medical-grade assessment scale
🥗 <strong>Nutrition Tracker</strong> - Track micros, macros, calories or just log meals with a built-in database
☕️ <strong>Fluids</strong>
🚶‍♀️‍➡️ <strong>Activities </strong> - Track physical activities like walking, steps and exercises
⚠️ <strong>Factors</strong> - Environmental factors, social factors, more
🛌 <strong>Sleep Tracker</strong> - Try sleep sounds
🚽 <strong>Stool Tracker</strong> - Use the Bristol Stool Scale & Urine
📋 <strong>Assessments</strong> - Complete standardized medical questionnaires like the PHQ9, GAD7
⭕️ <strong>Cycle Tracker</strong> - Track your menstrual cycle, period, and ovulation and get predictions
🧘🏻 <strong>Therapies</strong>
☀️ <strong>Weather</strong> - Tracks automatically, helpful for those with migraines & mood

📲 <strong>And many Modules!</strong>

👪 <strong>Care Teams</strong>: Add your dependents and caregivers, share, nudge & view their data remotely
⏰ <strong>Reminders: </strong>Easily set reminders for pills, symptom check-ins, activity & more

➕ Store health Goals, Conditions (comorbidities), Allergies, Test Results, Immunizations (vaccines), surgeries
➕ Educational content, soundscapes, quotes, built-in care plans, exercise & medication library
➕ Monitor progress in charts, logs & AI based trends
➕ Trusted by doctors

<strong>CUSTOMIZABLE</strong>
- Very little manual entry required, use AI + built-in suggestions
- Export PDF reports

<strong>👉🏻  Your Complete Health Planner</strong>

Essential for chronic illness and mental health, used for ADHD, Anxiety, Bipolar Disorder, Depression, Panic Attacks, PTSD, PMDD, Chronic Pain, Fibromyalgia, IBD, IBS, Diabetes, Rheumatoid Arthritis (RA), Multiple Sclerosis (MS), Chronic Fatigue (ME/CFS), POTS, Epilepsy, Vertigo, Cancer, Lupus, Psoriasis, IPF, Endometriosis, PCOS, Ehlers-Danlos Syndrome (EDS), MCAS, Dysautonomia, flu, food allergies, gut health, pregnancy symptoms, and other disorders.

Free to use forever or $5.99/m, $39.99/yr for power users. More bearable than using multiple apps. We're here to support as many people as possible with our symptom tracker. If you have concerns, email us.",CareClinic Tracker & Reminder,"100,000+",Chronic disease management,us, get correct diagnosis,,TRUE
com.careclinicsoftware.careclinic,Symptom & Mood Tracker,2.81,Health & Fitness,0,TRUE,"<strong>✅  Take Control of Your Health. Track symptoms, medications & mood all from one App.</strong>

We are a <strong>clinically studied</strong> health tracker app that simplifies managing your chronic, mental, and overall health. Easily track your treatments to better understand how your or a loved one’s health is changing over time.

👩‍⚕️Designed with input from patients, parents, & medical experts from top US universities. Discover and monitor trends and easily share it all with your doctor and caregivers.

⭐ 1000’S of 5-STAR REVIEWS
""I love this health app! It lets me gain insights into how I am doing overall with just a few taps a day. I love that I can track all aspects of my treatment in one place."" -Nat

<strong>Why Use the CareClinic App?</strong>
- Your health data is encrypted, private and never shared without consent 🔐
- Our AI helps manage your health in just 5 minutes a day
- Unlock insights about your health with just a few check-ins
- Integrates well with wearables, Google Fit & works across devices

CareClinic is <u>more</u> than health <strong>symptom tracker</strong> app.

<strong>We Help You Simplify Your Health Journey</strong> - Build healthy habits and remain accountable
- Share data with your doctor, insurance, or employer
- See what works and get a correct diagnosis quicker

📲 <strong>Over 15 Trackers included</strong> (Toggle only the ones you need!)

🤒 <strong>Symptom Tracker</strong>
💊 <strong>Medication Tracker</strong> - For prescriptions, birth control, vitamins & supplements. Indicates interactions & synergies
❤️ <strong>Measurements</strong> - For vitals, blood pressure, blood sugar, weight, temperature/fever, pulse, or add a custom metric
📝 <strong>Health Journal</strong> - Freeform or guided with prompts
😀 <strong>Mood Tracker</strong> - Comes with a medical-grade assessment scale
🥗 <strong>Nutrition Tracker</strong> - Track micros, macros, calories or just log meals with a built-in database
☕️ <strong>Fluids</strong>
🚶‍♀️‍➡️ <strong>Activities </strong> - Track physical activities like walking, steps and exercises
⚠️ <strong>Factors</strong> - Environmental factors, social factors, more
🛌 <strong>Sleep Tracker</strong> - Try sleep sounds
🚽 <strong>Stool Tracker</strong> - Use the Bristol Stool Scale & Urine
📋 <strong>Assessments</strong> - Complete standardized medical questionnaires like the PHQ9, GAD7
⭕️ <strong>Cycle Tracker</strong> - Track your menstrual cycle, period, and ovulation and get predictions
🧘🏻 <strong>Therapies</strong>
☀️ <strong>Weather</strong> - Tracks automatically, helpful for those with migraines & mood

📲 <strong>And many Modules!</strong>

👪 <strong>Care Teams</strong>: Add your dependents and caregivers, share, nudge & view their data remotely
⏰ <strong>Reminders: </strong>Easily set reminders for pills, symptom check-ins, activity & more

➕ Store health Goals, Conditions (comorbidities), Allergies, Test Results, Immunizations (vaccines), surgeries
➕ Educational content, soundscapes, quotes, built-in care plans, exercise & medication library
➕ Monitor progress in charts, logs & AI based trends
➕ Trusted by doctors

<strong>CUSTOMIZABLE</strong>
- Very little manual entry required, use AI + built-in suggestions
- Export PDF reports

<strong>👉🏻  Your Complete Health Planner</strong>

Essential for chronic illness and mental health, used for ADHD, Anxiety, Bipolar Disorder, Depression, Panic Attacks, PTSD, PMDD, Chronic Pain, Fibromyalgia, IBD, IBS, Diabetes, Rheumatoid Arthritis (RA), Multiple Sclerosis (MS), Chronic Fatigue (ME/CFS), POTS, Epilepsy, Vertigo, Cancer, Lupus, Psoriasis, IPF, Endometriosis, PCOS, Ehlers-Danlos Syndrome (EDS), MCAS, Dysautonomia, flu, food allergies, gut health, pregnancy symptoms, and other disorders.

Free to use forever or $5.99/m, $39.99/yr for power users. More bearable than using multiple apps. We're here to support as many people as possible with our symptom tracker. If you have concerns, email us.",CareClinic Tracker & Reminder,"100,000+",Chronic disease management,us, over 15 trackers included,,TRUE
com.yammobots.caremetelemedicine,Careme Patient,4.3333335,Medical,0,TRUE,Careme telemedicine application for patient,"Yammobots Co.,Ltd","10,000+",Patient engagement,us,telemedicine application for patients,,TRUE
co.well.wellapp,Well Digital,4.880682,Health & Fitness,0,TRUE,"Well is your personalized daily health partner.

With Well, you’re treated like a name instead of a number. Well works to understand you, then suggests the next step fit for you — while rewarding you every step of the way. Get your first bonus just for signing up.

With Well, you are…

- WELL known: We get you. Answer just a few questions and we’ll share the next thing you can do for your health. Personalized multi-day health journeys and “look ahead” suggestions, designed by our experts and suggested by Well’s advanced health engine. Well knows your next healthy step even before you do.

- WELL rewarded: Healthy is job one. So why not get paid to do it? Earn hundreds in rewards by taking simple, healthy steps. Celebrate the small wins, because they add up over time. And when you’re ready to cash in on your good work, choose gift cards from a wide variety of your favorite brands.

- WELL empowered: It’s easier to take that next step when you know the facts. Build confidence and momentum in your health journey with do-able tips that fit into your regular day and help move you towards your goals. With someone in your corner, you can get started on that new health routine.

- WELL guided: Every now and then, we all need a little human guidance. Need help understanding bills and coverage, healthcare navigation guidance, and finding and scheduling a local provider? You’ll be happy to know our Well Guide team does it live and on-demand. Does that sound like typical healthcare to you? 

What others are saying about Well:

- “It's not just about losing weight, getting exercise, or lowering blood pressure. It's about all of that. It’s about your overall health.” — Kim W.

- “Thank you so much for finding them (a urologist) for me! I’ll be able to stay within the group for all of my needs…Thank you again for your help!” — Pablo L.

- “I love the emphasis on mental health in the workplace, because for a very long time, all I did was work.” —  Hannah L.

- “Well is by far my favorite app on my phone.” — Mark D.

Learn more about us at well.co",Well Engineering Team,"10,000+",Digital health engagement,us,personalized daily health partner,,TRUE
co.well.wellapp,Well Digital,4.880682,Health & Fitness,0,TRUE,"Well is your personalized daily health partner.

With Well, you’re treated like a name instead of a number. Well works to understand you, then suggests the next step fit for you — while rewarding you every step of the way. Get your first bonus just for signing up.

With Well, you are…

- WELL known: We get you. Answer just a few questions and we’ll share the next thing you can do for your health. Personalized multi-day health journeys and “look ahead” suggestions, designed by our experts and suggested by Well’s advanced health engine. Well knows your next healthy step even before you do.

- WELL rewarded: Healthy is job one. So why not get paid to do it? Earn hundreds in rewards by taking simple, healthy steps. Celebrate the small wins, because they add up over time. And when you’re ready to cash in on your good work, choose gift cards from a wide variety of your favorite brands.

- WELL empowered: It’s easier to take that next step when you know the facts. Build confidence and momentum in your health journey with do-able tips that fit into your regular day and help move you towards your goals. With someone in your corner, you can get started on that new health routine.

- WELL guided: Every now and then, we all need a little human guidance. Need help understanding bills and coverage, healthcare navigation guidance, and finding and scheduling a local provider? You’ll be happy to know our Well Guide team does it live and on-demand. Does that sound like typical healthcare to you? 

What others are saying about Well:

- “It's not just about losing weight, getting exercise, or lowering blood pressure. It's about all of that. It’s about your overall health.” — Kim W.

- “Thank you so much for finding them (a urologist) for me! I’ll be able to stay within the group for all of my needs…Thank you again for your help!” — Pablo L.

- “I love the emphasis on mental health in the workplace, because for a very long time, all I did was work.” —  Hannah L.

- “Well is by far my favorite app on my phone.” — Mark D.

Learn more about us at well.co",Well Engineering Team,"10,000+",Digital health engagement,us, health journey planning,,TRUE
co.well.wellapp,Well Digital,4.880682,Health & Fitness,0,TRUE,"Well is your personalized daily health partner.

With Well, you’re treated like a name instead of a number. Well works to understand you, then suggests the next step fit for you — while rewarding you every step of the way. Get your first bonus just for signing up.

With Well, you are…

- WELL known: We get you. Answer just a few questions and we’ll share the next thing you can do for your health. Personalized multi-day health journeys and “look ahead” suggestions, designed by our experts and suggested by Well’s advanced health engine. Well knows your next healthy step even before you do.

- WELL rewarded: Healthy is job one. So why not get paid to do it? Earn hundreds in rewards by taking simple, healthy steps. Celebrate the small wins, because they add up over time. And when you’re ready to cash in on your good work, choose gift cards from a wide variety of your favorite brands.

- WELL empowered: It’s easier to take that next step when you know the facts. Build confidence and momentum in your health journey with do-able tips that fit into your regular day and help move you towards your goals. With someone in your corner, you can get started on that new health routine.

- WELL guided: Every now and then, we all need a little human guidance. Need help understanding bills and coverage, healthcare navigation guidance, and finding and scheduling a local provider? You’ll be happy to know our Well Guide team does it live and on-demand. Does that sound like typical healthcare to you? 

What others are saying about Well:

- “It's not just about losing weight, getting exercise, or lowering blood pressure. It's about all of that. It’s about your overall health.” — Kim W.

- “Thank you so much for finding them (a urologist) for me! I’ll be able to stay within the group for all of my needs…Thank you again for your help!” — Pablo L.

- “I love the emphasis on mental health in the workplace, because for a very long time, all I did was work.” —  Hannah L.

- “Well is by far my favorite app on my phone.” — Mark D.

Learn more about us at well.co",Well Engineering Team,"10,000+",Digital health engagement,us, reward system,,TRUE
co.well.wellapp,Well Digital,4.880682,Health & Fitness,0,TRUE,"Well is your personalized daily health partner.

With Well, you’re treated like a name instead of a number. Well works to understand you, then suggests the next step fit for you — while rewarding you every step of the way. Get your first bonus just for signing up.

With Well, you are…

- WELL known: We get you. Answer just a few questions and we’ll share the next thing you can do for your health. Personalized multi-day health journeys and “look ahead” suggestions, designed by our experts and suggested by Well’s advanced health engine. Well knows your next healthy step even before you do.

- WELL rewarded: Healthy is job one. So why not get paid to do it? Earn hundreds in rewards by taking simple, healthy steps. Celebrate the small wins, because they add up over time. And when you’re ready to cash in on your good work, choose gift cards from a wide variety of your favorite brands.

- WELL empowered: It’s easier to take that next step when you know the facts. Build confidence and momentum in your health journey with do-able tips that fit into your regular day and help move you towards your goals. With someone in your corner, you can get started on that new health routine.

- WELL guided: Every now and then, we all need a little human guidance. Need help understanding bills and coverage, healthcare navigation guidance, and finding and scheduling a local provider? You’ll be happy to know our Well Guide team does it live and on-demand. Does that sound like typical healthcare to you? 

What others are saying about Well:

- “It's not just about losing weight, getting exercise, or lowering blood pressure. It's about all of that. It’s about your overall health.” — Kim W.

- “Thank you so much for finding them (a urologist) for me! I’ll be able to stay within the group for all of my needs…Thank you again for your help!” — Pablo L.

- “I love the emphasis on mental health in the workplace, because for a very long time, all I did was work.” —  Hannah L.

- “Well is by far my favorite app on my phone.” — Mark D.

Learn more about us at well.co",Well Engineering Team,"10,000+",Digital health engagement,us, health tips and guidance,,TRUE
co.well.wellapp,Well Digital,4.880682,Health & Fitness,0,TRUE,"Well is your personalized daily health partner.

With Well, you’re treated like a name instead of a number. Well works to understand you, then suggests the next step fit for you — while rewarding you every step of the way. Get your first bonus just for signing up.

With Well, you are…

- WELL known: We get you. Answer just a few questions and we’ll share the next thing you can do for your health. Personalized multi-day health journeys and “look ahead” suggestions, designed by our experts and suggested by Well’s advanced health engine. Well knows your next healthy step even before you do.

- WELL rewarded: Healthy is job one. So why not get paid to do it? Earn hundreds in rewards by taking simple, healthy steps. Celebrate the small wins, because they add up over time. And when you’re ready to cash in on your good work, choose gift cards from a wide variety of your favorite brands.

- WELL empowered: It’s easier to take that next step when you know the facts. Build confidence and momentum in your health journey with do-able tips that fit into your regular day and help move you towards your goals. With someone in your corner, you can get started on that new health routine.

- WELL guided: Every now and then, we all need a little human guidance. Need help understanding bills and coverage, healthcare navigation guidance, and finding and scheduling a local provider? You’ll be happy to know our Well Guide team does it live and on-demand. Does that sound like typical healthcare to you? 

What others are saying about Well:

- “It's not just about losing weight, getting exercise, or lowering blood pressure. It's about all of that. It’s about your overall health.” — Kim W.

- “Thank you so much for finding them (a urologist) for me! I’ll be able to stay within the group for all of my needs…Thank you again for your help!” — Pablo L.

- “I love the emphasis on mental health in the workplace, because for a very long time, all I did was work.” —  Hannah L.

- “Well is by far my favorite app on my phone.” — Mark D.

Learn more about us at well.co",Well Engineering Team,"10,000+",Digital health engagement,us, healthcare navigation,,TRUE
co.well.wellapp,Well Digital,4.880682,Health & Fitness,0,TRUE,"Well is your personalized daily health partner.

With Well, you’re treated like a name instead of a number. Well works to understand you, then suggests the next step fit for you — while rewarding you every step of the way. Get your first bonus just for signing up.

With Well, you are…

- WELL known: We get you. Answer just a few questions and we’ll share the next thing you can do for your health. Personalized multi-day health journeys and “look ahead” suggestions, designed by our experts and suggested by Well’s advanced health engine. Well knows your next healthy step even before you do.

- WELL rewarded: Healthy is job one. So why not get paid to do it? Earn hundreds in rewards by taking simple, healthy steps. Celebrate the small wins, because they add up over time. And when you’re ready to cash in on your good work, choose gift cards from a wide variety of your favorite brands.

- WELL empowered: It’s easier to take that next step when you know the facts. Build confidence and momentum in your health journey with do-able tips that fit into your regular day and help move you towards your goals. With someone in your corner, you can get started on that new health routine.

- WELL guided: Every now and then, we all need a little human guidance. Need help understanding bills and coverage, healthcare navigation guidance, and finding and scheduling a local provider? You’ll be happy to know our Well Guide team does it live and on-demand. Does that sound like typical healthcare to you? 

What others are saying about Well:

- “It's not just about losing weight, getting exercise, or lowering blood pressure. It's about all of that. It’s about your overall health.” — Kim W.

- “Thank you so much for finding them (a urologist) for me! I’ll be able to stay within the group for all of my needs…Thank you again for your help!” — Pablo L.

- “I love the emphasis on mental health in the workplace, because for a very long time, all I did was work.” —  Hannah L.

- “Well is by far my favorite app on my phone.” — Mark D.

Learn more about us at well.co",Well Engineering Team,"10,000+",Digital health engagement,us, live guidance,,TRUE
co.well.wellapp,Well Digital,4.880682,Health & Fitness,0,TRUE,"Well is your personalized daily health partner.

With Well, you’re treated like a name instead of a number. Well works to understand you, then suggests the next step fit for you — while rewarding you every step of the way. Get your first bonus just for signing up.

With Well, you are…

- WELL known: We get you. Answer just a few questions and we’ll share the next thing you can do for your health. Personalized multi-day health journeys and “look ahead” suggestions, designed by our experts and suggested by Well’s advanced health engine. Well knows your next healthy step even before you do.

- WELL rewarded: Healthy is job one. So why not get paid to do it? Earn hundreds in rewards by taking simple, healthy steps. Celebrate the small wins, because they add up over time. And when you’re ready to cash in on your good work, choose gift cards from a wide variety of your favorite brands.

- WELL empowered: It’s easier to take that next step when you know the facts. Build confidence and momentum in your health journey with do-able tips that fit into your regular day and help move you towards your goals. With someone in your corner, you can get started on that new health routine.

- WELL guided: Every now and then, we all need a little human guidance. Need help understanding bills and coverage, healthcare navigation guidance, and finding and scheduling a local provider? You’ll be happy to know our Well Guide team does it live and on-demand. Does that sound like typical healthcare to you? 

What others are saying about Well:

- “It's not just about losing weight, getting exercise, or lowering blood pressure. It's about all of that. It’s about your overall health.” — Kim W.

- “Thank you so much for finding them (a urologist) for me! I’ll be able to stay within the group for all of my needs…Thank you again for your help!” — Pablo L.

- “I love the emphasis on mental health in the workplace, because for a very long time, all I did was work.” —  Hannah L.

- “Well is by far my favorite app on my phone.” — Mark D.

Learn more about us at well.co",Well Engineering Team,"10,000+",Digital health engagement,us, mental health emphasis,,TRUE
co.well.wellapp,Well Digital,4.880682,Health & Fitness,0,TRUE,"Well is your personalized daily health partner.

With Well, you’re treated like a name instead of a number. Well works to understand you, then suggests the next step fit for you — while rewarding you every step of the way. Get your first bonus just for signing up.

With Well, you are…

- WELL known: We get you. Answer just a few questions and we’ll share the next thing you can do for your health. Personalized multi-day health journeys and “look ahead” suggestions, designed by our experts and suggested by Well’s advanced health engine. Well knows your next healthy step even before you do.

- WELL rewarded: Healthy is job one. So why not get paid to do it? Earn hundreds in rewards by taking simple, healthy steps. Celebrate the small wins, because they add up over time. And when you’re ready to cash in on your good work, choose gift cards from a wide variety of your favorite brands.

- WELL empowered: It’s easier to take that next step when you know the facts. Build confidence and momentum in your health journey with do-able tips that fit into your regular day and help move you towards your goals. With someone in your corner, you can get started on that new health routine.

- WELL guided: Every now and then, we all need a little human guidance. Need help understanding bills and coverage, healthcare navigation guidance, and finding and scheduling a local provider? You’ll be happy to know our Well Guide team does it live and on-demand. Does that sound like typical healthcare to you? 

What others are saying about Well:

- “It's not just about losing weight, getting exercise, or lowering blood pressure. It's about all of that. It’s about your overall health.” — Kim W.

- “Thank you so much for finding them (a urologist) for me! I’ll be able to stay within the group for all of my needs…Thank you again for your help!” — Pablo L.

- “I love the emphasis on mental health in the workplace, because for a very long time, all I did was work.” —  Hannah L.

- “Well is by far my favorite app on my phone.” — Mark D.

Learn more about us at well.co",Well Engineering Team,"10,000+",Digital health engagement,us, favorite app,,FALSE
com.ezaccessapp.ccpdocs,CCP Patient Portal,0,Health & Fitness,0,TRUE,"The Cardiology Consultants of Philadelphia, (CCP Patient Portal), app connects you, the patient, with your healthcare provider and helps you conveniently manage cardiovascular care for you and your family members.

With the CCP Patient Portal app, you can: 
• Connect with your cardiovascular provider
• View your cardiovascular Profile
• Receive alerts
• View and schedule appointments
• Request refills
• Communicate with office staff for billing and general inquiries
• Share data securely and in real time with cardiovascular provider
• Take care of your loved ones
• Integrate with Apple HealthKit to retrieve daily exercise logs, sleep patterns and health data

To use the CCP Patient Portal App, you will need an invitation or login from your provider. Please contact our office directly for assistance with login or require support for the app.

Please note if you have already enrolled in CCP’s previous Patient Portal, you will be able to log in to this portal app with your existing credentials.

Please seek a doctor’s advice in addition to using this app and before making any medical decisions.",Medical Office Technologies,"1,000+",Patient support network,us,connect with healthcare provider,,TRUE
com.ezaccessapp.ccpdocs,CCP Patient Portal,0,Health & Fitness,0,TRUE,"The Cardiology Consultants of Philadelphia, (CCP Patient Portal), app connects you, the patient, with your healthcare provider and helps you conveniently manage cardiovascular care for you and your family members.

With the CCP Patient Portal app, you can: 
• Connect with your cardiovascular provider
• View your cardiovascular Profile
• Receive alerts
• View and schedule appointments
• Request refills
• Communicate with office staff for billing and general inquiries
• Share data securely and in real time with cardiovascular provider
• Take care of your loved ones
• Integrate with Apple HealthKit to retrieve daily exercise logs, sleep patterns and health data

To use the CCP Patient Portal App, you will need an invitation or login from your provider. Please contact our office directly for assistance with login or require support for the app.

Please note if you have already enrolled in CCP’s previous Patient Portal, you will be able to log in to this portal app with your existing credentials.

Please seek a doctor’s advice in addition to using this app and before making any medical decisions.",Medical Office Technologies,"1,000+",Patient support network,us, view patient profile,,TRUE
com.ezaccessapp.ccpdocs,CCP Patient Portal,0,Health & Fitness,0,TRUE,"The Cardiology Consultants of Philadelphia, (CCP Patient Portal), app connects you, the patient, with your healthcare provider and helps you conveniently manage cardiovascular care for you and your family members.

With the CCP Patient Portal app, you can: 
• Connect with your cardiovascular provider
• View your cardiovascular Profile
• Receive alerts
• View and schedule appointments
• Request refills
• Communicate with office staff for billing and general inquiries
• Share data securely and in real time with cardiovascular provider
• Take care of your loved ones
• Integrate with Apple HealthKit to retrieve daily exercise logs, sleep patterns and health data

To use the CCP Patient Portal App, you will need an invitation or login from your provider. Please contact our office directly for assistance with login or require support for the app.

Please note if you have already enrolled in CCP’s previous Patient Portal, you will be able to log in to this portal app with your existing credentials.

Please seek a doctor’s advice in addition to using this app and before making any medical decisions.",Medical Office Technologies,"1,000+",Patient support network,us, receive alerts,,TRUE
com.ezaccessapp.ccpdocs,CCP Patient Portal,0,Health & Fitness,0,TRUE,"The Cardiology Consultants of Philadelphia, (CCP Patient Portal), app connects you, the patient, with your healthcare provider and helps you conveniently manage cardiovascular care for you and your family members.

With the CCP Patient Portal app, you can: 
• Connect with your cardiovascular provider
• View your cardiovascular Profile
• Receive alerts
• View and schedule appointments
• Request refills
• Communicate with office staff for billing and general inquiries
• Share data securely and in real time with cardiovascular provider
• Take care of your loved ones
• Integrate with Apple HealthKit to retrieve daily exercise logs, sleep patterns and health data

To use the CCP Patient Portal App, you will need an invitation or login from your provider. Please contact our office directly for assistance with login or require support for the app.

Please note if you have already enrolled in CCP’s previous Patient Portal, you will be able to log in to this portal app with your existing credentials.

Please seek a doctor’s advice in addition to using this app and before making any medical decisions.",Medical Office Technologies,"1,000+",Patient support network,us, schedule appointments,,TRUE
com.ezaccessapp.ccpdocs,CCP Patient Portal,0,Health & Fitness,0,TRUE,"The Cardiology Consultants of Philadelphia, (CCP Patient Portal), app connects you, the patient, with your healthcare provider and helps you conveniently manage cardiovascular care for you and your family members.

With the CCP Patient Portal app, you can: 
• Connect with your cardiovascular provider
• View your cardiovascular Profile
• Receive alerts
• View and schedule appointments
• Request refills
• Communicate with office staff for billing and general inquiries
• Share data securely and in real time with cardiovascular provider
• Take care of your loved ones
• Integrate with Apple HealthKit to retrieve daily exercise logs, sleep patterns and health data

To use the CCP Patient Portal App, you will need an invitation or login from your provider. Please contact our office directly for assistance with login or require support for the app.

Please note if you have already enrolled in CCP’s previous Patient Portal, you will be able to log in to this portal app with your existing credentials.

Please seek a doctor’s advice in addition to using this app and before making any medical decisions.",Medical Office Technologies,"1,000+",Patient support network,us, request medication refills,,TRUE
com.ezaccessapp.ccpdocs,CCP Patient Portal,0,Health & Fitness,0,TRUE,"The Cardiology Consultants of Philadelphia, (CCP Patient Portal), app connects you, the patient, with your healthcare provider and helps you conveniently manage cardiovascular care for you and your family members.

With the CCP Patient Portal app, you can: 
• Connect with your cardiovascular provider
• View your cardiovascular Profile
• Receive alerts
• View and schedule appointments
• Request refills
• Communicate with office staff for billing and general inquiries
• Share data securely and in real time with cardiovascular provider
• Take care of your loved ones
• Integrate with Apple HealthKit to retrieve daily exercise logs, sleep patterns and health data

To use the CCP Patient Portal App, you will need an invitation or login from your provider. Please contact our office directly for assistance with login or require support for the app.

Please note if you have already enrolled in CCP’s previous Patient Portal, you will be able to log in to this portal app with your existing credentials.

Please seek a doctor’s advice in addition to using this app and before making any medical decisions.",Medical Office Technologies,"1,000+",Patient support network,us, communicate with office staff,,TRUE
com.ezaccessapp.ccpdocs,CCP Patient Portal,0,Health & Fitness,0,TRUE,"The Cardiology Consultants of Philadelphia, (CCP Patient Portal), app connects you, the patient, with your healthcare provider and helps you conveniently manage cardiovascular care for you and your family members.

With the CCP Patient Portal app, you can: 
• Connect with your cardiovascular provider
• View your cardiovascular Profile
• Receive alerts
• View and schedule appointments
• Request refills
• Communicate with office staff for billing and general inquiries
• Share data securely and in real time with cardiovascular provider
• Take care of your loved ones
• Integrate with Apple HealthKit to retrieve daily exercise logs, sleep patterns and health data

To use the CCP Patient Portal App, you will need an invitation or login from your provider. Please contact our office directly for assistance with login or require support for the app.

Please note if you have already enrolled in CCP’s previous Patient Portal, you will be able to log in to this portal app with your existing credentials.

Please seek a doctor’s advice in addition to using this app and before making any medical decisions.",Medical Office Technologies,"1,000+",Patient support network,us, share medical data,,TRUE
com.ezaccessapp.ccpdocs,CCP Patient Portal,0,Health & Fitness,0,TRUE,"The Cardiology Consultants of Philadelphia, (CCP Patient Portal), app connects you, the patient, with your healthcare provider and helps you conveniently manage cardiovascular care for you and your family members.

With the CCP Patient Portal app, you can: 
• Connect with your cardiovascular provider
• View your cardiovascular Profile
• Receive alerts
• View and schedule appointments
• Request refills
• Communicate with office staff for billing and general inquiries
• Share data securely and in real time with cardiovascular provider
• Take care of your loved ones
• Integrate with Apple HealthKit to retrieve daily exercise logs, sleep patterns and health data

To use the CCP Patient Portal App, you will need an invitation or login from your provider. Please contact our office directly for assistance with login or require support for the app.

Please note if you have already enrolled in CCP’s previous Patient Portal, you will be able to log in to this portal app with your existing credentials.

Please seek a doctor’s advice in addition to using this app and before making any medical decisions.",Medical Office Technologies,"1,000+",Patient support network,us, integrate with apple healthkit,,TRUE
com.ezaccessapp.ccpdocs,CCP Patient Portal,0,Health & Fitness,0,TRUE,"The Cardiology Consultants of Philadelphia, (CCP Patient Portal), app connects you, the patient, with your healthcare provider and helps you conveniently manage cardiovascular care for you and your family members.

With the CCP Patient Portal app, you can: 
• Connect with your cardiovascular provider
• View your cardiovascular Profile
• Receive alerts
• View and schedule appointments
• Request refills
• Communicate with office staff for billing and general inquiries
• Share data securely and in real time with cardiovascular provider
• Take care of your loved ones
• Integrate with Apple HealthKit to retrieve daily exercise logs, sleep patterns and health data

To use the CCP Patient Portal App, you will need an invitation or login from your provider. Please contact our office directly for assistance with login or require support for the app.

Please note if you have already enrolled in CCP’s previous Patient Portal, you will be able to log in to this portal app with your existing credentials.

Please seek a doctor’s advice in addition to using this app and before making any medical decisions.",Medical Office Technologies,"1,000+",Patient support network,us, manage family members,,TRUE
com.salvohealth.member,Salvo Health,0,Health & Fitness,0,TRUE,"Sign up for Salvo Health now, the only virtual clinic for those with IBS, GERD, SIBO, and other chronic gut conditions. We’re supported and staffed by board-certified leading gut specialists, health coaches, psychologists, clinicians, and dietitians. 

⚕️How does Salvo Health work?

Ever wish you could get the healthcare you need, without having to make an appointment? At an affordable cost?

Salvo Health has designed a virtual clinic app that delivers continuous care, like an async chat feature, automated reminders, and a custom interactive course of care that helps those living with chronic gut issues manage their symptoms.

When you become a Salvo Health Member, you work with a team of board-certified, expert health specialists who diagnose, coach and equip you with resources, tools, and strategies to better manage your chronic conditions daily. They provide science-backed treatments based on Salvo Health’s compassionate model of care, Whole Self Science. Whole Self Science deeply focuses on understanding the whole person in order to uncover and treat root causes to get their body back in balance.

No more panic, no more stress, no more missing social activities, no matter what you and your gut face.  

📱 What’s included in the Salvo Health app?

✅ Appointment set-up for diagnostics and testing near you 
✅ Access to prescriptions and supplements for better gut health
✅ A custom-to-you Course of Care to follow daily, including gut-friendly recipes, brain-gut exercises, and new approaches to managing sleep and stress.  
✅ A specialized Care Team including your own gastrointestinal specialist, board-certified health coach, dedicated nurse practitioner, and Care Navigator who will guide you on your gut health journey 
✅ An async 24/7 chat, where you can message and hear from your own Care Team regularly.
✅ Daily guides, nudges, and reminders that will keep you on track to managing  your gut. 
✅ A hub of articles, quizzes, audio-blogs, and other helpful tools, created and curated by the country’s leading gut specialists 

Sign up to become a Salvo Health Member today, and put your body back into balance.",Salvo Health Inc,100+,Curatio health community app,us,async chat feature,,TRUE
com.salvohealth.member,Salvo Health,0,Health & Fitness,0,TRUE,"Sign up for Salvo Health now, the only virtual clinic for those with IBS, GERD, SIBO, and other chronic gut conditions. We’re supported and staffed by board-certified leading gut specialists, health coaches, psychologists, clinicians, and dietitians. 

⚕️How does Salvo Health work?

Ever wish you could get the healthcare you need, without having to make an appointment? At an affordable cost?

Salvo Health has designed a virtual clinic app that delivers continuous care, like an async chat feature, automated reminders, and a custom interactive course of care that helps those living with chronic gut issues manage their symptoms.

When you become a Salvo Health Member, you work with a team of board-certified, expert health specialists who diagnose, coach and equip you with resources, tools, and strategies to better manage your chronic conditions daily. They provide science-backed treatments based on Salvo Health’s compassionate model of care, Whole Self Science. Whole Self Science deeply focuses on understanding the whole person in order to uncover and treat root causes to get their body back in balance.

No more panic, no more stress, no more missing social activities, no matter what you and your gut face.  

📱 What’s included in the Salvo Health app?

✅ Appointment set-up for diagnostics and testing near you 
✅ Access to prescriptions and supplements for better gut health
✅ A custom-to-you Course of Care to follow daily, including gut-friendly recipes, brain-gut exercises, and new approaches to managing sleep and stress.  
✅ A specialized Care Team including your own gastrointestinal specialist, board-certified health coach, dedicated nurse practitioner, and Care Navigator who will guide you on your gut health journey 
✅ An async 24/7 chat, where you can message and hear from your own Care Team regularly.
✅ Daily guides, nudges, and reminders that will keep you on track to managing  your gut. 
✅ A hub of articles, quizzes, audio-blogs, and other helpful tools, created and curated by the country’s leading gut specialists 

Sign up to become a Salvo Health Member today, and put your body back into balance.",Salvo Health Inc,100+,Curatio health community app,us, automated reminders,,TRUE
com.salvohealth.member,Salvo Health,0,Health & Fitness,0,TRUE,"Sign up for Salvo Health now, the only virtual clinic for those with IBS, GERD, SIBO, and other chronic gut conditions. We’re supported and staffed by board-certified leading gut specialists, health coaches, psychologists, clinicians, and dietitians. 

⚕️How does Salvo Health work?

Ever wish you could get the healthcare you need, without having to make an appointment? At an affordable cost?

Salvo Health has designed a virtual clinic app that delivers continuous care, like an async chat feature, automated reminders, and a custom interactive course of care that helps those living with chronic gut issues manage their symptoms.

When you become a Salvo Health Member, you work with a team of board-certified, expert health specialists who diagnose, coach and equip you with resources, tools, and strategies to better manage your chronic conditions daily. They provide science-backed treatments based on Salvo Health’s compassionate model of care, Whole Self Science. Whole Self Science deeply focuses on understanding the whole person in order to uncover and treat root causes to get their body back in balance.

No more panic, no more stress, no more missing social activities, no matter what you and your gut face.  

📱 What’s included in the Salvo Health app?

✅ Appointment set-up for diagnostics and testing near you 
✅ Access to prescriptions and supplements for better gut health
✅ A custom-to-you Course of Care to follow daily, including gut-friendly recipes, brain-gut exercises, and new approaches to managing sleep and stress.  
✅ A specialized Care Team including your own gastrointestinal specialist, board-certified health coach, dedicated nurse practitioner, and Care Navigator who will guide you on your gut health journey 
✅ An async 24/7 chat, where you can message and hear from your own Care Team regularly.
✅ Daily guides, nudges, and reminders that will keep you on track to managing  your gut. 
✅ A hub of articles, quizzes, audio-blogs, and other helpful tools, created and curated by the country’s leading gut specialists 

Sign up to become a Salvo Health Member today, and put your body back into balance.",Salvo Health Inc,100+,Curatio health community app,us, custom interactive course of care,,TRUE
com.salvohealth.member,Salvo Health,0,Health & Fitness,0,TRUE,"Sign up for Salvo Health now, the only virtual clinic for those with IBS, GERD, SIBO, and other chronic gut conditions. We’re supported and staffed by board-certified leading gut specialists, health coaches, psychologists, clinicians, and dietitians. 

⚕️How does Salvo Health work?

Ever wish you could get the healthcare you need, without having to make an appointment? At an affordable cost?

Salvo Health has designed a virtual clinic app that delivers continuous care, like an async chat feature, automated reminders, and a custom interactive course of care that helps those living with chronic gut issues manage their symptoms.

When you become a Salvo Health Member, you work with a team of board-certified, expert health specialists who diagnose, coach and equip you with resources, tools, and strategies to better manage your chronic conditions daily. They provide science-backed treatments based on Salvo Health’s compassionate model of care, Whole Self Science. Whole Self Science deeply focuses on understanding the whole person in order to uncover and treat root causes to get their body back in balance.

No more panic, no more stress, no more missing social activities, no matter what you and your gut face.  

📱 What’s included in the Salvo Health app?

✅ Appointment set-up for diagnostics and testing near you 
✅ Access to prescriptions and supplements for better gut health
✅ A custom-to-you Course of Care to follow daily, including gut-friendly recipes, brain-gut exercises, and new approaches to managing sleep and stress.  
✅ A specialized Care Team including your own gastrointestinal specialist, board-certified health coach, dedicated nurse practitioner, and Care Navigator who will guide you on your gut health journey 
✅ An async 24/7 chat, where you can message and hear from your own Care Team regularly.
✅ Daily guides, nudges, and reminders that will keep you on track to managing  your gut. 
✅ A hub of articles, quizzes, audio-blogs, and other helpful tools, created and curated by the country’s leading gut specialists 

Sign up to become a Salvo Health Member today, and put your body back into balance.",Salvo Health Inc,100+,Curatio health community app,us, appointment setup,,TRUE
com.salvohealth.member,Salvo Health,0,Health & Fitness,0,TRUE,"Sign up for Salvo Health now, the only virtual clinic for those with IBS, GERD, SIBO, and other chronic gut conditions. We’re supported and staffed by board-certified leading gut specialists, health coaches, psychologists, clinicians, and dietitians. 

⚕️How does Salvo Health work?

Ever wish you could get the healthcare you need, without having to make an appointment? At an affordable cost?

Salvo Health has designed a virtual clinic app that delivers continuous care, like an async chat feature, automated reminders, and a custom interactive course of care that helps those living with chronic gut issues manage their symptoms.

When you become a Salvo Health Member, you work with a team of board-certified, expert health specialists who diagnose, coach and equip you with resources, tools, and strategies to better manage your chronic conditions daily. They provide science-backed treatments based on Salvo Health’s compassionate model of care, Whole Self Science. Whole Self Science deeply focuses on understanding the whole person in order to uncover and treat root causes to get their body back in balance.

No more panic, no more stress, no more missing social activities, no matter what you and your gut face.  

📱 What’s included in the Salvo Health app?

✅ Appointment set-up for diagnostics and testing near you 
✅ Access to prescriptions and supplements for better gut health
✅ A custom-to-you Course of Care to follow daily, including gut-friendly recipes, brain-gut exercises, and new approaches to managing sleep and stress.  
✅ A specialized Care Team including your own gastrointestinal specialist, board-certified health coach, dedicated nurse practitioner, and Care Navigator who will guide you on your gut health journey 
✅ An async 24/7 chat, where you can message and hear from your own Care Team regularly.
✅ Daily guides, nudges, and reminders that will keep you on track to managing  your gut. 
✅ A hub of articles, quizzes, audio-blogs, and other helpful tools, created and curated by the country’s leading gut specialists 

Sign up to become a Salvo Health Member today, and put your body back into balance.",Salvo Health Inc,100+,Curatio health community app,us, access to prescriptions,,TRUE
com.salvohealth.member,Salvo Health,0,Health & Fitness,0,TRUE,"Sign up for Salvo Health now, the only virtual clinic for those with IBS, GERD, SIBO, and other chronic gut conditions. We’re supported and staffed by board-certified leading gut specialists, health coaches, psychologists, clinicians, and dietitians. 

⚕️How does Salvo Health work?

Ever wish you could get the healthcare you need, without having to make an appointment? At an affordable cost?

Salvo Health has designed a virtual clinic app that delivers continuous care, like an async chat feature, automated reminders, and a custom interactive course of care that helps those living with chronic gut issues manage their symptoms.

When you become a Salvo Health Member, you work with a team of board-certified, expert health specialists who diagnose, coach and equip you with resources, tools, and strategies to better manage your chronic conditions daily. They provide science-backed treatments based on Salvo Health’s compassionate model of care, Whole Self Science. Whole Self Science deeply focuses on understanding the whole person in order to uncover and treat root causes to get their body back in balance.

No more panic, no more stress, no more missing social activities, no matter what you and your gut face.  

📱 What’s included in the Salvo Health app?

✅ Appointment set-up for diagnostics and testing near you 
✅ Access to prescriptions and supplements for better gut health
✅ A custom-to-you Course of Care to follow daily, including gut-friendly recipes, brain-gut exercises, and new approaches to managing sleep and stress.  
✅ A specialized Care Team including your own gastrointestinal specialist, board-certified health coach, dedicated nurse practitioner, and Care Navigator who will guide you on your gut health journey 
✅ An async 24/7 chat, where you can message and hear from your own Care Team regularly.
✅ Daily guides, nudges, and reminders that will keep you on track to managing  your gut. 
✅ A hub of articles, quizzes, audio-blogs, and other helpful tools, created and curated by the country’s leading gut specialists 

Sign up to become a Salvo Health Member today, and put your body back into balance.",Salvo Health Inc,100+,Curatio health community app,us, gut friendly recipes,,TRUE
com.salvohealth.member,Salvo Health,0,Health & Fitness,0,TRUE,"Sign up for Salvo Health now, the only virtual clinic for those with IBS, GERD, SIBO, and other chronic gut conditions. We’re supported and staffed by board-certified leading gut specialists, health coaches, psychologists, clinicians, and dietitians. 

⚕️How does Salvo Health work?

Ever wish you could get the healthcare you need, without having to make an appointment? At an affordable cost?

Salvo Health has designed a virtual clinic app that delivers continuous care, like an async chat feature, automated reminders, and a custom interactive course of care that helps those living with chronic gut issues manage their symptoms.

When you become a Salvo Health Member, you work with a team of board-certified, expert health specialists who diagnose, coach and equip you with resources, tools, and strategies to better manage your chronic conditions daily. They provide science-backed treatments based on Salvo Health’s compassionate model of care, Whole Self Science. Whole Self Science deeply focuses on understanding the whole person in order to uncover and treat root causes to get their body back in balance.

No more panic, no more stress, no more missing social activities, no matter what you and your gut face.  

📱 What’s included in the Salvo Health app?

✅ Appointment set-up for diagnostics and testing near you 
✅ Access to prescriptions and supplements for better gut health
✅ A custom-to-you Course of Care to follow daily, including gut-friendly recipes, brain-gut exercises, and new approaches to managing sleep and stress.  
✅ A specialized Care Team including your own gastrointestinal specialist, board-certified health coach, dedicated nurse practitioner, and Care Navigator who will guide you on your gut health journey 
✅ An async 24/7 chat, where you can message and hear from your own Care Team regularly.
✅ Daily guides, nudges, and reminders that will keep you on track to managing  your gut. 
✅ A hub of articles, quizzes, audio-blogs, and other helpful tools, created and curated by the country’s leading gut specialists 

Sign up to become a Salvo Health Member today, and put your body back into balance.",Salvo Health Inc,100+,Curatio health community app,us, brain gut exercises,,TRUE
com.salvohealth.member,Salvo Health,0,Health & Fitness,0,TRUE,"Sign up for Salvo Health now, the only virtual clinic for those with IBS, GERD, SIBO, and other chronic gut conditions. We’re supported and staffed by board-certified leading gut specialists, health coaches, psychologists, clinicians, and dietitians. 

⚕️How does Salvo Health work?

Ever wish you could get the healthcare you need, without having to make an appointment? At an affordable cost?

Salvo Health has designed a virtual clinic app that delivers continuous care, like an async chat feature, automated reminders, and a custom interactive course of care that helps those living with chronic gut issues manage their symptoms.

When you become a Salvo Health Member, you work with a team of board-certified, expert health specialists who diagnose, coach and equip you with resources, tools, and strategies to better manage your chronic conditions daily. They provide science-backed treatments based on Salvo Health’s compassionate model of care, Whole Self Science. Whole Self Science deeply focuses on understanding the whole person in order to uncover and treat root causes to get their body back in balance.

No more panic, no more stress, no more missing social activities, no matter what you and your gut face.  

📱 What’s included in the Salvo Health app?

✅ Appointment set-up for diagnostics and testing near you 
✅ Access to prescriptions and supplements for better gut health
✅ A custom-to-you Course of Care to follow daily, including gut-friendly recipes, brain-gut exercises, and new approaches to managing sleep and stress.  
✅ A specialized Care Team including your own gastrointestinal specialist, board-certified health coach, dedicated nurse practitioner, and Care Navigator who will guide you on your gut health journey 
✅ An async 24/7 chat, where you can message and hear from your own Care Team regularly.
✅ Daily guides, nudges, and reminders that will keep you on track to managing  your gut. 
✅ A hub of articles, quizzes, audio-blogs, and other helpful tools, created and curated by the country’s leading gut specialists 

Sign up to become a Salvo Health Member today, and put your body back into balance.",Salvo Health Inc,100+,Curatio health community app,us, new approaches to managing sleep and stress,,TRUE
com.salvohealth.member,Salvo Health,0,Health & Fitness,0,TRUE,"Sign up for Salvo Health now, the only virtual clinic for those with IBS, GERD, SIBO, and other chronic gut conditions. We’re supported and staffed by board-certified leading gut specialists, health coaches, psychologists, clinicians, and dietitians. 

⚕️How does Salvo Health work?

Ever wish you could get the healthcare you need, without having to make an appointment? At an affordable cost?

Salvo Health has designed a virtual clinic app that delivers continuous care, like an async chat feature, automated reminders, and a custom interactive course of care that helps those living with chronic gut issues manage their symptoms.

When you become a Salvo Health Member, you work with a team of board-certified, expert health specialists who diagnose, coach and equip you with resources, tools, and strategies to better manage your chronic conditions daily. They provide science-backed treatments based on Salvo Health’s compassionate model of care, Whole Self Science. Whole Self Science deeply focuses on understanding the whole person in order to uncover and treat root causes to get their body back in balance.

No more panic, no more stress, no more missing social activities, no matter what you and your gut face.  

📱 What’s included in the Salvo Health app?

✅ Appointment set-up for diagnostics and testing near you 
✅ Access to prescriptions and supplements for better gut health
✅ A custom-to-you Course of Care to follow daily, including gut-friendly recipes, brain-gut exercises, and new approaches to managing sleep and stress.  
✅ A specialized Care Team including your own gastrointestinal specialist, board-certified health coach, dedicated nurse practitioner, and Care Navigator who will guide you on your gut health journey 
✅ An async 24/7 chat, where you can message and hear from your own Care Team regularly.
✅ Daily guides, nudges, and reminders that will keep you on track to managing  your gut. 
✅ A hub of articles, quizzes, audio-blogs, and other helpful tools, created and curated by the country’s leading gut specialists 

Sign up to become a Salvo Health Member today, and put your body back into balance.",Salvo Health Inc,100+,Curatio health community app,us, specialized care team,,TRUE
com.salvohealth.member,Salvo Health,0,Health & Fitness,0,TRUE,"Sign up for Salvo Health now, the only virtual clinic for those with IBS, GERD, SIBO, and other chronic gut conditions. We’re supported and staffed by board-certified leading gut specialists, health coaches, psychologists, clinicians, and dietitians. 

⚕️How does Salvo Health work?

Ever wish you could get the healthcare you need, without having to make an appointment? At an affordable cost?

Salvo Health has designed a virtual clinic app that delivers continuous care, like an async chat feature, automated reminders, and a custom interactive course of care that helps those living with chronic gut issues manage their symptoms.

When you become a Salvo Health Member, you work with a team of board-certified, expert health specialists who diagnose, coach and equip you with resources, tools, and strategies to better manage your chronic conditions daily. They provide science-backed treatments based on Salvo Health’s compassionate model of care, Whole Self Science. Whole Self Science deeply focuses on understanding the whole person in order to uncover and treat root causes to get their body back in balance.

No more panic, no more stress, no more missing social activities, no matter what you and your gut face.  

📱 What’s included in the Salvo Health app?

✅ Appointment set-up for diagnostics and testing near you 
✅ Access to prescriptions and supplements for better gut health
✅ A custom-to-you Course of Care to follow daily, including gut-friendly recipes, brain-gut exercises, and new approaches to managing sleep and stress.  
✅ A specialized Care Team including your own gastrointestinal specialist, board-certified health coach, dedicated nurse practitioner, and Care Navigator who will guide you on your gut health journey 
✅ An async 24/7 chat, where you can message and hear from your own Care Team regularly.
✅ Daily guides, nudges, and reminders that will keep you on track to managing  your gut. 
✅ A hub of articles, quizzes, audio-blogs, and other helpful tools, created and curated by the country’s leading gut specialists 

Sign up to become a Salvo Health Member today, and put your body back into balance.",Salvo Health Inc,100+,Curatio health community app,us, daily guides and nudges,,TRUE
com.salvohealth.member,Salvo Health,0,Health & Fitness,0,TRUE,"Sign up for Salvo Health now, the only virtual clinic for those with IBS, GERD, SIBO, and other chronic gut conditions. We’re supported and staffed by board-certified leading gut specialists, health coaches, psychologists, clinicians, and dietitians. 

⚕️How does Salvo Health work?

Ever wish you could get the healthcare you need, without having to make an appointment? At an affordable cost?

Salvo Health has designed a virtual clinic app that delivers continuous care, like an async chat feature, automated reminders, and a custom interactive course of care that helps those living with chronic gut issues manage their symptoms.

When you become a Salvo Health Member, you work with a team of board-certified, expert health specialists who diagnose, coach and equip you with resources, tools, and strategies to better manage your chronic conditions daily. They provide science-backed treatments based on Salvo Health’s compassionate model of care, Whole Self Science. Whole Self Science deeply focuses on understanding the whole person in order to uncover and treat root causes to get their body back in balance.

No more panic, no more stress, no more missing social activities, no matter what you and your gut face.  

📱 What’s included in the Salvo Health app?

✅ Appointment set-up for diagnostics and testing near you 
✅ Access to prescriptions and supplements for better gut health
✅ A custom-to-you Course of Care to follow daily, including gut-friendly recipes, brain-gut exercises, and new approaches to managing sleep and stress.  
✅ A specialized Care Team including your own gastrointestinal specialist, board-certified health coach, dedicated nurse practitioner, and Care Navigator who will guide you on your gut health journey 
✅ An async 24/7 chat, where you can message and hear from your own Care Team regularly.
✅ Daily guides, nudges, and reminders that will keep you on track to managing  your gut. 
✅ A hub of articles, quizzes, audio-blogs, and other helpful tools, created and curated by the country’s leading gut specialists 

Sign up to become a Salvo Health Member today, and put your body back into balance.",Salvo Health Inc,100+,Curatio health community app,us, hub of articles and quizzes,,TRUE
com.salvohealth.member,Salvo Health,0,Health & Fitness,0,TRUE,"Sign up for Salvo Health now, the only virtual clinic for those with IBS, GERD, SIBO, and other chronic gut conditions. We’re supported and staffed by board-certified leading gut specialists, health coaches, psychologists, clinicians, and dietitians. 

⚕️How does Salvo Health work?

Ever wish you could get the healthcare you need, without having to make an appointment? At an affordable cost?

Salvo Health has designed a virtual clinic app that delivers continuous care, like an async chat feature, automated reminders, and a custom interactive course of care that helps those living with chronic gut issues manage their symptoms.

When you become a Salvo Health Member, you work with a team of board-certified, expert health specialists who diagnose, coach and equip you with resources, tools, and strategies to better manage your chronic conditions daily. They provide science-backed treatments based on Salvo Health’s compassionate model of care, Whole Self Science. Whole Self Science deeply focuses on understanding the whole person in order to uncover and treat root causes to get their body back in balance.

No more panic, no more stress, no more missing social activities, no matter what you and your gut face.  

📱 What’s included in the Salvo Health app?

✅ Appointment set-up for diagnostics and testing near you 
✅ Access to prescriptions and supplements for better gut health
✅ A custom-to-you Course of Care to follow daily, including gut-friendly recipes, brain-gut exercises, and new approaches to managing sleep and stress.  
✅ A specialized Care Team including your own gastrointestinal specialist, board-certified health coach, dedicated nurse practitioner, and Care Navigator who will guide you on your gut health journey 
✅ An async 24/7 chat, where you can message and hear from your own Care Team regularly.
✅ Daily guides, nudges, and reminders that will keep you on track to managing  your gut. 
✅ A hub of articles, quizzes, audio-blogs, and other helpful tools, created and curated by the country’s leading gut specialists 

Sign up to become a Salvo Health Member today, and put your body back into balance.",Salvo Health Inc,100+,Curatio health community app,us,chat,,TRUE
com.thecgc.app,Community Guidance Center,4.714286,Medical,0,TRUE,"Welcome to the Community Guidance Center's Telehealth app, your gateway to accessible and compassionate mental health support from the comfort of your own space. We understand the importance of mental well-being, and we're here to make it easier for you to connect with qualified mental health professionals whenever you need them. 

🌟 Secure and Convenient Telehealth Sessions  

Access confidential and safe video, voice, or chat sessions with our licensed therapists, counselors, and psychiatrists. Receive the support you deserve without leaving your home. 

🧠 Diverse and Expert Mental Health Providers  

Our providers are a diverse group of mental health experts, ensuring you can find the right fit for your unique needs. They specialize in multiple areas, including anxiety, depression, trauma, and relationship issues. 

🧡 Supportive Community  

Learn about our consumer Group sessions and connect with others on a similar journey. Share experiences, gain insights, and encourage one another. 

🔒 Confidential and HIPAA-Compliant  

Rest assured, your data and conversations are protected with the highest level of security and adhere to strict HIPAA guidelines. 

💼 Dedicated Case Management For those seeking long-term support, our case management feature ensures you receive personalized care and support throughout your mental health journey. 

🌐 Accessible from Anywhere  

Our app is available on multiple devices, making easy connections with your mental health provider, even while you are on the go. 

We believe you deserve access to quality mental health care, and our Mental Health Telehealth app design breaks down barriers to mental health care. Take the first step towards better mental health and well-being. Download our app today. 

Remember, you are not alone on this journey, and we are here to support you every step of the way. Your mental health matters, and with our app, you can prioritize it like never before. 

Download now to start your journey towards a healthier, happier you. Together, we can make a difference in your mental well-being.",Community Guidance Center,"1,000+",Healthcare community,us,secure and convenient telehealth sessions,,TRUE
com.thecgc.app,Community Guidance Center,4.714286,Medical,0,TRUE,"Welcome to the Community Guidance Center's Telehealth app, your gateway to accessible and compassionate mental health support from the comfort of your own space. We understand the importance of mental well-being, and we're here to make it easier for you to connect with qualified mental health professionals whenever you need them. 

🌟 Secure and Convenient Telehealth Sessions  

Access confidential and safe video, voice, or chat sessions with our licensed therapists, counselors, and psychiatrists. Receive the support you deserve without leaving your home. 

🧠 Diverse and Expert Mental Health Providers  

Our providers are a diverse group of mental health experts, ensuring you can find the right fit for your unique needs. They specialize in multiple areas, including anxiety, depression, trauma, and relationship issues. 

🧡 Supportive Community  

Learn about our consumer Group sessions and connect with others on a similar journey. Share experiences, gain insights, and encourage one another. 

🔒 Confidential and HIPAA-Compliant  

Rest assured, your data and conversations are protected with the highest level of security and adhere to strict HIPAA guidelines. 

💼 Dedicated Case Management For those seeking long-term support, our case management feature ensures you receive personalized care and support throughout your mental health journey. 

🌐 Accessible from Anywhere  

Our app is available on multiple devices, making easy connections with your mental health provider, even while you are on the go. 

We believe you deserve access to quality mental health care, and our Mental Health Telehealth app design breaks down barriers to mental health care. Take the first step towards better mental health and well-being. Download our app today. 

Remember, you are not alone on this journey, and we are here to support you every step of the way. Your mental health matters, and with our app, you can prioritize it like never before. 

Download now to start your journey towards a healthier, happier you. Together, we can make a difference in your mental well-being.",Community Guidance Center,"1,000+",Healthcare community,us, diverse and expert mental health providers,,TRUE
com.thecgc.app,Community Guidance Center,4.714286,Medical,0,TRUE,"Welcome to the Community Guidance Center's Telehealth app, your gateway to accessible and compassionate mental health support from the comfort of your own space. We understand the importance of mental well-being, and we're here to make it easier for you to connect with qualified mental health professionals whenever you need them. 

🌟 Secure and Convenient Telehealth Sessions  

Access confidential and safe video, voice, or chat sessions with our licensed therapists, counselors, and psychiatrists. Receive the support you deserve without leaving your home. 

🧠 Diverse and Expert Mental Health Providers  

Our providers are a diverse group of mental health experts, ensuring you can find the right fit for your unique needs. They specialize in multiple areas, including anxiety, depression, trauma, and relationship issues. 

🧡 Supportive Community  

Learn about our consumer Group sessions and connect with others on a similar journey. Share experiences, gain insights, and encourage one another. 

🔒 Confidential and HIPAA-Compliant  

Rest assured, your data and conversations are protected with the highest level of security and adhere to strict HIPAA guidelines. 

💼 Dedicated Case Management For those seeking long-term support, our case management feature ensures you receive personalized care and support throughout your mental health journey. 

🌐 Accessible from Anywhere  

Our app is available on multiple devices, making easy connections with your mental health provider, even while you are on the go. 

We believe you deserve access to quality mental health care, and our Mental Health Telehealth app design breaks down barriers to mental health care. Take the first step towards better mental health and well-being. Download our app today. 

Remember, you are not alone on this journey, and we are here to support you every step of the way. Your mental health matters, and with our app, you can prioritize it like never before. 

Download now to start your journey towards a healthier, happier you. Together, we can make a difference in your mental well-being.",Community Guidance Center,"1,000+",Healthcare community,us, supportive community,,TRUE
com.thecgc.app,Community Guidance Center,4.714286,Medical,0,TRUE,"Welcome to the Community Guidance Center's Telehealth app, your gateway to accessible and compassionate mental health support from the comfort of your own space. We understand the importance of mental well-being, and we're here to make it easier for you to connect with qualified mental health professionals whenever you need them. 

🌟 Secure and Convenient Telehealth Sessions  

Access confidential and safe video, voice, or chat sessions with our licensed therapists, counselors, and psychiatrists. Receive the support you deserve without leaving your home. 

🧠 Diverse and Expert Mental Health Providers  

Our providers are a diverse group of mental health experts, ensuring you can find the right fit for your unique needs. They specialize in multiple areas, including anxiety, depression, trauma, and relationship issues. 

🧡 Supportive Community  

Learn about our consumer Group sessions and connect with others on a similar journey. Share experiences, gain insights, and encourage one another. 

🔒 Confidential and HIPAA-Compliant  

Rest assured, your data and conversations are protected with the highest level of security and adhere to strict HIPAA guidelines. 

💼 Dedicated Case Management For those seeking long-term support, our case management feature ensures you receive personalized care and support throughout your mental health journey. 

🌐 Accessible from Anywhere  

Our app is available on multiple devices, making easy connections with your mental health provider, even while you are on the go. 

We believe you deserve access to quality mental health care, and our Mental Health Telehealth app design breaks down barriers to mental health care. Take the first step towards better mental health and well-being. Download our app today. 

Remember, you are not alone on this journey, and we are here to support you every step of the way. Your mental health matters, and with our app, you can prioritize it like never before. 

Download now to start your journey towards a healthier, happier you. Together, we can make a difference in your mental well-being.",Community Guidance Center,"1,000+",Healthcare community,us, confidential and hipaacompliant,,TRUE
com.thecgc.app,Community Guidance Center,4.714286,Medical,0,TRUE,"Welcome to the Community Guidance Center's Telehealth app, your gateway to accessible and compassionate mental health support from the comfort of your own space. We understand the importance of mental well-being, and we're here to make it easier for you to connect with qualified mental health professionals whenever you need them. 

🌟 Secure and Convenient Telehealth Sessions  

Access confidential and safe video, voice, or chat sessions with our licensed therapists, counselors, and psychiatrists. Receive the support you deserve without leaving your home. 

🧠 Diverse and Expert Mental Health Providers  

Our providers are a diverse group of mental health experts, ensuring you can find the right fit for your unique needs. They specialize in multiple areas, including anxiety, depression, trauma, and relationship issues. 

🧡 Supportive Community  

Learn about our consumer Group sessions and connect with others on a similar journey. Share experiences, gain insights, and encourage one another. 

🔒 Confidential and HIPAA-Compliant  

Rest assured, your data and conversations are protected with the highest level of security and adhere to strict HIPAA guidelines. 

💼 Dedicated Case Management For those seeking long-term support, our case management feature ensures you receive personalized care and support throughout your mental health journey. 

🌐 Accessible from Anywhere  

Our app is available on multiple devices, making easy connections with your mental health provider, even while you are on the go. 

We believe you deserve access to quality mental health care, and our Mental Health Telehealth app design breaks down barriers to mental health care. Take the first step towards better mental health and well-being. Download our app today. 

Remember, you are not alone on this journey, and we are here to support you every step of the way. Your mental health matters, and with our app, you can prioritize it like never before. 

Download now to start your journey towards a healthier, happier you. Together, we can make a difference in your mental well-being.",Community Guidance Center,"1,000+",Healthcare community,us, dedicated case management,,TRUE
com.thecgc.app,Community Guidance Center,4.714286,Medical,0,TRUE,"Welcome to the Community Guidance Center's Telehealth app, your gateway to accessible and compassionate mental health support from the comfort of your own space. We understand the importance of mental well-being, and we're here to make it easier for you to connect with qualified mental health professionals whenever you need them. 

🌟 Secure and Convenient Telehealth Sessions  

Access confidential and safe video, voice, or chat sessions with our licensed therapists, counselors, and psychiatrists. Receive the support you deserve without leaving your home. 

🧠 Diverse and Expert Mental Health Providers  

Our providers are a diverse group of mental health experts, ensuring you can find the right fit for your unique needs. They specialize in multiple areas, including anxiety, depression, trauma, and relationship issues. 

🧡 Supportive Community  

Learn about our consumer Group sessions and connect with others on a similar journey. Share experiences, gain insights, and encourage one another. 

🔒 Confidential and HIPAA-Compliant  

Rest assured, your data and conversations are protected with the highest level of security and adhere to strict HIPAA guidelines. 

💼 Dedicated Case Management For those seeking long-term support, our case management feature ensures you receive personalized care and support throughout your mental health journey. 

🌐 Accessible from Anywhere  

Our app is available on multiple devices, making easy connections with your mental health provider, even while you are on the go. 

We believe you deserve access to quality mental health care, and our Mental Health Telehealth app design breaks down barriers to mental health care. Take the first step towards better mental health and well-being. Download our app today. 

Remember, you are not alone on this journey, and we are here to support you every step of the way. Your mental health matters, and with our app, you can prioritize it like never before. 

Download now to start your journey towards a healthier, happier you. Together, we can make a difference in your mental well-being.",Community Guidance Center,"1,000+",Healthcare community,us, accessible from anywhere,,TRUE
com.thecgc.app,Community Guidance Center,4.714286,Medical,0,TRUE,"Welcome to the Community Guidance Center's Telehealth app, your gateway to accessible and compassionate mental health support from the comfort of your own space. We understand the importance of mental well-being, and we're here to make it easier for you to connect with qualified mental health professionals whenever you need them. 

🌟 Secure and Convenient Telehealth Sessions  

Access confidential and safe video, voice, or chat sessions with our licensed therapists, counselors, and psychiatrists. Receive the support you deserve without leaving your home. 

🧠 Diverse and Expert Mental Health Providers  

Our providers are a diverse group of mental health experts, ensuring you can find the right fit for your unique needs. They specialize in multiple areas, including anxiety, depression, trauma, and relationship issues. 

🧡 Supportive Community  

Learn about our consumer Group sessions and connect with others on a similar journey. Share experiences, gain insights, and encourage one another. 

🔒 Confidential and HIPAA-Compliant  

Rest assured, your data and conversations are protected with the highest level of security and adhere to strict HIPAA guidelines. 

💼 Dedicated Case Management For those seeking long-term support, our case management feature ensures you receive personalized care and support throughout your mental health journey. 

🌐 Accessible from Anywhere  

Our app is available on multiple devices, making easy connections with your mental health provider, even while you are on the go. 

We believe you deserve access to quality mental health care, and our Mental Health Telehealth app design breaks down barriers to mental health care. Take the first step towards better mental health and well-being. Download our app today. 

Remember, you are not alone on this journey, and we are here to support you every step of the way. Your mental health matters, and with our app, you can prioritize it like never before. 

Download now to start your journey towards a healthier, happier you. Together, we can make a difference in your mental well-being.",Community Guidance Center,"1,000+",Healthcare community,us, video voice or chat sessions,,TRUE
com.thecgc.app,Community Guidance Center,4.714286,Medical,0,TRUE,"Welcome to the Community Guidance Center's Telehealth app, your gateway to accessible and compassionate mental health support from the comfort of your own space. We understand the importance of mental well-being, and we're here to make it easier for you to connect with qualified mental health professionals whenever you need them. 

🌟 Secure and Convenient Telehealth Sessions  

Access confidential and safe video, voice, or chat sessions with our licensed therapists, counselors, and psychiatrists. Receive the support you deserve without leaving your home. 

🧠 Diverse and Expert Mental Health Providers  

Our providers are a diverse group of mental health experts, ensuring you can find the right fit for your unique needs. They specialize in multiple areas, including anxiety, depression, trauma, and relationship issues. 

🧡 Supportive Community  

Learn about our consumer Group sessions and connect with others on a similar journey. Share experiences, gain insights, and encourage one another. 

🔒 Confidential and HIPAA-Compliant  

Rest assured, your data and conversations are protected with the highest level of security and adhere to strict HIPAA guidelines. 

💼 Dedicated Case Management For those seeking long-term support, our case management feature ensures you receive personalized care and support throughout your mental health journey. 

🌐 Accessible from Anywhere  

Our app is available on multiple devices, making easy connections with your mental health provider, even while you are on the go. 

We believe you deserve access to quality mental health care, and our Mental Health Telehealth app design breaks down barriers to mental health care. Take the first step towards better mental health and well-being. Download our app today. 

Remember, you are not alone on this journey, and we are here to support you every step of the way. Your mental health matters, and with our app, you can prioritize it like never before. 

Download now to start your journey towards a healthier, happier you. Together, we can make a difference in your mental well-being.",Community Guidance Center,"1,000+",Healthcare community,us, connect with qualified mental health professionals,,TRUE
org.partners.ppgmob,Patient Gateway,4.4341464,Medical,0,TRUE,"With Mass General Brigham Patient Gateway, you can
- Review test results
- Manage your appointments
- Message your doctor
- Renew your prescriptions
- Pay your bill","Mass General Brigham, Inc","100,000+",Patient engagement,us,review test results,,TRUE
org.partners.ppgmob,Patient Gateway,4.4341464,Medical,0,TRUE,"With Mass General Brigham Patient Gateway, you can
- Review test results
- Manage your appointments
- Message your doctor
- Renew your prescriptions
- Pay your bill","Mass General Brigham, Inc","100,000+",Patient engagement,us, manage appointments,,TRUE
org.partners.ppgmob,Patient Gateway,4.4341464,Medical,0,TRUE,"With Mass General Brigham Patient Gateway, you can
- Review test results
- Manage your appointments
- Message your doctor
- Renew your prescriptions
- Pay your bill","Mass General Brigham, Inc","100,000+",Patient engagement,us, message doctor,,TRUE
org.partners.ppgmob,Patient Gateway,4.4341464,Medical,0,TRUE,"With Mass General Brigham Patient Gateway, you can
- Review test results
- Manage your appointments
- Message your doctor
- Renew your prescriptions
- Pay your bill","Mass General Brigham, Inc","100,000+",Patient engagement,us, renew prescriptions,,TRUE
org.partners.ppgmob,Patient Gateway,4.4341464,Medical,0,TRUE,"With Mass General Brigham Patient Gateway, you can
- Review test results
- Manage your appointments
- Message your doctor
- Renew your prescriptions
- Pay your bill","Mass General Brigham, Inc","100,000+",Patient engagement,us, pay bill,,TRUE
health.human.app,Human Health Tracker,4.53,Medical,0,TRUE,"💗 Human Health: Symptom Tracker, Medication Reminder & Digital Health Record

The ultimate app to track symptoms, medications & treatments, turning your daily experience into actionable data.

With Human Health, you can create a secure digital health record to monitor how your symptoms or overall health are changing over time. Designed with input from patients, parents & medical experts from top US hospitals & universities, Human Health helps manage symptoms & treatments for chronic conditions, mental health, neurological disorders, pain, autoimmune diseases & more.

Key Features:
🤒 SYMPTOM TRACKER & HEALTH JOURNAL
- Track over 1700+ symptoms daily, including chronic symptoms, mental health symptoms, neurological symptoms, pain symptoms, autoimmune symptoms, and gastrointestinal symptoms.
- Get personalized insights into how symptoms change over time.
- Add photos and notes to symptoms for more in-depth information.
- Create a mood journal to monitor mental health symptoms like stress, anxiety, depression, and emotional well-being.

💊 MEDICATION REMINDER, TREATMENTS LOG & PILL TRACKER
- Log medications, treatments, and supplements with custom reminders.
- Track 100,000+ treatments, including therapies, assistive devices, and lifestyle changes.
- Create a flexible medication & treatment plan: choose medication frequency that works for you.
- Track medication & treatment adherence & compare it to your symptom data

🧠 MENTAL HEALTH TRACKER & MOOD JOURNAL
- Log mental health symptoms like anxiety, depression, & mood swings.
- Track mental health patterns & understand mood fluctuations.
- See how medications & lifestyle changes impact mental health.
- Journal to better manage your mental health.

👩‍⚕️ DOCTOR READY HEALTH REPORTS
- Generate a free 3-month health summary (symptom & medications) for doctor visits.
- Customizable reports for greater flexibility to highlight relevant symptoms & medication changes e.g. only include mental health symptoms and mental health medications for therapists. 
- Store & access lab results, scans, & medical records for easy access.

🤝 FAMILY SYMPTOM & MEDICATION TRACKING
- Create multiple profiles for your family in Human Health.
- Use Human Health as your own symptom tracker & medication reminder
- Use Human Health as a symptom tracker & medication reminder for your family. 

🔒 YOUR PRIVACY, OUR PRIORITY
-Encrypted and protected data, with control over who views your information.
-Your personal data will never be sold, and you can delete it anytime.
-Always accessible data—download, export, or delete files when needed.

For more information, visit: https://humanhealth.zendesk.com/hc/en-us
Privacy Policy: https://humanhealth.zendesk.com/hc/en-us/articles/17643897206681-Our-Privacy-Policy
For support, email: support@human.health

Insights provided by Human Health do not constitute medical advice. Always consult your doctor before making any medical decisions.",Human Operations Pty Ltd,"100,000+",Chronic disease management,us,symptom tracker,,TRUE
health.human.app,Human Health Tracker,4.53,Medical,0,TRUE,"💗 Human Health: Symptom Tracker, Medication Reminder & Digital Health Record

The ultimate app to track symptoms, medications & treatments, turning your daily experience into actionable data.

With Human Health, you can create a secure digital health record to monitor how your symptoms or overall health are changing over time. Designed with input from patients, parents & medical experts from top US hospitals & universities, Human Health helps manage symptoms & treatments for chronic conditions, mental health, neurological disorders, pain, autoimmune diseases & more.

Key Features:
🤒 SYMPTOM TRACKER & HEALTH JOURNAL
- Track over 1700+ symptoms daily, including chronic symptoms, mental health symptoms, neurological symptoms, pain symptoms, autoimmune symptoms, and gastrointestinal symptoms.
- Get personalized insights into how symptoms change over time.
- Add photos and notes to symptoms for more in-depth information.
- Create a mood journal to monitor mental health symptoms like stress, anxiety, depression, and emotional well-being.

💊 MEDICATION REMINDER, TREATMENTS LOG & PILL TRACKER
- Log medications, treatments, and supplements with custom reminders.
- Track 100,000+ treatments, including therapies, assistive devices, and lifestyle changes.
- Create a flexible medication & treatment plan: choose medication frequency that works for you.
- Track medication & treatment adherence & compare it to your symptom data

🧠 MENTAL HEALTH TRACKER & MOOD JOURNAL
- Log mental health symptoms like anxiety, depression, & mood swings.
- Track mental health patterns & understand mood fluctuations.
- See how medications & lifestyle changes impact mental health.
- Journal to better manage your mental health.

👩‍⚕️ DOCTOR READY HEALTH REPORTS
- Generate a free 3-month health summary (symptom & medications) for doctor visits.
- Customizable reports for greater flexibility to highlight relevant symptoms & medication changes e.g. only include mental health symptoms and mental health medications for therapists. 
- Store & access lab results, scans, & medical records for easy access.

🤝 FAMILY SYMPTOM & MEDICATION TRACKING
- Create multiple profiles for your family in Human Health.
- Use Human Health as your own symptom tracker & medication reminder
- Use Human Health as a symptom tracker & medication reminder for your family. 

🔒 YOUR PRIVACY, OUR PRIORITY
-Encrypted and protected data, with control over who views your information.
-Your personal data will never be sold, and you can delete it anytime.
-Always accessible data—download, export, or delete files when needed.

For more information, visit: https://humanhealth.zendesk.com/hc/en-us
Privacy Policy: https://humanhealth.zendesk.com/hc/en-us/articles/17643897206681-Our-Privacy-Policy
For support, email: support@human.health

Insights provided by Human Health do not constitute medical advice. Always consult your doctor before making any medical decisions.",Human Operations Pty Ltd,"100,000+",Chronic disease management,us, medication reminder,,TRUE
health.human.app,Human Health Tracker,4.53,Medical,0,TRUE,"💗 Human Health: Symptom Tracker, Medication Reminder & Digital Health Record

The ultimate app to track symptoms, medications & treatments, turning your daily experience into actionable data.

With Human Health, you can create a secure digital health record to monitor how your symptoms or overall health are changing over time. Designed with input from patients, parents & medical experts from top US hospitals & universities, Human Health helps manage symptoms & treatments for chronic conditions, mental health, neurological disorders, pain, autoimmune diseases & more.

Key Features:
🤒 SYMPTOM TRACKER & HEALTH JOURNAL
- Track over 1700+ symptoms daily, including chronic symptoms, mental health symptoms, neurological symptoms, pain symptoms, autoimmune symptoms, and gastrointestinal symptoms.
- Get personalized insights into how symptoms change over time.
- Add photos and notes to symptoms for more in-depth information.
- Create a mood journal to monitor mental health symptoms like stress, anxiety, depression, and emotional well-being.

💊 MEDICATION REMINDER, TREATMENTS LOG & PILL TRACKER
- Log medications, treatments, and supplements with custom reminders.
- Track 100,000+ treatments, including therapies, assistive devices, and lifestyle changes.
- Create a flexible medication & treatment plan: choose medication frequency that works for you.
- Track medication & treatment adherence & compare it to your symptom data

🧠 MENTAL HEALTH TRACKER & MOOD JOURNAL
- Log mental health symptoms like anxiety, depression, & mood swings.
- Track mental health patterns & understand mood fluctuations.
- See how medications & lifestyle changes impact mental health.
- Journal to better manage your mental health.

👩‍⚕️ DOCTOR READY HEALTH REPORTS
- Generate a free 3-month health summary (symptom & medications) for doctor visits.
- Customizable reports for greater flexibility to highlight relevant symptoms & medication changes e.g. only include mental health symptoms and mental health medications for therapists. 
- Store & access lab results, scans, & medical records for easy access.

🤝 FAMILY SYMPTOM & MEDICATION TRACKING
- Create multiple profiles for your family in Human Health.
- Use Human Health as your own symptom tracker & medication reminder
- Use Human Health as a symptom tracker & medication reminder for your family. 

🔒 YOUR PRIVACY, OUR PRIORITY
-Encrypted and protected data, with control over who views your information.
-Your personal data will never be sold, and you can delete it anytime.
-Always accessible data—download, export, or delete files when needed.

For more information, visit: https://humanhealth.zendesk.com/hc/en-us
Privacy Policy: https://humanhealth.zendesk.com/hc/en-us/articles/17643897206681-Our-Privacy-Policy
For support, email: support@human.health

Insights provided by Human Health do not constitute medical advice. Always consult your doctor before making any medical decisions.",Human Operations Pty Ltd,"100,000+",Chronic disease management,us, digital health record,,TRUE
health.human.app,Human Health Tracker,4.53,Medical,0,TRUE,"💗 Human Health: Symptom Tracker, Medication Reminder & Digital Health Record

The ultimate app to track symptoms, medications & treatments, turning your daily experience into actionable data.

With Human Health, you can create a secure digital health record to monitor how your symptoms or overall health are changing over time. Designed with input from patients, parents & medical experts from top US hospitals & universities, Human Health helps manage symptoms & treatments for chronic conditions, mental health, neurological disorders, pain, autoimmune diseases & more.

Key Features:
🤒 SYMPTOM TRACKER & HEALTH JOURNAL
- Track over 1700+ symptoms daily, including chronic symptoms, mental health symptoms, neurological symptoms, pain symptoms, autoimmune symptoms, and gastrointestinal symptoms.
- Get personalized insights into how symptoms change over time.
- Add photos and notes to symptoms for more in-depth information.
- Create a mood journal to monitor mental health symptoms like stress, anxiety, depression, and emotional well-being.

💊 MEDICATION REMINDER, TREATMENTS LOG & PILL TRACKER
- Log medications, treatments, and supplements with custom reminders.
- Track 100,000+ treatments, including therapies, assistive devices, and lifestyle changes.
- Create a flexible medication & treatment plan: choose medication frequency that works for you.
- Track medication & treatment adherence & compare it to your symptom data

🧠 MENTAL HEALTH TRACKER & MOOD JOURNAL
- Log mental health symptoms like anxiety, depression, & mood swings.
- Track mental health patterns & understand mood fluctuations.
- See how medications & lifestyle changes impact mental health.
- Journal to better manage your mental health.

👩‍⚕️ DOCTOR READY HEALTH REPORTS
- Generate a free 3-month health summary (symptom & medications) for doctor visits.
- Customizable reports for greater flexibility to highlight relevant symptoms & medication changes e.g. only include mental health symptoms and mental health medications for therapists. 
- Store & access lab results, scans, & medical records for easy access.

🤝 FAMILY SYMPTOM & MEDICATION TRACKING
- Create multiple profiles for your family in Human Health.
- Use Human Health as your own symptom tracker & medication reminder
- Use Human Health as a symptom tracker & medication reminder for your family. 

🔒 YOUR PRIVACY, OUR PRIORITY
-Encrypted and protected data, with control over who views your information.
-Your personal data will never be sold, and you can delete it anytime.
-Always accessible data—download, export, or delete files when needed.

For more information, visit: https://humanhealth.zendesk.com/hc/en-us
Privacy Policy: https://humanhealth.zendesk.com/hc/en-us/articles/17643897206681-Our-Privacy-Policy
For support, email: support@human.health

Insights provided by Human Health do not constitute medical advice. Always consult your doctor before making any medical decisions.",Human Operations Pty Ltd,"100,000+",Chronic disease management,us, secure data storage,,FALSE
health.human.app,Human Health Tracker,4.53,Medical,0,TRUE,"💗 Human Health: Symptom Tracker, Medication Reminder & Digital Health Record

The ultimate app to track symptoms, medications & treatments, turning your daily experience into actionable data.

With Human Health, you can create a secure digital health record to monitor how your symptoms or overall health are changing over time. Designed with input from patients, parents & medical experts from top US hospitals & universities, Human Health helps manage symptoms & treatments for chronic conditions, mental health, neurological disorders, pain, autoimmune diseases & more.

Key Features:
🤒 SYMPTOM TRACKER & HEALTH JOURNAL
- Track over 1700+ symptoms daily, including chronic symptoms, mental health symptoms, neurological symptoms, pain symptoms, autoimmune symptoms, and gastrointestinal symptoms.
- Get personalized insights into how symptoms change over time.
- Add photos and notes to symptoms for more in-depth information.
- Create a mood journal to monitor mental health symptoms like stress, anxiety, depression, and emotional well-being.

💊 MEDICATION REMINDER, TREATMENTS LOG & PILL TRACKER
- Log medications, treatments, and supplements with custom reminders.
- Track 100,000+ treatments, including therapies, assistive devices, and lifestyle changes.
- Create a flexible medication & treatment plan: choose medication frequency that works for you.
- Track medication & treatment adherence & compare it to your symptom data

🧠 MENTAL HEALTH TRACKER & MOOD JOURNAL
- Log mental health symptoms like anxiety, depression, & mood swings.
- Track mental health patterns & understand mood fluctuations.
- See how medications & lifestyle changes impact mental health.
- Journal to better manage your mental health.

👩‍⚕️ DOCTOR READY HEALTH REPORTS
- Generate a free 3-month health summary (symptom & medications) for doctor visits.
- Customizable reports for greater flexibility to highlight relevant symptoms & medication changes e.g. only include mental health symptoms and mental health medications for therapists. 
- Store & access lab results, scans, & medical records for easy access.

🤝 FAMILY SYMPTOM & MEDICATION TRACKING
- Create multiple profiles for your family in Human Health.
- Use Human Health as your own symptom tracker & medication reminder
- Use Human Health as a symptom tracker & medication reminder for your family. 

🔒 YOUR PRIVACY, OUR PRIORITY
-Encrypted and protected data, with control over who views your information.
-Your personal data will never be sold, and you can delete it anytime.
-Always accessible data—download, export, or delete files when needed.

For more information, visit: https://humanhealth.zendesk.com/hc/en-us
Privacy Policy: https://humanhealth.zendesk.com/hc/en-us/articles/17643897206681-Our-Privacy-Policy
For support, email: support@human.health

Insights provided by Human Health do not constitute medical advice. Always consult your doctor before making any medical decisions.",Human Operations Pty Ltd,"100,000+",Chronic disease management,us, personalized insights,,TRUE
health.human.app,Human Health Tracker,4.53,Medical,0,TRUE,"💗 Human Health: Symptom Tracker, Medication Reminder & Digital Health Record

The ultimate app to track symptoms, medications & treatments, turning your daily experience into actionable data.

With Human Health, you can create a secure digital health record to monitor how your symptoms or overall health are changing over time. Designed with input from patients, parents & medical experts from top US hospitals & universities, Human Health helps manage symptoms & treatments for chronic conditions, mental health, neurological disorders, pain, autoimmune diseases & more.

Key Features:
🤒 SYMPTOM TRACKER & HEALTH JOURNAL
- Track over 1700+ symptoms daily, including chronic symptoms, mental health symptoms, neurological symptoms, pain symptoms, autoimmune symptoms, and gastrointestinal symptoms.
- Get personalized insights into how symptoms change over time.
- Add photos and notes to symptoms for more in-depth information.
- Create a mood journal to monitor mental health symptoms like stress, anxiety, depression, and emotional well-being.

💊 MEDICATION REMINDER, TREATMENTS LOG & PILL TRACKER
- Log medications, treatments, and supplements with custom reminders.
- Track 100,000+ treatments, including therapies, assistive devices, and lifestyle changes.
- Create a flexible medication & treatment plan: choose medication frequency that works for you.
- Track medication & treatment adherence & compare it to your symptom data

🧠 MENTAL HEALTH TRACKER & MOOD JOURNAL
- Log mental health symptoms like anxiety, depression, & mood swings.
- Track mental health patterns & understand mood fluctuations.
- See how medications & lifestyle changes impact mental health.
- Journal to better manage your mental health.

👩‍⚕️ DOCTOR READY HEALTH REPORTS
- Generate a free 3-month health summary (symptom & medications) for doctor visits.
- Customizable reports for greater flexibility to highlight relevant symptoms & medication changes e.g. only include mental health symptoms and mental health medications for therapists. 
- Store & access lab results, scans, & medical records for easy access.

🤝 FAMILY SYMPTOM & MEDICATION TRACKING
- Create multiple profiles for your family in Human Health.
- Use Human Health as your own symptom tracker & medication reminder
- Use Human Health as a symptom tracker & medication reminder for your family. 

🔒 YOUR PRIVACY, OUR PRIORITY
-Encrypted and protected data, with control over who views your information.
-Your personal data will never be sold, and you can delete it anytime.
-Always accessible data—download, export, or delete files when needed.

For more information, visit: https://humanhealth.zendesk.com/hc/en-us
Privacy Policy: https://humanhealth.zendesk.com/hc/en-us/articles/17643897206681-Our-Privacy-Policy
For support, email: support@human.health

Insights provided by Human Health do not constitute medical advice. Always consult your doctor before making any medical decisions.",Human Operations Pty Ltd,"100,000+",Chronic disease management,us, mood journal,,TRUE
health.human.app,Human Health Tracker,4.53,Medical,0,TRUE,"💗 Human Health: Symptom Tracker, Medication Reminder & Digital Health Record

The ultimate app to track symptoms, medications & treatments, turning your daily experience into actionable data.

With Human Health, you can create a secure digital health record to monitor how your symptoms or overall health are changing over time. Designed with input from patients, parents & medical experts from top US hospitals & universities, Human Health helps manage symptoms & treatments for chronic conditions, mental health, neurological disorders, pain, autoimmune diseases & more.

Key Features:
🤒 SYMPTOM TRACKER & HEALTH JOURNAL
- Track over 1700+ symptoms daily, including chronic symptoms, mental health symptoms, neurological symptoms, pain symptoms, autoimmune symptoms, and gastrointestinal symptoms.
- Get personalized insights into how symptoms change over time.
- Add photos and notes to symptoms for more in-depth information.
- Create a mood journal to monitor mental health symptoms like stress, anxiety, depression, and emotional well-being.

💊 MEDICATION REMINDER, TREATMENTS LOG & PILL TRACKER
- Log medications, treatments, and supplements with custom reminders.
- Track 100,000+ treatments, including therapies, assistive devices, and lifestyle changes.
- Create a flexible medication & treatment plan: choose medication frequency that works for you.
- Track medication & treatment adherence & compare it to your symptom data

🧠 MENTAL HEALTH TRACKER & MOOD JOURNAL
- Log mental health symptoms like anxiety, depression, & mood swings.
- Track mental health patterns & understand mood fluctuations.
- See how medications & lifestyle changes impact mental health.
- Journal to better manage your mental health.

👩‍⚕️ DOCTOR READY HEALTH REPORTS
- Generate a free 3-month health summary (symptom & medications) for doctor visits.
- Customizable reports for greater flexibility to highlight relevant symptoms & medication changes e.g. only include mental health symptoms and mental health medications for therapists. 
- Store & access lab results, scans, & medical records for easy access.

🤝 FAMILY SYMPTOM & MEDICATION TRACKING
- Create multiple profiles for your family in Human Health.
- Use Human Health as your own symptom tracker & medication reminder
- Use Human Health as a symptom tracker & medication reminder for your family. 

🔒 YOUR PRIVACY, OUR PRIORITY
-Encrypted and protected data, with control over who views your information.
-Your personal data will never be sold, and you can delete it anytime.
-Always accessible data—download, export, or delete files when needed.

For more information, visit: https://humanhealth.zendesk.com/hc/en-us
Privacy Policy: https://humanhealth.zendesk.com/hc/en-us/articles/17643897206681-Our-Privacy-Policy
For support, email: support@human.health

Insights provided by Human Health do not constitute medical advice. Always consult your doctor before making any medical decisions.",Human Operations Pty Ltd,"100,000+",Chronic disease management,us, medication adherence tracking,,TRUE
health.human.app,Human Health Tracker,4.53,Medical,0,TRUE,"💗 Human Health: Symptom Tracker, Medication Reminder & Digital Health Record

The ultimate app to track symptoms, medications & treatments, turning your daily experience into actionable data.

With Human Health, you can create a secure digital health record to monitor how your symptoms or overall health are changing over time. Designed with input from patients, parents & medical experts from top US hospitals & universities, Human Health helps manage symptoms & treatments for chronic conditions, mental health, neurological disorders, pain, autoimmune diseases & more.

Key Features:
🤒 SYMPTOM TRACKER & HEALTH JOURNAL
- Track over 1700+ symptoms daily, including chronic symptoms, mental health symptoms, neurological symptoms, pain symptoms, autoimmune symptoms, and gastrointestinal symptoms.
- Get personalized insights into how symptoms change over time.
- Add photos and notes to symptoms for more in-depth information.
- Create a mood journal to monitor mental health symptoms like stress, anxiety, depression, and emotional well-being.

💊 MEDICATION REMINDER, TREATMENTS LOG & PILL TRACKER
- Log medications, treatments, and supplements with custom reminders.
- Track 100,000+ treatments, including therapies, assistive devices, and lifestyle changes.
- Create a flexible medication & treatment plan: choose medication frequency that works for you.
- Track medication & treatment adherence & compare it to your symptom data

🧠 MENTAL HEALTH TRACKER & MOOD JOURNAL
- Log mental health symptoms like anxiety, depression, & mood swings.
- Track mental health patterns & understand mood fluctuations.
- See how medications & lifestyle changes impact mental health.
- Journal to better manage your mental health.

👩‍⚕️ DOCTOR READY HEALTH REPORTS
- Generate a free 3-month health summary (symptom & medications) for doctor visits.
- Customizable reports for greater flexibility to highlight relevant symptoms & medication changes e.g. only include mental health symptoms and mental health medications for therapists. 
- Store & access lab results, scans, & medical records for easy access.

🤝 FAMILY SYMPTOM & MEDICATION TRACKING
- Create multiple profiles for your family in Human Health.
- Use Human Health as your own symptom tracker & medication reminder
- Use Human Health as a symptom tracker & medication reminder for your family. 

🔒 YOUR PRIVACY, OUR PRIORITY
-Encrypted and protected data, with control over who views your information.
-Your personal data will never be sold, and you can delete it anytime.
-Always accessible data—download, export, or delete files when needed.

For more information, visit: https://humanhealth.zendesk.com/hc/en-us
Privacy Policy: https://humanhealth.zendesk.com/hc/en-us/articles/17643897206681-Our-Privacy-Policy
For support, email: support@human.health

Insights provided by Human Health do not constitute medical advice. Always consult your doctor before making any medical decisions.",Human Operations Pty Ltd,"100,000+",Chronic disease management,us, treatment log,,TRUE
health.human.app,Human Health Tracker,4.53,Medical,0,TRUE,"💗 Human Health: Symptom Tracker, Medication Reminder & Digital Health Record

The ultimate app to track symptoms, medications & treatments, turning your daily experience into actionable data.

With Human Health, you can create a secure digital health record to monitor how your symptoms or overall health are changing over time. Designed with input from patients, parents & medical experts from top US hospitals & universities, Human Health helps manage symptoms & treatments for chronic conditions, mental health, neurological disorders, pain, autoimmune diseases & more.

Key Features:
🤒 SYMPTOM TRACKER & HEALTH JOURNAL
- Track over 1700+ symptoms daily, including chronic symptoms, mental health symptoms, neurological symptoms, pain symptoms, autoimmune symptoms, and gastrointestinal symptoms.
- Get personalized insights into how symptoms change over time.
- Add photos and notes to symptoms for more in-depth information.
- Create a mood journal to monitor mental health symptoms like stress, anxiety, depression, and emotional well-being.

💊 MEDICATION REMINDER, TREATMENTS LOG & PILL TRACKER
- Log medications, treatments, and supplements with custom reminders.
- Track 100,000+ treatments, including therapies, assistive devices, and lifestyle changes.
- Create a flexible medication & treatment plan: choose medication frequency that works for you.
- Track medication & treatment adherence & compare it to your symptom data

🧠 MENTAL HEALTH TRACKER & MOOD JOURNAL
- Log mental health symptoms like anxiety, depression, & mood swings.
- Track mental health patterns & understand mood fluctuations.
- See how medications & lifestyle changes impact mental health.
- Journal to better manage your mental health.

👩‍⚕️ DOCTOR READY HEALTH REPORTS
- Generate a free 3-month health summary (symptom & medications) for doctor visits.
- Customizable reports for greater flexibility to highlight relevant symptoms & medication changes e.g. only include mental health symptoms and mental health medications for therapists. 
- Store & access lab results, scans, & medical records for easy access.

🤝 FAMILY SYMPTOM & MEDICATION TRACKING
- Create multiple profiles for your family in Human Health.
- Use Human Health as your own symptom tracker & medication reminder
- Use Human Health as a symptom tracker & medication reminder for your family. 

🔒 YOUR PRIVACY, OUR PRIORITY
-Encrypted and protected data, with control over who views your information.
-Your personal data will never be sold, and you can delete it anytime.
-Always accessible data—download, export, or delete files when needed.

For more information, visit: https://humanhealth.zendesk.com/hc/en-us
Privacy Policy: https://humanhealth.zendesk.com/hc/en-us/articles/17643897206681-Our-Privacy-Policy
For support, email: support@human.health

Insights provided by Human Health do not constitute medical advice. Always consult your doctor before making any medical decisions.",Human Operations Pty Ltd,"100,000+",Chronic disease management,us, pill tracker,,TRUE
health.human.app,Human Health Tracker,4.53,Medical,0,TRUE,"💗 Human Health: Symptom Tracker, Medication Reminder & Digital Health Record

The ultimate app to track symptoms, medications & treatments, turning your daily experience into actionable data.

With Human Health, you can create a secure digital health record to monitor how your symptoms or overall health are changing over time. Designed with input from patients, parents & medical experts from top US hospitals & universities, Human Health helps manage symptoms & treatments for chronic conditions, mental health, neurological disorders, pain, autoimmune diseases & more.

Key Features:
🤒 SYMPTOM TRACKER & HEALTH JOURNAL
- Track over 1700+ symptoms daily, including chronic symptoms, mental health symptoms, neurological symptoms, pain symptoms, autoimmune symptoms, and gastrointestinal symptoms.
- Get personalized insights into how symptoms change over time.
- Add photos and notes to symptoms for more in-depth information.
- Create a mood journal to monitor mental health symptoms like stress, anxiety, depression, and emotional well-being.

💊 MEDICATION REMINDER, TREATMENTS LOG & PILL TRACKER
- Log medications, treatments, and supplements with custom reminders.
- Track 100,000+ treatments, including therapies, assistive devices, and lifestyle changes.
- Create a flexible medication & treatment plan: choose medication frequency that works for you.
- Track medication & treatment adherence & compare it to your symptom data

🧠 MENTAL HEALTH TRACKER & MOOD JOURNAL
- Log mental health symptoms like anxiety, depression, & mood swings.
- Track mental health patterns & understand mood fluctuations.
- See how medications & lifestyle changes impact mental health.
- Journal to better manage your mental health.

👩‍⚕️ DOCTOR READY HEALTH REPORTS
- Generate a free 3-month health summary (symptom & medications) for doctor visits.
- Customizable reports for greater flexibility to highlight relevant symptoms & medication changes e.g. only include mental health symptoms and mental health medications for therapists. 
- Store & access lab results, scans, & medical records for easy access.

🤝 FAMILY SYMPTOM & MEDICATION TRACKING
- Create multiple profiles for your family in Human Health.
- Use Human Health as your own symptom tracker & medication reminder
- Use Human Health as a symptom tracker & medication reminder for your family. 

🔒 YOUR PRIVACY, OUR PRIORITY
-Encrypted and protected data, with control over who views your information.
-Your personal data will never be sold, and you can delete it anytime.
-Always accessible data—download, export, or delete files when needed.

For more information, visit: https://humanhealth.zendesk.com/hc/en-us
Privacy Policy: https://humanhealth.zendesk.com/hc/en-us/articles/17643897206681-Our-Privacy-Policy
For support, email: support@human.health

Insights provided by Human Health do not constitute medical advice. Always consult your doctor before making any medical decisions.",Human Operations Pty Ltd,"100,000+",Chronic disease management,us, mental health tracker,,TRUE
health.human.app,Human Health Tracker,4.53,Medical,0,TRUE,"💗 Human Health: Symptom Tracker, Medication Reminder & Digital Health Record

The ultimate app to track symptoms, medications & treatments, turning your daily experience into actionable data.

With Human Health, you can create a secure digital health record to monitor how your symptoms or overall health are changing over time. Designed with input from patients, parents & medical experts from top US hospitals & universities, Human Health helps manage symptoms & treatments for chronic conditions, mental health, neurological disorders, pain, autoimmune diseases & more.

Key Features:
🤒 SYMPTOM TRACKER & HEALTH JOURNAL
- Track over 1700+ symptoms daily, including chronic symptoms, mental health symptoms, neurological symptoms, pain symptoms, autoimmune symptoms, and gastrointestinal symptoms.
- Get personalized insights into how symptoms change over time.
- Add photos and notes to symptoms for more in-depth information.
- Create a mood journal to monitor mental health symptoms like stress, anxiety, depression, and emotional well-being.

💊 MEDICATION REMINDER, TREATMENTS LOG & PILL TRACKER
- Log medications, treatments, and supplements with custom reminders.
- Track 100,000+ treatments, including therapies, assistive devices, and lifestyle changes.
- Create a flexible medication & treatment plan: choose medication frequency that works for you.
- Track medication & treatment adherence & compare it to your symptom data

🧠 MENTAL HEALTH TRACKER & MOOD JOURNAL
- Log mental health symptoms like anxiety, depression, & mood swings.
- Track mental health patterns & understand mood fluctuations.
- See how medications & lifestyle changes impact mental health.
- Journal to better manage your mental health.

👩‍⚕️ DOCTOR READY HEALTH REPORTS
- Generate a free 3-month health summary (symptom & medications) for doctor visits.
- Customizable reports for greater flexibility to highlight relevant symptoms & medication changes e.g. only include mental health symptoms and mental health medications for therapists. 
- Store & access lab results, scans, & medical records for easy access.

🤝 FAMILY SYMPTOM & MEDICATION TRACKING
- Create multiple profiles for your family in Human Health.
- Use Human Health as your own symptom tracker & medication reminder
- Use Human Health as a symptom tracker & medication reminder for your family. 

🔒 YOUR PRIVACY, OUR PRIORITY
-Encrypted and protected data, with control over who views your information.
-Your personal data will never be sold, and you can delete it anytime.
-Always accessible data—download, export, or delete files when needed.

For more information, visit: https://humanhealth.zendesk.com/hc/en-us
Privacy Policy: https://humanhealth.zendesk.com/hc/en-us/articles/17643897206681-Our-Privacy-Policy
For support, email: support@human.health

Insights provided by Human Health do not constitute medical advice. Always consult your doctor before making any medical decisions.",Human Operations Pty Ltd,"100,000+",Chronic disease management,us, doctor ready health reports,,TRUE
health.human.app,Human Health Tracker,4.53,Medical,0,TRUE,"💗 Human Health: Symptom Tracker, Medication Reminder & Digital Health Record

The ultimate app to track symptoms, medications & treatments, turning your daily experience into actionable data.

With Human Health, you can create a secure digital health record to monitor how your symptoms or overall health are changing over time. Designed with input from patients, parents & medical experts from top US hospitals & universities, Human Health helps manage symptoms & treatments for chronic conditions, mental health, neurological disorders, pain, autoimmune diseases & more.

Key Features:
🤒 SYMPTOM TRACKER & HEALTH JOURNAL
- Track over 1700+ symptoms daily, including chronic symptoms, mental health symptoms, neurological symptoms, pain symptoms, autoimmune symptoms, and gastrointestinal symptoms.
- Get personalized insights into how symptoms change over time.
- Add photos and notes to symptoms for more in-depth information.
- Create a mood journal to monitor mental health symptoms like stress, anxiety, depression, and emotional well-being.

💊 MEDICATION REMINDER, TREATMENTS LOG & PILL TRACKER
- Log medications, treatments, and supplements with custom reminders.
- Track 100,000+ treatments, including therapies, assistive devices, and lifestyle changes.
- Create a flexible medication & treatment plan: choose medication frequency that works for you.
- Track medication & treatment adherence & compare it to your symptom data

🧠 MENTAL HEALTH TRACKER & MOOD JOURNAL
- Log mental health symptoms like anxiety, depression, & mood swings.
- Track mental health patterns & understand mood fluctuations.
- See how medications & lifestyle changes impact mental health.
- Journal to better manage your mental health.

👩‍⚕️ DOCTOR READY HEALTH REPORTS
- Generate a free 3-month health summary (symptom & medications) for doctor visits.
- Customizable reports for greater flexibility to highlight relevant symptoms & medication changes e.g. only include mental health symptoms and mental health medications for therapists. 
- Store & access lab results, scans, & medical records for easy access.

🤝 FAMILY SYMPTOM & MEDICATION TRACKING
- Create multiple profiles for your family in Human Health.
- Use Human Health as your own symptom tracker & medication reminder
- Use Human Health as a symptom tracker & medication reminder for your family. 

🔒 YOUR PRIVACY, OUR PRIORITY
-Encrypted and protected data, with control over who views your information.
-Your personal data will never be sold, and you can delete it anytime.
-Always accessible data—download, export, or delete files when needed.

For more information, visit: https://humanhealth.zendesk.com/hc/en-us
Privacy Policy: https://humanhealth.zendesk.com/hc/en-us/articles/17643897206681-Our-Privacy-Policy
For support, email: support@human.health

Insights provided by Human Health do not constitute medical advice. Always consult your doctor before making any medical decisions.",Human Operations Pty Ltd,"100,000+",Chronic disease management,us, family symptom tracking,,TRUE
health.human.app,Human Health Tracker,4.53,Medical,0,TRUE,"💗 Human Health: Symptom Tracker, Medication Reminder & Digital Health Record

The ultimate app to track symptoms, medications & treatments, turning your daily experience into actionable data.

With Human Health, you can create a secure digital health record to monitor how your symptoms or overall health are changing over time. Designed with input from patients, parents & medical experts from top US hospitals & universities, Human Health helps manage symptoms & treatments for chronic conditions, mental health, neurological disorders, pain, autoimmune diseases & more.

Key Features:
🤒 SYMPTOM TRACKER & HEALTH JOURNAL
- Track over 1700+ symptoms daily, including chronic symptoms, mental health symptoms, neurological symptoms, pain symptoms, autoimmune symptoms, and gastrointestinal symptoms.
- Get personalized insights into how symptoms change over time.
- Add photos and notes to symptoms for more in-depth information.
- Create a mood journal to monitor mental health symptoms like stress, anxiety, depression, and emotional well-being.

💊 MEDICATION REMINDER, TREATMENTS LOG & PILL TRACKER
- Log medications, treatments, and supplements with custom reminders.
- Track 100,000+ treatments, including therapies, assistive devices, and lifestyle changes.
- Create a flexible medication & treatment plan: choose medication frequency that works for you.
- Track medication & treatment adherence & compare it to your symptom data

🧠 MENTAL HEALTH TRACKER & MOOD JOURNAL
- Log mental health symptoms like anxiety, depression, & mood swings.
- Track mental health patterns & understand mood fluctuations.
- See how medications & lifestyle changes impact mental health.
- Journal to better manage your mental health.

👩‍⚕️ DOCTOR READY HEALTH REPORTS
- Generate a free 3-month health summary (symptom & medications) for doctor visits.
- Customizable reports for greater flexibility to highlight relevant symptoms & medication changes e.g. only include mental health symptoms and mental health medications for therapists. 
- Store & access lab results, scans, & medical records for easy access.

🤝 FAMILY SYMPTOM & MEDICATION TRACKING
- Create multiple profiles for your family in Human Health.
- Use Human Health as your own symptom tracker & medication reminder
- Use Human Health as a symptom tracker & medication reminder for your family. 

🔒 YOUR PRIVACY, OUR PRIORITY
-Encrypted and protected data, with control over who views your information.
-Your personal data will never be sold, and you can delete it anytime.
-Always accessible data—download, export, or delete files when needed.

For more information, visit: https://humanhealth.zendesk.com/hc/en-us
Privacy Policy: https://humanhealth.zendesk.com/hc/en-us/articles/17643897206681-Our-Privacy-Policy
For support, email: support@human.health

Insights provided by Human Health do not constitute medical advice. Always consult your doctor before making any medical decisions.",Human Operations Pty Ltd,"100,000+",Chronic disease management,us, family medication tracking,,TRUE
health.human.app,Human Health Tracker,4.53,Medical,0,TRUE,"💗 Human Health: Symptom Tracker, Medication Reminder & Digital Health Record

The ultimate app to track symptoms, medications & treatments, turning your daily experience into actionable data.

With Human Health, you can create a secure digital health record to monitor how your symptoms or overall health are changing over time. Designed with input from patients, parents & medical experts from top US hospitals & universities, Human Health helps manage symptoms & treatments for chronic conditions, mental health, neurological disorders, pain, autoimmune diseases & more.

Key Features:
🤒 SYMPTOM TRACKER & HEALTH JOURNAL
- Track over 1700+ symptoms daily, including chronic symptoms, mental health symptoms, neurological symptoms, pain symptoms, autoimmune symptoms, and gastrointestinal symptoms.
- Get personalized insights into how symptoms change over time.
- Add photos and notes to symptoms for more in-depth information.
- Create a mood journal to monitor mental health symptoms like stress, anxiety, depression, and emotional well-being.

💊 MEDICATION REMINDER, TREATMENTS LOG & PILL TRACKER
- Log medications, treatments, and supplements with custom reminders.
- Track 100,000+ treatments, including therapies, assistive devices, and lifestyle changes.
- Create a flexible medication & treatment plan: choose medication frequency that works for you.
- Track medication & treatment adherence & compare it to your symptom data

🧠 MENTAL HEALTH TRACKER & MOOD JOURNAL
- Log mental health symptoms like anxiety, depression, & mood swings.
- Track mental health patterns & understand mood fluctuations.
- See how medications & lifestyle changes impact mental health.
- Journal to better manage your mental health.

👩‍⚕️ DOCTOR READY HEALTH REPORTS
- Generate a free 3-month health summary (symptom & medications) for doctor visits.
- Customizable reports for greater flexibility to highlight relevant symptoms & medication changes e.g. only include mental health symptoms and mental health medications for therapists. 
- Store & access lab results, scans, & medical records for easy access.

🤝 FAMILY SYMPTOM & MEDICATION TRACKING
- Create multiple profiles for your family in Human Health.
- Use Human Health as your own symptom tracker & medication reminder
- Use Human Health as a symptom tracker & medication reminder for your family. 

🔒 YOUR PRIVACY, OUR PRIORITY
-Encrypted and protected data, with control over who views your information.
-Your personal data will never be sold, and you can delete it anytime.
-Always accessible data—download, export, or delete files when needed.

For more information, visit: https://humanhealth.zendesk.com/hc/en-us
Privacy Policy: https://humanhealth.zendesk.com/hc/en-us/articles/17643897206681-Our-Privacy-Policy
For support, email: support@human.health

Insights provided by Human Health do not constitute medical advice. Always consult your doctor before making any medical decisions.",Human Operations Pty Ltd,"100,000+",Chronic disease management,us, encrypted data,,TRUE
health.human.app,Human Health Tracker,4.53,Medical,0,TRUE,"💗 Human Health: Symptom Tracker, Medication Reminder & Digital Health Record

The ultimate app to track symptoms, medications & treatments, turning your daily experience into actionable data.

With Human Health, you can create a secure digital health record to monitor how your symptoms or overall health are changing over time. Designed with input from patients, parents & medical experts from top US hospitals & universities, Human Health helps manage symptoms & treatments for chronic conditions, mental health, neurological disorders, pain, autoimmune diseases & more.

Key Features:
🤒 SYMPTOM TRACKER & HEALTH JOURNAL
- Track over 1700+ symptoms daily, including chronic symptoms, mental health symptoms, neurological symptoms, pain symptoms, autoimmune symptoms, and gastrointestinal symptoms.
- Get personalized insights into how symptoms change over time.
- Add photos and notes to symptoms for more in-depth information.
- Create a mood journal to monitor mental health symptoms like stress, anxiety, depression, and emotional well-being.

💊 MEDICATION REMINDER, TREATMENTS LOG & PILL TRACKER
- Log medications, treatments, and supplements with custom reminders.
- Track 100,000+ treatments, including therapies, assistive devices, and lifestyle changes.
- Create a flexible medication & treatment plan: choose medication frequency that works for you.
- Track medication & treatment adherence & compare it to your symptom data

🧠 MENTAL HEALTH TRACKER & MOOD JOURNAL
- Log mental health symptoms like anxiety, depression, & mood swings.
- Track mental health patterns & understand mood fluctuations.
- See how medications & lifestyle changes impact mental health.
- Journal to better manage your mental health.

👩‍⚕️ DOCTOR READY HEALTH REPORTS
- Generate a free 3-month health summary (symptom & medications) for doctor visits.
- Customizable reports for greater flexibility to highlight relevant symptoms & medication changes e.g. only include mental health symptoms and mental health medications for therapists. 
- Store & access lab results, scans, & medical records for easy access.

🤝 FAMILY SYMPTOM & MEDICATION TRACKING
- Create multiple profiles for your family in Human Health.
- Use Human Health as your own symptom tracker & medication reminder
- Use Human Health as a symptom tracker & medication reminder for your family. 

🔒 YOUR PRIVACY, OUR PRIORITY
-Encrypted and protected data, with control over who views your information.
-Your personal data will never be sold, and you can delete it anytime.
-Always accessible data—download, export, or delete files when needed.

For more information, visit: https://humanhealth.zendesk.com/hc/en-us
Privacy Policy: https://humanhealth.zendesk.com/hc/en-us/articles/17643897206681-Our-Privacy-Policy
For support, email: support@human.health

Insights provided by Human Health do not constitute medical advice. Always consult your doctor before making any medical decisions.",Human Operations Pty Ltd,"100,000+",Chronic disease management,us, data export,,TRUE
health.human.app,Human Health Tracker,4.53,Medical,0,TRUE,"💗 Human Health: Symptom Tracker, Medication Reminder & Digital Health Record

The ultimate app to track symptoms, medications & treatments, turning your daily experience into actionable data.

With Human Health, you can create a secure digital health record to monitor how your symptoms or overall health are changing over time. Designed with input from patients, parents & medical experts from top US hospitals & universities, Human Health helps manage symptoms & treatments for chronic conditions, mental health, neurological disorders, pain, autoimmune diseases & more.

Key Features:
🤒 SYMPTOM TRACKER & HEALTH JOURNAL
- Track over 1700+ symptoms daily, including chronic symptoms, mental health symptoms, neurological symptoms, pain symptoms, autoimmune symptoms, and gastrointestinal symptoms.
- Get personalized insights into how symptoms change over time.
- Add photos and notes to symptoms for more in-depth information.
- Create a mood journal to monitor mental health symptoms like stress, anxiety, depression, and emotional well-being.

💊 MEDICATION REMINDER, TREATMENTS LOG & PILL TRACKER
- Log medications, treatments, and supplements with custom reminders.
- Track 100,000+ treatments, including therapies, assistive devices, and lifestyle changes.
- Create a flexible medication & treatment plan: choose medication frequency that works for you.
- Track medication & treatment adherence & compare it to your symptom data

🧠 MENTAL HEALTH TRACKER & MOOD JOURNAL
- Log mental health symptoms like anxiety, depression, & mood swings.
- Track mental health patterns & understand mood fluctuations.
- See how medications & lifestyle changes impact mental health.
- Journal to better manage your mental health.

👩‍⚕️ DOCTOR READY HEALTH REPORTS
- Generate a free 3-month health summary (symptom & medications) for doctor visits.
- Customizable reports for greater flexibility to highlight relevant symptoms & medication changes e.g. only include mental health symptoms and mental health medications for therapists. 
- Store & access lab results, scans, & medical records for easy access.

🤝 FAMILY SYMPTOM & MEDICATION TRACKING
- Create multiple profiles for your family in Human Health.
- Use Human Health as your own symptom tracker & medication reminder
- Use Human Health as a symptom tracker & medication reminder for your family. 

🔒 YOUR PRIVACY, OUR PRIORITY
-Encrypted and protected data, with control over who views your information.
-Your personal data will never be sold, and you can delete it anytime.
-Always accessible data—download, export, or delete files when needed.

For more information, visit: https://humanhealth.zendesk.com/hc/en-us
Privacy Policy: https://humanhealth.zendesk.com/hc/en-us/articles/17643897206681-Our-Privacy-Policy
For support, email: support@human.health

Insights provided by Human Health do not constitute medical advice. Always consult your doctor before making any medical decisions.",Human Operations Pty Ltd,"100,000+",Chronic disease management,us, data deletion,,TRUE
com.ecommunity.community,Community Health Network,3.51,Medical,0,TRUE,"With Community Health Network app you can check your medical record, schedule an appointment, pay your bill, or complete a virtual doctor visit on any mobile device. The app even provides directions, visitor information, and makes it easy to find a physician.

The Community Health Network app provides information on 9 hospitals, 12 Walgreens clinics, MedCheck urgent care locations and multiple physician offices and other health-related services.",Community Health Network,"10,000+",Healthcare community,us,check medical record,,TRUE
com.ecommunity.community,Community Health Network,3.51,Medical,0,TRUE,"With Community Health Network app you can check your medical record, schedule an appointment, pay your bill, or complete a virtual doctor visit on any mobile device. The app even provides directions, visitor information, and makes it easy to find a physician.

The Community Health Network app provides information on 9 hospitals, 12 Walgreens clinics, MedCheck urgent care locations and multiple physician offices and other health-related services.",Community Health Network,"10,000+",Healthcare community,us, schedule appointment,,TRUE
com.ecommunity.community,Community Health Network,3.51,Medical,0,TRUE,"With Community Health Network app you can check your medical record, schedule an appointment, pay your bill, or complete a virtual doctor visit on any mobile device. The app even provides directions, visitor information, and makes it easy to find a physician.

The Community Health Network app provides information on 9 hospitals, 12 Walgreens clinics, MedCheck urgent care locations and multiple physician offices and other health-related services.",Community Health Network,"10,000+",Healthcare community,us, pay bill,,TRUE
com.ecommunity.community,Community Health Network,3.51,Medical,0,TRUE,"With Community Health Network app you can check your medical record, schedule an appointment, pay your bill, or complete a virtual doctor visit on any mobile device. The app even provides directions, visitor information, and makes it easy to find a physician.

The Community Health Network app provides information on 9 hospitals, 12 Walgreens clinics, MedCheck urgent care locations and multiple physician offices and other health-related services.",Community Health Network,"10,000+",Healthcare community,us, virtual doctor visit,,TRUE
com.ecommunity.community,Community Health Network,3.51,Medical,0,TRUE,"With Community Health Network app you can check your medical record, schedule an appointment, pay your bill, or complete a virtual doctor visit on any mobile device. The app even provides directions, visitor information, and makes it easy to find a physician.

The Community Health Network app provides information on 9 hospitals, 12 Walgreens clinics, MedCheck urgent care locations and multiple physician offices and other health-related services.",Community Health Network,"10,000+",Healthcare community,us, get directions,,TRUE
com.ecommunity.community,Community Health Network,3.51,Medical,0,TRUE,"With Community Health Network app you can check your medical record, schedule an appointment, pay your bill, or complete a virtual doctor visit on any mobile device. The app even provides directions, visitor information, and makes it easy to find a physician.

The Community Health Network app provides information on 9 hospitals, 12 Walgreens clinics, MedCheck urgent care locations and multiple physician offices and other health-related services.",Community Health Network,"10,000+",Healthcare community,us, find physician,,TRUE
com.ecommunity.community,Community Health Network,3.51,Medical,0,TRUE,"With Community Health Network app you can check your medical record, schedule an appointment, pay your bill, or complete a virtual doctor visit on any mobile device. The app even provides directions, visitor information, and makes it easy to find a physician.

The Community Health Network app provides information on 9 hospitals, 12 Walgreens clinics, MedCheck urgent care locations and multiple physician offices and other health-related services.",Community Health Network,"10,000+",Healthcare community,us, access hospital information,,TRUE
com.ecommunity.community,Community Health Network,3.51,Medical,0,TRUE,"With Community Health Network app you can check your medical record, schedule an appointment, pay your bill, or complete a virtual doctor visit on any mobile device. The app even provides directions, visitor information, and makes it easy to find a physician.

The Community Health Network app provides information on 9 hospitals, 12 Walgreens clinics, MedCheck urgent care locations and multiple physician offices and other health-related services.",Community Health Network,"10,000+",Healthcare community,us, visit Walgreens clinics,,TRUE
com.ecommunity.community,Community Health Network,3.51,Medical,0,TRUE,"With Community Health Network app you can check your medical record, schedule an appointment, pay your bill, or complete a virtual doctor visit on any mobile device. The app even provides directions, visitor information, and makes it easy to find a physician.

The Community Health Network app provides information on 9 hospitals, 12 Walgreens clinics, MedCheck urgent care locations and multiple physician offices and other health-related services.",Community Health Network,"10,000+",Healthcare community,us, access MedCheck urgent care,,TRUE
com.ecommunity.community,Community Health Network,3.51,Medical,0,TRUE,"With Community Health Network app you can check your medical record, schedule an appointment, pay your bill, or complete a virtual doctor visit on any mobile device. The app even provides directions, visitor information, and makes it easy to find a physician.

The Community Health Network app provides information on 9 hospitals, 12 Walgreens clinics, MedCheck urgent care locations and multiple physician offices and other health-related services.",Community Health Network,"10,000+",Healthcare community,us, find healthrelated services,,TRUE
